"Time_Iter","Outer_Iter","Inner_Iter",    "rms[Rho]"    ,    "rms[RhoU]"   ,    "rms[RhoV]"   ,    "rms[RhoE]"   ,     "rms[nu]"    ,    "RefForce"    ,       "CD"       ,       "CL"       ,       "CSF"      ,       "CMx"      ,       "CMy"      ,       "CMz"      ,       "CFx"      ,       "CFy"      ,       "CFz"      ,      "CEff"      ,       "AoA"      ,     "Buffet"     
          0,           0,          29,      -3.233064566,      -0.906795134,     -0.8187595325,       2.243761411,      -6.796901204,       14627.65104,      0.2169483641,      0.1991027409,                 0,                 0,                 0,     0.06941300686,      0.2087469948,      0.2076853059,                 0,      0.9177425314,              2.31,    0.001868781123
          1,           0,          29,      -3.469953035,     -0.9921625493,     -0.9610575507,       2.034272465,      -6.990055515,       14627.65104,      0.1289152951,      0.2008316809,                 0,                 0,                 0,     0.07429780187,      0.1207157766,      0.2058645638,                 0,       1.557857667,              2.31,   0.0008333451483
          2,           0,          29,      -3.605302188,     -0.9856096689,     -0.9715183245,       1.941327842,      -7.025448658,       14627.65104,      0.1121388132,       0.212576523,                 0,                 0,                 0,     0.07894121539,      0.1034795379,      0.2169236658,                 0,       1.895655188,              2.31,   0.0008333451483
          3,           0,          29,      -3.635512369,      -1.007743106,     -0.9558054952,       1.898694597,      -6.969297706,       14627.65104,      0.1055416219,      0.2291978145,                 0,                 0,                 0,     0.08627175176,     0.09621776687,      0.2332655429,                 0,       2.171634379,              2.31,    0.001879272852
          4,           0,          29,      -3.628854323,      -1.074668158,     -0.9654632416,       1.873317099,      -6.906568867,       14627.65104,     0.09402905847,       0.235854509,                 0,                 0,                 0,     0.09464153336,     0.08444625287,      0.2394528004,                 0,       2.508315119,              2.31,    0.001879272852
          5,           0,          29,      -3.607519842,      -1.140015168,     -0.9931667565,       1.862618445,      -6.839412977,       14627.65104,     0.07948947267,      0.2388962066,                 0,                 0,                 0,      0.1013194803,     0.06979588307,      0.2419059911,                 0,       3.005381701,              2.31,    0.001879272852
          6,           0,          29,      -3.581505911,      -1.181560616,      -1.036458493,       1.867136624,      -6.772410518,       14627.65104,      0.0717905731,      0.2485578225,                 0,                 0,                 0,      0.1071485457,     0.06171381694,      0.2512494424,                 0,       3.462262686,              2.31,    0.001879272852
          7,           0,          29,      -3.554419006,      -1.209234171,      -1.088891063,       1.880133233,      -6.707460125,       14627.65104,     0.07093627729,      0.2627890612,                 0,                 0,                 0,      0.1126686612,     0.06028660842,       0.265434683,                 0,       3.704579254,              2.31,    0.001879272852
          8,           0,          29,      -3.529370791,      -1.225647155,      -1.136665615,       1.897720097,      -6.637285176,       14627.65104,     0.07236318019,      0.2777933626,                 0,                 0,                 0,      0.1170142009,     0.06110758565,      0.2804843046,                 0,         3.8388772,              2.31,    0.001879272852
          9,           0,          29,      -3.510988683,      -1.236214168,      -1.163688936,       1.912302375,      -6.551169489,       14627.65104,      0.0736367713,      0.2919689567,                 0,                 0,                 0,      0.1200566398,      0.0618087777,      0.2946997128,                 0,       3.964988572,              2.31,    0.001879272852
         10,           0,          29,      -3.501666064,       -1.23931901,      -1.169726579,       1.920431695,      -6.448985093,       14627.65104,     0.07432795288,      0.3039214748,                 0,                 0,                 0,      0.1218163759,     0.06201763722,      0.3066703769,                 0,       4.088925673,              2.31,    0.001879272852
         11,           0,          29,      -3.502035986,      -1.245239783,      -1.160729155,       1.919811348,      -6.333800871,       14627.65104,     0.07382299264,      0.3118892915,                 0,                 0,                 0,      0.1225733972,     0.06119193502,      0.3146113658,                 0,       4.224825903,              2.31,    0.001879272852
         12,           0,          29,      -3.508860269,      -1.244685143,      -1.143591621,        1.91429069,      -6.202566854,       14627.65104,     0.07105730753,      0.3168184364,                 0,                 0,                 0,      0.1231890894,     0.05822982236,      0.3194250309,                 0,       4.458632721,              2.31,    0.001879272852
         13,           0,          29,      -3.521341962,      -1.245106154,      -1.125240166,       1.903316615,      -6.068807518,       14627.65104,     0.06613989186,      0.3220033963,                 0,                 0,                 0,      0.1237011782,     0.05310741675,      0.3244075751,                 0,       4.868520151,              2.31,    0.001879272852
         14,           0,          29,      -3.536047686,      -1.246866063,      -1.109666716,       1.890430408,      -5.961282188,       14627.65104,     0.06085526354,      0.3289663621,                 0,                 0,                 0,      0.1232375006,     0.04754643227,      0.3311518795,                 0,       5.405717484,              2.31,    0.001879272852
         15,           0,          29,      -3.552316749,      -1.249305065,      -1.096942555,       1.876857869,      -5.892978578,       14627.65104,     0.05676014846,      0.3366875809,                 0,                 0,                 0,       0.121866311,     0.04314343212,      0.3387017653,                 0,       5.931760046,              2.31,    0.001879272852
         16,           0,          29,      -3.566293667,      -1.252753397,      -1.089350914,        1.86582232,      -5.865578521,       14627.65104,     0.05372966281,      0.3438549141,                 0,                 0,                 0,      0.1205202704,     0.03982652126,      0.3457411269,                 0,       6.399722166,              2.31,    0.001879272852
         17,           0,          29,       -3.57827747,      -1.257451087,      -1.086965388,       1.856674621,      -5.863839747,       14627.65104,     0.05095276949,      0.3506637869,                 0,                 0,                 0,      0.1197758318,     0.03677744483,      0.3524325406,                 0,       6.882133992,              2.31,    0.001879272852
         18,           0,          29,      -3.588493729,      -1.264376422,      -1.089232671,       1.848987876,       -5.85842521,       14627.65104,     0.04814880429,      0.3584490845,                 0,                 0,                 0,      0.1194909073,     0.03366196255,      0.3600984946,                 0,       7.444610304,              2.31,    0.001879272852
         19,           0,          29,      -3.596721343,      -1.273869824,      -1.095426219,       1.842873222,      -5.830642786,       14627.65104,     0.04580940029,      0.3680752557,                 0,                 0,                 0,      0.1195151394,     0.03093646538,      0.3696225509,                 0,       8.034928495,              2.31,    0.002988437633
         20,           0,          29,      -3.604541001,      -1.285922991,      -1.104749227,       1.836685368,      -5.782540327,       14627.65104,     0.04419200332,      0.3786757465,                 0,                 0,                 0,      0.1200949085,     0.02889311741,      0.3801492364,                 0,       8.568874867,              2.31,    0.002988437633
         21,           0,          29,      -3.611362898,      -1.300096531,      -1.117204329,       1.830731597,      -5.751828041,       14627.65104,     0.04270163869,      0.3884336378,                 0,                 0,                 0,      0.1212986434,     0.02701066053,      0.3898391273,                 0,       9.096457413,              2.31,    0.002988437633
         22,           0,          29,      -3.618692479,      -1.315126603,      -1.130422822,        1.82353118,      -5.717346326,       14627.65104,     0.04068061354,      0.3964496235,                 0,                 0,                 0,      0.1226574264,     0.02466818391,      0.3977671391,                 0,       9.745418985,              2.31,    0.002988437633
         23,           0,          29,      -3.625842425,       -1.32948921,      -1.145656669,       1.816264069,      -5.678470426,       14627.65104,     0.03829543708,      0.4037147174,                 0,                 0,                 0,      0.1236899369,     0.02199211749,      0.4049301919,                 0,       10.54211019,              2.31,    0.002988437633
         24,           0,          29,      -3.633711314,       -1.34504402,      -1.160679357,       1.807240411,      -5.633229082,       14627.65104,     0.03635890195,      0.4113520192,                 0,                 0,                 0,      0.1242673587,     0.01974932555,      0.4124832331,                 0,       11.31365352,              2.31,    0.002988437633
         25,           0,          29,      -3.641454288,      -1.359639703,      -1.176737693,       1.798556815,      -5.585486816,       14627.65104,     0.03527006898,      0.4192028204,                 0,                 0,                 0,      0.1245928411,     0.01834494154,      0.4202837679,                 0,       11.88551178,              2.31,    0.002988437633
         26,           0,          29,      -3.650552878,       -1.37666429,      -1.192473202,       1.786956639,      -5.535425704,       14627.65104,     0.03457469807,      0.4265684596,                 0,                 0,                 0,      0.1248994771,      0.0173532549,      0.4276153938,                 0,        12.3375903,              2.31,    0.002988437633
         27,           0,          29,       -3.65848681,       -1.39452174,      -1.207568372,       1.775941713,       -5.48489503,       14627.65104,     0.03363368495,      0.4331738033,                 0,                 0,                 0,      0.1251026675,     0.01614677027,      0.4341774412,                 0,       12.87916575,              2.31,    0.002988437633
         28,           0,          29,      -3.665400568,      -1.411355496,       -1.22280022,       1.765147354,      -5.436821029,       14627.65104,     0.03239094889,      0.4394828278,                 0,                 0,                 0,      0.1250257233,     0.01465075138,      0.4404312489,                 0,       13.56807512,              2.31,    0.002988437633
         29,           0,          29,      -3.669788776,      -1.426155272,      -1.237225277,       1.756725577,      -5.393081804,       14627.65104,     0.03130986746,      0.4460190753,                 0,                 0,                 0,      0.1247016977,     0.01330709728,      0.4469186106,                 0,       14.24531981,              2.31,    0.002988437633
         30,           0,          29,      -3.670938075,      -1.438200652,      -1.251202538,       1.751476971,      -5.355456598,       14627.65104,     0.03066305221,      0.4521404742,                 0,                 0,                 0,      0.1242874494,      0.0124140774,      0.4530089645,                 0,       14.74544906,              2.31,    0.002988437633
         31,           0,          29,      -3.669486694,      -1.447749918,      -1.263750743,       1.748692694,      -5.323748987,       14627.65104,     0.03027252596,      0.4572800989,                 0,                 0,                 0,      0.1238873576,     0.01181670984,       0.458128672,                 0,       15.10544907,              2.31,    0.002988437633
         32,           0,          29,      -3.664786936,      -1.454457835,       -1.27716267,       1.749511702,      -5.297970982,       14627.65104,     0.02985410375,      0.4615181625,                 0,                 0,                 0,      0.1234712484,     0.01122780749,      0.4623464266,                 0,       15.45911967,              2.31,    0.002988437633
         33,           0,          29,      -3.657787303,      -1.453299441,      -1.288789057,        1.75320872,      -5.273991618,       14627.65104,     0.02932525913,      0.4649913502,                 0,                 0,                 0,      0.1228710946,     0.01055940168,      0.4657954762,                 0,       15.85634242,              2.31,    0.002988437633
         34,           0,          29,      -3.648954877,      -1.454447069,      -1.299896545,       1.758729924,      -5.250061125,       14627.65104,     0.02880198314,      0.4682108014,                 0,                 0,                 0,      0.1220950761,    0.009906787124,      0.4689912199,                 0,        16.2562001,              2.31,    0.002988437633
         35,           0,          29,      -3.638238695,      -1.452660587,       -1.30991819,       1.766601586,      -5.224902085,       14627.65104,     0.02834558262,      0.4709563241,                 0,                 0,                 0,      0.1211611807,     0.00934009594,      0.4717161158,                 0,       16.61480487,              2.31,    0.002988437633
         36,           0,          29,      -3.626279402,      -1.450133815,      -1.319415568,       1.776425167,      -5.201215581,       14627.65104,     0.02779540802,      0.4731230744,                 0,                 0,                 0,      0.1202346819,    0.008703034988,      0.4738589299,                 0,       17.02162724,              2.31,    0.002988437633
         37,           0,          29,      -3.614895062,      -1.445889675,      -1.328832592,       1.785895833,      -5.176201759,       14627.65104,     0.02703033645,      0.4746565326,                 0,                 0,                 0,      0.1193174272,     0.00787677728,      0.4753603048,                 0,       17.56014149,              2.31,    0.002988437633
         38,           0,          29,      -3.605184911,      -1.440801121,      -1.338013995,       1.793886675,       -5.15229966,       14627.65104,     0.02615648623,      0.4760890299,                 0,                 0,                 0,      0.1184616039,    0.006945898679,      0.4767564165,                 0,       18.20156674,              2.31,    0.002988437633
         39,           0,          29,      -3.598501613,      -1.435425509,      -1.347191888,       1.799205834,      -5.129385046,       14627.65104,     0.02536116261,      0.4773237389,                 0,                 0,                 0,      0.1176482009,    0.006101454945,      0.4779580657,                 0,       18.82105116,              2.31,    0.002988437633
         40,           0,          29,      -3.596011224,      -1.431731994,       -1.35634832,       1.801000134,      -5.107087785,       14627.65104,     0.02470882035,      0.4782955994,                 0,                 0,                 0,      0.1169297698,    0.005410470805,      0.4789028429,                 0,       19.35728184,              2.31,    0.002988437633
         41,           0,          29,      -3.598365547,       -1.43036358,        -1.3657808,       1.798720897,      -5.084872424,       14627.65104,     0.02407503669,      0.4788835146,                 0,                 0,                 0,       0.116308228,     0.00475350556,      0.4794647351,                 0,       19.89128909,              2.31,    0.002988437633
         42,           0,          29,      -3.606793322,      -1.431518186,      -1.374206592,       1.790931183,      -5.063302014,       14627.65104,     0.02332792423,       0.479232067,                 0,                 0,                 0,      0.1157292981,    0.003992951405,      0.4797828909,                 0,       20.54327947,              2.31,    0.002988437633
         43,           0,          29,      -3.678864813,      -1.449851629,      -1.372047143,        1.72684122,      -5.042624608,       14627.65104,     0.02247596739,      0.4796514371,                 0,                 0,                 0,      0.1151965795,    0.003124783672,      0.4801675811,                 0,       21.34063593,              2.31,    0.002988437633
         44,           0,          29,          -3.73716,      -1.458672533,      -1.364613338,       1.675195109,      -5.022678822,       14627.65104,     0.02161948451,      0.4801433967,                 0,                 0,                 0,       0.114681712,    0.002249167782,      0.4806246194,                 0,       22.20882725,              2.31,    0.002988437633
         45,           0,          29,      -3.749593412,      -1.455816841,      -1.356705844,       1.664785795,      -5.003097162,       14627.65104,     0.02085361096,      0.4809147349,                 0,                 0,                 0,      0.1142910473,      0.0014528269,      0.4813644613,                 0,       23.06146095,              2.31,    0.002988437633
         46,           0,          29,      -3.758349008,      -1.452426338,      -1.352803704,       1.657284062,      -4.982813469,       14627.65104,      0.0201708511,      0.4817961613,                 0,                 0,                 0,       0.114004659,   0.0007350949246,       0.482217652,                 0,       23.88576263,              2.31,    0.002988437633
         47,           0,          29,      -3.763888795,      -1.449601867,      -1.354138157,       1.652754108,      -4.959050101,       14627.65104,     0.01953717992,      0.4829979297,                 0,                 0,                 0,      0.1138735224,   5.349998514e-05,       0.483392903,                 0,       24.72198811,              2.31,    0.002988437633
         48,           0,          29,      -3.769472172,      -1.447681282,      -1.361030902,       1.648008553,      -4.930438338,       14627.65104,     0.01907838857,      0.4852028113,                 0,                 0,                 0,       0.113836903,  -0.0004937889011,      0.4855775006,                 0,       25.43206464,              2.31,    0.002988437633
         49,           0,          29,      -3.774449438,      -1.447811642,      -1.370183306,       1.643822015,      -4.896673442,       14627.65104,     0.01911362725,      0.4896471096,                 0,                 0,                 0,      0.1137964844,  -0.0006377115644,      0.4900196078,                 0,        25.6176969,              2.31,    0.002988437633
         50,           0,          29,      -3.778796659,      -1.448619634,       -1.37786633,       1.640166662,      -4.858638058,       14627.65104,      0.0198492836,      0.4966460701,                 0,                 0,                 0,      0.1134724548,  -0.0001847544195,      0.4970425323,                 0,       25.02085618,              2.31,    0.002988437633
         51,           0,          29,      -3.783039088,      -1.450442724,      -1.382536792,       1.636875039,      -4.818427665,       14627.65104,     0.02091391335,       0.505130291,                 0,                 0,                 0,      0.1128113413,   0.0005370436167,      0.5055627698,                 0,       24.15283465,              2.31,    0.002988437633
         52,           0,          29,      -3.788146571,      -1.452142244,      -1.384248486,       1.633023491,      -4.778221416,       14627.65104,     0.02156960393,      0.5126934216,                 0,                 0,                 0,      0.1119863148,   0.0008873604351,      0.5131461828,                 0,       23.76925525,              2.31,    0.002988437633
         53,           0,          29,       -3.79352124,      -1.452775784,      -1.383251282,       1.628834309,      -4.739582136,       14627.65104,     0.02158304463,      0.5179349537,                 0,                 0,                 0,      0.1110902062,   0.0006895240497,      0.5183839972,                 0,       23.99730727,              2.31,    0.002988437633
         54,           0,          29,      -3.797725864,      -1.453206589,      -1.380461626,       1.625312599,       -4.70333866,       14627.65104,     0.02139719861,      0.5213222508,                 0,                 0,                 0,      0.1099948852,   0.0003673000346,       0.521761051,                 0,       24.36404224,              2.31,    0.002988437633
         55,           0,          29,      -3.800628799,      -1.453148145,      -1.378208624,       1.622282731,      -4.669867843,       14627.65104,     0.02150804975,      0.5240917963,                 0,                 0,                 0,      0.1085687753,   0.0003664312828,      0.5245328139,                 0,       24.36723935,              2.31,    0.002988437633
         56,           0,          29,       -3.80213299,      -1.452690032,      -1.377316905,         1.6200153,      -4.639325018,       14627.65104,     0.02212237119,      0.5277404196,                 0,                 0,                 0,      0.1068490516,   0.0008331914257,      0.5282032332,                 0,       23.85550876,              2.31,    0.002988437633
         57,           0,          29,      -3.802121142,      -1.453333103,      -1.377236224,       1.619036437,      -4.611726468,       14627.65104,     0.02319074428,       0.533203057,                 0,                 0,                 0,      0.1049258457,    0.001680518256,      0.5337044936,                 0,       22.99206316,              2.31,    0.002988437633
         58,           0,          29,      -3.800740313,      -1.455414718,      -1.378159716,       1.618974166,      -4.586984158,       14627.65104,     0.02419942472,      0.5391261623,                 0,                 0,                 0,      0.1030083743,    0.002449641251,      0.5396634416,                 0,       22.27847019,              2.31,    0.002988437633
         59,           0,          29,      -3.797911584,      -1.458309553,      -1.379479413,       1.620187239,      -4.565153442,       14627.65104,     0.02463137417,      0.5434453798,                 0,                 0,                 0,      0.1013754998,    0.002707148509,      0.5439965595,                 0,       22.06313688,              2.31,    0.002988437633
         60,           0,          29,      -3.795501795,      -1.461745763,      -1.381093252,       1.622467414,      -4.546200825,       14627.65104,     0.02475796799,       0.546548362,                 0,                 0,                 0,       0.099916007,     0.00270857008,      0.5471021227,                 0,       22.07565509,              2.31,    0.002988437633
         61,           0,          29,      -3.818501759,      -1.468572807,      -1.384123901,       1.604594577,      -4.530054052,       14627.65104,     0.02492224243,      0.5495622218,                 0,                 0,                 0,       0.098480918,    0.002751233847,      0.5501201546,                 0,       22.05107439,              2.31,    0.002988437633
         62,           0,          29,      -3.839593801,      -1.474425983,      -1.383934658,       1.587563178,      -4.516452722,       14627.65104,      0.0248235869,      0.5510918186,                 0,                 0,                 0,     0.09730896424,    0.002591006267,       0.551644532,                 0,       22.20032991,              2.31,    0.002988437633
         63,           0,          29,      -3.841975517,      -1.479303172,      -1.381664032,       1.585321494,      -4.505080272,       14627.65104,     0.02414815584,      0.5514158919,                 0,                 0,                 0,     0.09659520635,    0.001903061924,      0.5519411179,                 0,       22.83469991,              2.31,    0.002988437633
         64,           0,          29,      -3.845366523,      -1.484410022,       -1.37980239,       1.582637925,      -4.495757404,       14627.65104,     0.02315120662,      0.5514528174,                 0,                 0,                 0,     0.09624174782,   0.0009054345275,      0.5519378302,                 0,       23.81961452,              2.31,    0.002988437633
         65,           0,          29,      -3.863821936,      -1.489671841,      -1.378932222,       1.569629285,       -4.48848421,       14627.65104,     0.02211014152,      0.5515850725,                 0,                 0,                 0,     0.09614907134,    -0.00014011528,      0.5520280165,                 0,       24.94715251,              2.31,    0.002988437633
         66,           0,          29,       -3.88286431,      -1.496247456,      -1.375985391,       1.553741999,          -4.48331,       14627.65104,     0.02090459098,      0.5509131395,                 0,                 0,                 0,     0.09638992946,   -0.001317603109,      0.5513080383,                 0,       26.35369141,              2.31,    0.002988437633
         67,           0,          29,      -3.885590617,      -1.503063845,      -1.372340494,        1.55099796,      -4.479904751,       14627.65104,     0.01965652061,      0.5500014723,                 0,                 0,                 0,       0.096871464,   -0.002527913431,       0.550346807,                 0,       27.98061178,              2.31,    0.004223698344
         68,           0,          29,      -3.887186093,      -1.509050543,      -1.370192597,       1.549193971,      -4.477617213,       14627.65104,     0.01850275281,      0.5493926145,                 0,                 0,                 0,     0.09740429532,   -0.003656202916,        0.54969194,                 0,       29.69247982,              2.31,    0.004223698344
         69,           0,          29,      -3.890189452,      -1.514288319,      -1.370228991,        1.54679928,      -4.475672083,       14627.65104,     0.01752797168,      0.5495127145,                 0,                 0,                 0,     0.09782133899,   -0.004635032692,      0.5497726527,                 0,       31.35061629,              2.31,    0.004223698344
         70,           0,          29,      -3.894234176,      -1.520279474,      -1.372299199,        1.54388843,      -4.473606919,       14627.65104,     0.01683007508,      0.5507692917,                 0,                 0,                 0,     0.09798934598,   -0.005383009991,      0.5510000792,                 0,       32.72530211,              2.31,    0.004223698344
         71,           0,          29,      -3.898560161,       -1.52764501,      -1.374558383,        1.54062261,      -4.471569066,       14627.65104,     0.01654980876,      0.5535066359,                 0,                 0,                 0,     0.09778781124,   -0.005773380462,      0.5537239026,                 0,       33.44489618,              2.31,    0.004223698344
         72,           0,          29,      -3.900873464,      -1.534445875,      -1.376284647,       1.538868076,       -4.46960243,       14627.65104,     0.01690129705,      0.5582563739,                 0,                 0,                 0,     0.09704940048,   -0.005613621617,      0.5584839479,                 0,        33.0303865,              2.31,    0.004223698344
         73,           0,          29,      -3.901788084,      -1.539513725,      -1.378405528,       1.537872184,      -4.466887007,       14627.65104,     0.01806103005,       0.565343531,                 0,                 0,                 0,     0.09558608603,   -0.004740487307,      0.5656120902,                 0,       31.30184322,              2.31,    0.004223698344
         74,           0,          29,      -3.903141085,      -1.544003278,      -1.380348134,       1.535804174,      -4.462174567,       14627.65104,     0.01953742346,      0.5726128953,                 0,                 0,                 0,     0.09359540279,   -0.003558293982,       0.572935055,                 0,       29.30851637,              2.31,    0.004223698344
         75,           0,          29,       -3.90450577,      -1.548888387,      -1.381636137,       1.533777524,       -4.45527548,       14627.65104,     0.02024296596,      0.5766613499,                 0,                 0,                 0,     0.09167074882,   -0.003016502583,      0.5770086575,                 0,       28.48699894,              2.31,    0.004223698344
         76,           0,          29,      -3.904975089,      -1.554042381,      -1.382901911,       1.532983087,      -4.446813212,       14627.65104,     0.01998930775,      0.5776688111,                 0,                 0,                 0,     0.09008464283,    -0.00331056158,      0.5780050761,                 0,       28.89889026,              2.31,    0.004223698344
         77,           0,          29,      -3.904869179,      -1.557948801,      -1.384460981,        1.53277187,      -4.437092183,       14627.65104,     0.01931241916,      0.5769964768,                 0,                 0,                 0,     0.08895647224,   -0.003959800881,      0.5773060053,                 0,       29.87696528,              2.31,    0.004223698344
         78,           0,          29,      -3.904696721,      -1.560700876,      -1.385889705,       1.532519891,      -4.426267888,       14627.65104,     0.01860772328,      0.5753121158,                 0,                 0,                 0,     0.08843714802,   -0.004596033942,      0.5755946094,                 0,       30.91792086,              2.31,    0.004223698344
         79,           0,          29,      -3.904414691,      -1.562489901,      -1.387377929,       1.532342235,      -4.414130271,       14627.65104,     0.01808114953,      0.5733650745,                 0,                 0,                 0,     0.08847909714,    -0.00504370198,      0.5736279262,                 0,       31.71065387,              2.31,    0.004223698344
         80,           0,          29,      -3.903890169,      -1.563020731,       -1.38912297,       1.532441074,      -4.401119375,       14627.65104,     0.01780630933,      0.5719032386,                 0,                 0,                 0,     0.08885167445,   -0.005259397813,      0.5721562004,                 0,       32.11801098,              2.31,    0.004223698344
         81,           0,          29,      -3.903164021,       -1.56256971,      -1.391173291,       1.532745085,      -4.388931357,       14627.65104,     0.01770973686,      0.5713329033,                 0,                 0,                 0,     0.08935513838,   -0.005332903764,      0.5715824361,                 0,       32.26094818,              2.31,    0.004223698344
         82,           0,          29,      -3.902412669,      -1.561547156,       -1.39361508,       1.532956418,      -4.379113522,       14627.65104,     0.01765369421,      0.5716755187,                 0,                 0,                 0,     0.08996545917,   -0.005402710397,      0.5719225143,                 0,       32.38276997,              2.31,    0.004223698344
         83,           0,          29,      -3.901781217,      -1.560025313,      -1.396336537,       1.532965996,      -4.371893686,       14627.65104,     0.01752294797,        0.57268647,                 0,                 0,                 0,     0.09077333423,   -0.005574097971,      0.5729273741,                 0,        32.6820847,              2.31,    0.004223698344
         84,           0,          29,      -3.901358919,      -1.558764469,      -1.399130715,       1.532673434,      -4.365865896,       14627.65104,     0.01725677293,      0.5740236162,                 0,                 0,                 0,     0.09179756174,   -0.005893951981,      0.5742527052,                 0,       33.26367094,              2.31,    0.004223698344
         85,           0,          29,      -3.901819128,      -1.557434741,      -1.401173939,        1.53187059,      -4.360541967,       14627.65104,     0.01688631619,      0.5754980602,                 0,                 0,                 0,      0.0928976713,   -0.006323536883,      0.5757110194,                 0,       34.08073458,              2.31,    0.004223698344
         86,           0,          29,      -3.902676759,      -1.555418527,      -1.402317772,       1.531218153,      -4.355852837,       14627.65104,     0.01659926338,      0.5772252424,                 0,                 0,                 0,      0.0938266142,   -0.006679972554,       0.577425228,                 0,       34.77414805,              2.31,    0.004223698344
         87,           0,          29,      -3.902336836,      -1.552111539,      -1.403950685,       1.531818553,      -4.352041591,       14627.65104,     0.01674325464,      0.5797668585,                 0,                 0,                 0,     0.09433049134,   -0.006638541152,      0.5799705825,                 0,        34.6268913,              2.31,    0.004223698344
         88,           0,          29,      -3.901815133,      -1.548443708,       -1.40662697,       1.532325267,      -4.349387861,       14627.65104,     0.01762359393,       0.583694636,                 0,                 0,                 0,     0.09425315076,   -0.005917230968,      0.5839306513,                 0,       33.12006837,              2.31,    0.004223698344
         89,           0,          29,      -3.901797607,      -1.545562936,      -1.409552699,         1.5320176,      -4.347545376,       14627.65104,      0.0189641856,      0.5881568991,                 0,                 0,                 0,     0.09376808927,   -0.004757585497,      0.5884433224,                 0,       31.01408684,              2.31,    0.004223698344
         90,           0,          29,       -3.90217941,      -1.543626512,      -1.412018201,        1.53128362,      -4.346336016,       14627.65104,     0.01997172222,      0.5915444411,                 0,                 0,                 0,     0.09327058053,   -0.003887406525,      0.5918687216,                 0,       29.61910018,              2.31,    0.004223698344
         91,           0,          29,      -3.902712662,      -1.541977588,      -1.413901861,       1.530582826,      -4.345424766,       14627.65104,     0.02029014804,      0.5938060531,                 0,                 0,                 0,     0.09293093491,   -0.003660396416,      0.5941413303,                 0,       29.26573291,              2.31,    0.004223698344
         92,           0,          29,      -3.903397247,      -1.540176082,      -1.415623882,       1.529882713,      -4.344466163,       14627.65104,     0.02013806623,      0.5954561286,                 0,                 0,                 0,     0.09272300814,   -0.003878862885,       0.595783935,                 0,       29.56868459,              2.31,    0.004223698344
         93,           0,          29,      -3.904111567,      -1.538540256,      -1.417653671,       1.529251916,      -4.342972529,       14627.65104,     0.01982052327,      0.5964035785,                 0,                 0,                 0,     0.09262886232,    -0.00423433589,       0.596717816,                 0,       30.09020349,              2.31,    0.004223698344
         94,           0,          29,      -3.904725359,      -1.537210702,      -1.420196907,       1.528761451,       -4.34058442,       14627.65104,     0.01949454358,      0.5964477513,                 0,                 0,                 0,     0.09264130741,   -0.004561831113,      0.5967488139,                 0,       30.59562532,              2.31,    0.004223698344
         95,           0,          29,      -3.905343816,      -1.536111837,      -1.423000401,       1.528228891,       -4.33688347,       14627.65104,     0.01916317714,      0.5957859986,                 0,                 0,                 0,     0.09273238535,   -0.004866255557,      0.5960742429,                 0,       31.09014723,              2.31,    0.004223698344
         96,           0,          29,      -3.906140821,      -1.535405067,      -1.425765323,       1.527447804,      -4.331292535,       14627.65104,      0.0187884728,       0.594951598,                 0,                 0,                 0,      0.0928847111,     -0.0052070239,      0.5952254174,                 0,       31.66577744,              2.31,    0.004223698344
         97,           0,          29,      -3.907253821,      -1.535328711,      -1.428308514,       1.526316802,      -4.323736581,       14627.65104,     0.01842105383,      0.5944930919,                 0,                 0,                 0,     0.09311937564,    -0.00555566366,      0.5947524747,                 0,       32.27248003,              2.31,    0.004223698344
         98,           0,          29,      -3.908808933,      -1.535889817,      -1.430350992,       1.524828983,      -4.315333979,       14627.65104,     0.01819851328,      0.5947661697,                 0,                 0,                 0,     0.09346118121,   -0.005789030096,      0.5950163608,                 0,       32.68212961,              2.31,    0.005469128811
         99,           0,          29,      -3.910548321,       -1.53679236,      -1.431923483,       1.523305741,      -4.308057853,       14627.65104,     0.01820782432,      0.5958927771,                 0,                 0,                 0,      0.0938567866,   -0.005825135867,       0.596142428,                 0,       32.72729167,              2.31,    0.005469128811
        100,           0,          29,      -3.912084966,      -1.537677864,      -1.433647408,       1.521985879,      -4.302925693,       14627.65104,     0.01846268105,      0.5980261096,                 0,                 0,                 0,     0.09413401877,   -0.005656472733,      0.5982842992,                 0,       32.39107625,              2.31,    0.005469128811
        101,           0,          29,       -3.91365047,      -1.538545784,      -1.435738942,       1.520471139,      -4.299865483,       14627.65104,     0.01893728006,      0.6011549755,                 0,                 0,                 0,     0.09412755822,   -0.005308372034,      0.6014297518,                 0,        31.7445258,              2.31,    0.005469128811
        102,           0,          29,      -3.915451173,      -1.539566736,      -1.437721798,       1.518615895,      -4.297907839,       14627.65104,     0.01948205783,      0.6044654712,                 0,                 0,                 0,     0.09388170346,   -0.004897470415,      0.6047595152,                 0,       31.02677738,              2.31,    0.005469128811
        103,           0,          29,      -3.917299934,      -1.540633225,      -1.439292069,       1.516798546,      -4.296249306,       14627.65104,     0.01990368574,      0.6070747764,                 0,                 0,                 0,      0.0935722844,   -0.004581356265,      0.6073836942,                 0,       30.50062105,              2.31,    0.005469128811
        104,           0,          29,      -3.919047789,      -1.541411935,      -1.440583287,       1.515208064,      -4.294732414,       14627.65104,     0.02008456959,      0.6087831805,                 0,                 0,                 0,     0.09332871468,   -0.004469478659,      0.6090980008,                 0,       30.31098963,              2.31,    0.005469128811
        105,           0,          29,      -3.920698201,      -1.541866558,      -1.441757449,       1.513771987,      -4.293362042,       14627.65104,     0.01993254814,      0.6096012439,                 0,                 0,                 0,     0.09322136833,   -0.004654349589,       0.609909272,                 0,       30.58320691,              2.31,    0.005469128811
        106,           0,          29,      -3.922292688,      -1.542172488,      -1.442893532,        1.51238775,       -4.29189928,       14627.65104,     0.01948078409,      0.6097003761,                 0,                 0,                 0,     0.09324689842,   -0.005109742164,      0.6099901147,                 0,       31.29752752,              2.31,    0.005469128811
        107,           0,          29,      -3.923847228,      -1.542481799,      -1.444043906,       1.511014004,      -4.289989419,       14627.65104,     0.01895424019,      0.6094623544,                 0,                 0,                 0,     0.09333100915,   -0.005626264436,      0.6097310635,                 0,       32.15440705,              2.31,    0.005469128811
        108,           0,          29,       -3.92538691,      -1.542922067,      -1.445266195,        1.50961231,      -4.287769186,       14627.65104,     0.01855676198,      0.6091867164,                 0,                 0,                 0,     0.09340805875,   -0.006012309725,      0.6094396286,                 0,       32.82828745,              2.31,    0.005469128811
        109,           0,          29,      -3.926950603,       -1.54357512,      -1.446548618,       1.508151237,      -4.285821534,       14627.65104,     0.01830280917,      0.6090488657,                 0,                 0,                 0,     0.09346569933,   -0.006260499933,      0.6092916541,                 0,       33.27625066,              2.31,    0.005469128811
        110,           0,          29,        -3.9285033,      -1.544460514,      -1.447850003,       1.506714607,       -4.28447248,       14627.65104,     0.01813754629,      0.6093641507,                 0,                 0,                 0,     0.09351186851,   -0.006438336448,      0.6096000218,                 0,       33.59683503,              2.31,    0.005469128811
        111,           0,          29,      -3.929918013,      -1.545506352,      -1.449348195,       1.505422352,      -4.283426778,       14627.65104,     0.01808710415,      0.6105285477,                 0,                 0,                 0,      0.0935439432,   -0.006535669997,      0.6107614395,                 0,       33.75490861,              2.31,    0.005469128811
        112,           0,          29,      -3.931220655,      -1.546679726,      -1.451273093,       1.504157015,      -4.282050501,       14627.65104,     0.01820653619,      0.6126157822,                 0,                 0,                 0,     0.09355340405,   -0.006500463473,      0.6128517917,                 0,       33.64812372,              2.31,    0.005469128811
        113,           0,          29,       -3.93254502,       -1.54805654,      -1.453543716,       1.502768153,      -4.279966694,       14627.65104,     0.01842750134,      0.6151028191,                 0,                 0,                 0,     0.09355411228,   -0.006379920854,      0.6153457138,                 0,       33.37961061,              2.31,    0.005469128811
        114,           0,          29,      -3.933868718,      -1.549599405,       -1.45599078,       1.501352103,      -4.277381853,       14627.65104,     0.01859685358,      0.6173342744,                 0,                 0,                 0,     0.09355994188,   -0.006300647682,      0.6175821817,                 0,       33.19563021,              2.31,    0.005469128811
        115,           0,          29,      -3.935102973,      -1.551189521,      -1.458625266,       1.500032688,      -4.274774771,       14627.65104,     0.01864736937,      0.6190953886,                 0,                 0,                 0,     0.09354593158,   -0.006321156728,      0.6193439008,                 0,       33.20014615,              2.31,    0.005469128811
        116,           0,          29,      -3.936216425,      -1.552801878,      -1.461513354,       1.498822485,      -4.272648238,       14627.65104,     0.01860058847,      0.6203995001,                 0,                 0,                 0,     0.09349245013,   -0.006420463378,       0.620645067,                 0,       33.35375658,              2.31,    0.005469128811
        117,           0,          29,      -3.937268936,      -1.554446854,      -1.464583497,       1.497651041,      -4.271114446,       14627.65104,     0.01847495887,      0.6212328753,                 0,                 0,                 0,     0.09342236956,   -0.006579581063,      0.6214727014,                 0,       33.62567028,              2.31,    0.005469128811
        118,           0,          29,      -3.938348042,      -1.556120384,      -1.467665167,       1.496434927,      -4.270060471,       14627.65104,     0.01827123807,      0.6216564258,                 0,                 0,                 0,     0.09336663122,   -0.006800208023,      0.6218876965,                 0,       34.02377133,              2.31,    0.005469128811
        119,           0,          29,      -3.939531305,      -1.557798883,      -1.470621714,        1.49509892,       -4.26940866,       14627.65104,     0.01801514001,      0.6218876234,                 0,                 0,                 0,     0.09332487405,   -0.007065416653,      0.6221083839,                 0,       34.52027699,              2.31,    0.005469128811
        120,           0,          29,      -3.940805745,      -1.559417761,      -1.473362447,       1.493671376,      -4.269016371,       14627.65104,      0.0177829485,      0.6222463948,                 0,                 0,                 0,     0.09326865134,   -0.007311880191,       0.622457505,                 0,       34.99118241,              2.31,    0.005469128811
        121,           0,          29,       -3.94203868,      -1.560906784,      -1.475932133,       1.492280921,      -4.268669203,       14627.65104,       0.017669089,      0.6230203625,                 0,                 0,                 0,     0.09317499553,   -0.007456842853,      0.6232262545,                 0,       35.26046887,              2.31,    0.005469128811
        122,           0,          29,      -3.943160999,      -1.562247719,      -1.478463677,       1.490972684,      -4.268184922,       14627.65104,     0.01770302189,      0.6242855774,                 0,                 0,                 0,     0.09305948458,   -0.007473933522,       0.624491809,                 0,       35.26435099,              2.31,    0.005469128811
        123,           0,          29,      -3.944240382,      -1.563477092,      -1.480963946,       1.489715725,      -4.267546953,       14627.65104,     0.01779580477,      0.6258047132,                 0,                 0,                 0,     0.09297302447,   -0.007442456607,        0.62601345,                 0,        35.1658563,              2.31,    0.005469128811
        124,           0,          29,      -3.945364109,      -1.564543648,      -1.483360491,       1.488486555,      -4.266855991,       14627.65104,     0.01782648087,      0.6272763948,                 0,                 0,                 0,     0.09295438618,   -0.007471123307,      0.6274851721,                 0,       35.18789825,              2.31,    0.005469128811
        125,           0,          29,      -3.946583069,       -1.56539334,      -1.485690637,       1.487243753,      -4.266192515,       14627.65104,     0.01777166546,      0.6286027195,                 0,                 0,                 0,      0.0929931049,   -0.007579353255,      0.6288082096,                 0,       35.37106417,              2.31,    0.005469128811
        126,           0,          29,      -3.947870402,      -1.566076349,      -1.488098037,        1.48597169,      -4.265590949,       14627.65104,      0.0176873594,      0.6297494117,                 0,                 0,                 0,     0.09305632143,    -0.00770980959,      0.6299505719,                 0,       35.60449004,              2.31,    0.005469128811
        127,           0,          29,      -3.949174835,      -1.566670757,      -1.490658018,        1.48467286,      -4.265088785,       14627.65104,     0.01761402248,      0.6306502945,                 0,                 0,                 0,     0.09311384638,   -0.007819398072,      0.6308477667,                 0,       35.80387702,              2.31,    0.005469128811
        128,           0,          29,      -3.950465057,      -1.567261266,      -1.493321544,       1.483366812,       -4.26474158,       14627.65104,     0.01755065787,      0.6313075712,                 0,                 0,                 0,     0.09312902376,   -0.007909203505,      0.6315019553,                 0,       35.97059301,              2.31,    0.005469128811
        129,           0,          29,      -3.951703957,      -1.567861155,      -1.495998859,        1.48211214,      -4.264565175,       14627.65104,     0.01749153312,      0.6318330552,                 0,                 0,                 0,     0.09306783326,   -0.007989460462,      0.6320246292,                 0,       36.12222273,              2.31,    0.005469128811
        130,           0,          29,      -3.952893719,      -1.568382842,      -1.498656354,        1.48093062,      -4.264537454,       14627.65104,     0.01745909946,      0.6324225963,                 0,                 0,                 0,     0.09291817734,   -0.008045629915,      0.6326123839,                 0,       36.22309374,              2.31,    0.005469128811
        131,           0,          29,      -3.954100211,      -1.568737114,      -1.501335724,       1.479748156,      -4.264639007,       14627.65104,     0.01748300811,      0.6332460636,                 0,                 0,                 0,     0.09270202926,   -0.008054931515,      0.6334361457,                 0,       36.22065834,              2.31,    0.005469128811
        132,           0,          29,      -3.955424369,      -1.568972858,       -1.50397227,       1.478456749,       -4.26484658,       14627.65104,     0.01754483267,      0.6342386962,                 0,                 0,                 0,     0.09248213471,   -0.008033166431,      0.6344304636,                 0,       36.14960075,              2.31,    0.005469128811
        133,           0,          29,       -3.95689011,      -1.569160421,      -1.506410082,       1.477070353,      -4.265093519,       14627.65104,     0.01758126187,      0.6351478325,                 0,                 0,                 0,     0.09233424411,   -0.008033410648,      0.6353403294,                 0,        36.1264076,              2.31,    0.005469128811
        134,           0,          29,      -3.958465107,      -1.569290454,      -1.508582373,       1.475619967,      -4.265259413,       14627.65104,     0.01755569303,      0.6358514709,                 0,                 0,                 0,     0.09229830745,    -0.00808731969,      0.6360423655,                 0,       36.21910395,              2.31,    0.005469128811
        135,           0,          29,      -3.960143645,      -1.569356864,      -1.510502973,       1.474085931,      -4.265226608,       14627.65104,     0.01746724958,       0.636345485,                 0,                 0,                 0,     0.09237962743,    -0.00819560309,      0.6365324133,                 0,       36.43077761,              2.31,    0.005469128811
        136,           0,          29,      -3.961922053,      -1.569351973,      -1.512198309,       1.472458001,      -4.264925531,       14627.65104,     0.01734694573,      0.6366668543,                 0,                 0,                 0,     0.09256004589,   -0.008328762353,      0.6368486724,                 0,       36.70195689,              2.31,    0.005469128811
        137,           0,          29,      -3.963782834,      -1.569311526,      -1.513654811,        1.47075838,      -4.264370313,       14627.65104,     0.01726144227,      0.6369627976,                 0,                 0,                 0,     0.09279393774,   -0.008426124673,      0.6371409289,                 0,       36.90090246,              2.31,    0.005469128811
        138,           0,          29,       -3.96569362,      -1.569272135,      -1.514900536,       1.469040171,       -4.26364467,       14627.65104,     0.01725816897,      0.6373985956,                 0,                 0,                 0,     0.09302207782,    -0.00844696067,      0.6375762409,                 0,       36.93315303,              2.31,    0.005469128811
        139,           0,          29,      -3.967618601,      -1.569199954,      -1.516099308,       1.467344896,      -4.262853938,       14627.65104,     0.01733653918,      0.6381305696,                 0,                 0,                 0,     0.09318680981,   -0.008398157229,      0.6383107789,                 0,       36.80841736,              2.31,    0.005469128811
        140,           0,          29,      -3.969551302,      -1.569088736,      -1.517419358,       1.465642996,      -4.262095129,       14627.65104,     0.01747021538,      0.6392686252,                 0,                 0,                 0,     0.09325180818,   -0.008310460333,      0.6394532976,                 0,       36.59191437,              2.31,    0.005469128811
        141,           0,          29,      -3.971530421,      -1.568995686,      -1.518817564,       1.463896499,      -4.261441714,       14627.65104,     0.01761224166,      0.6406934334,                 0,                 0,                 0,     0.09323579847,   -0.008225978051,      0.6408826725,                 0,       36.37773351,              2.31,    0.005469128811
        142,           0,          29,      -3.973530903,      -1.568915761,      -1.520205434,       1.462165952,      -4.260932163,       14627.65104,     0.01770366227,      0.6421209321,                 0,                 0,                 0,     0.09319698431,   -0.008192168756,       0.642312696,                 0,       36.27051411,              2.31,    0.005469128811
        143,           0,          29,      -3.975529677,      -1.568819516,      -1.521630966,       1.460463706,      -4.260545756,       14627.65104,     0.01770761311,      0.6433739895,                 0,                 0,                 0,     0.09317641769,   -0.008238727087,      0.6435648944,                 0,       36.33318537,              2.31,    0.005469128811
        144,           0,          29,      -3.977546147,      -1.568755934,      -1.523154903,       1.458736281,      -4.260209435,       14627.65104,     0.01761326252,      0.6443366785,                 0,                 0,                 0,     0.09318812889,   -0.008371803328,      0.6445229982,                 0,       36.58247175,              2.31,    0.005469128811
        145,           0,          29,      -3.979612734,      -1.568771311,      -1.524749309,       1.456936679,      -4.259842924,       14627.65104,     0.01745929768,      0.6449789434,                 0,                 0,                 0,      0.0932191578,   -0.008551530299,      0.6451585354,                 0,       36.94186074,              2.31,    0.005469128811
        146,           0,          29,      -3.981740829,      -1.568918416,      -1.526294028,       1.455056473,       -4.25939771,       14627.65104,     0.01731950579,      0.6454013273,                 0,                 0,                 0,     0.09323777564,    -0.00870823327,      0.6455749417,                 0,       37.26441938,              2.31,    0.005469128811
        147,           0,          29,      -3.983907778,      -1.569214605,      -1.527757108,       1.453129079,      -4.258854319,       14627.65104,     0.01724027719,      0.6457550367,                 0,                 0,                 0,     0.09321527013,   -0.008801654168,      0.6459251702,                 0,       37.45618645,              2.31,    0.005469128811
        148,           0,          29,      -3.986083842,      -1.569653128,      -1.529236747,       1.451161863,      -4.258187662,       14627.65104,      0.0172256461,      0.6462151509,                 0,                 0,                 0,     0.09313452527,   -0.008834818815,      0.6463843207,                 0,       37.51471192,              2.31,    0.005469128811
        149,           0,          29,      -3.988288696,      -1.570266623,      -1.530771534,        1.44910701,      -4.257365736,       14627.65104,     0.01725001114,      0.6468677732,                 0,                 0,                 0,     0.09300853233,   -0.008836778283,      0.6470373947,                 0,       37.49955683,              2.31,    0.005469128811
        150,           0,          29,      -3.990527067,      -1.571060708,      -1.532301344,       1.446990024,      -4.256395229,       14627.65104,      0.0172717887,      0.6476273258,                 0,                 0,                 0,     0.09288763449,   -0.008845633092,      0.6477972079,                 0,       37.49625109,              2.31,    0.005469128811
        151,           0,          29,       -3.99276686,      -1.571949461,      -1.533856665,       1.444879137,      -4.255357034,       14627.65104,     0.01726432627,      0.6483944446,                 0,                 0,                 0,     0.09282193212,   -0.008884009092,      0.6485634026,                 0,       37.55689244,              2.31,    0.005469128811
        152,           0,          29,      -3.995002656,      -1.572844455,      -1.535538245,       1.442782398,      -4.254375422,       14627.65104,      0.0172186905,      0.6491049337,                 0,                 0,                 0,     0.09283509567,   -0.008958244873,      0.6492714749,                 0,       37.69769446,              2.31,    0.005469128811
        153,           0,          29,      -3.997222038,      -1.573688356,      -1.537402966,       1.440716767,      -4.253528064,       14627.65104,     0.01713790229,      0.6497042529,                 0,                 0,                 0,     0.09292141564,   -0.009063123713,      0.6498670508,                 0,       37.91037211,              2.31,    0.005469128811
        154,           0,          29,      -3.999449793,      -1.574479526,      -1.539399314,       1.438656224,      -4.252784646,       14627.65104,       0.017048901,      0.6502261448,                 0,                 0,                 0,     0.09304306716,   -0.009173088141,      0.6503849313,                 0,       38.13888911,              2.31,    0.005469128811
        155,           0,          29,      -4.001703754,      -1.575248266,       -1.54146435,       1.436581374,      -4.252046021,       14627.65104,     0.01698942576,      0.6507670515,                 0,                 0,                 0,     0.09314736296,   -0.009254316937,      0.6509230012,                 0,       38.30424057,              2.31,    0.005469128811
        156,           0,          29,       -4.00399482,      -1.576031898,      -1.543585374,       1.434463672,       -4.25124416,       14627.65104,      0.0169836116,      0.6514194656,                 0,                 0,                 0,     0.09319100033,   -0.009286422695,      0.6515746508,                 0,       38.35576795,              2.31,    0.005469128811
        157,           0,          29,      -4.006337944,       -1.57685777,      -1.545747928,       1.432264918,      -4.250388945,       14627.65104,     0.01702089532,      0.6522112193,                 0,                 0,                 0,     0.09316181252,   -0.009281081841,      0.6523672639,                 0,       38.31826745,              2.31,    0.005469128811
        158,           0,          29,      -4.008741612,      -1.577729507,      -1.547889453,       1.429984262,      -4.249539811,       14627.65104,     0.01705998318,      0.6530795051,                 0,                 0,                 0,     0.09308538308,   -0.009277023035,      0.6532364195,                 0,       38.28136864,              2.31,    0.005469128811
        159,           0,          29,      -4.011190589,      -1.578605517,      -1.549995521,       1.427663586,      -4.248763581,       14627.65104,     0.01707198287,      0.6539530904,                 0,                 0,                 0,      0.0930037059,   -0.009300243988,      0.6541097787,                 0,       38.30563183,              2.31,    0.005469128811
        160,           0,          29,      -4.013666918,      -1.579470994,      -1.552137677,       1.425328415,       -4.24813894,       14627.65104,     0.01706299791,      0.6547946691,                 0,                 0,                 0,     0.09295227627,   -0.009343142469,      0.6549503113,                 0,       38.37512449,              2.31,    0.005469128811
        161,           0,          29,      -4.016168651,      -1.580350052,      -1.554395514,       1.422980331,      -4.247758221,       14627.65104,     0.01704283633,      0.6555459886,                 0,                 0,                 0,     0.09295280425,   -0.009393570493,      0.6557002076,                 0,       38.46460624,              2.31,    0.005469128811
        162,           0,          29,       -4.01870604,      -1.581295959,      -1.556782457,       1.420606148,      -4.247658695,       14627.65104,     0.01700625097,      0.6561677473,                 0,                 0,                 0,     0.09300419799,   -0.009455186845,      0.6563199865,                 0,       38.58391533,              2.31,    0.005469128811
        163,           0,          29,      -4.021310171,      -1.582355299,      -1.559267258,       1.418168974,      -4.247736729,       14627.65104,     0.01695230764,      0.6567003822,                 0,                 0,                 0,     0.09307610857,   -0.009530554819,      0.6568500143,                 0,       38.73811143,              2.31,    0.005469128811
        164,           0,          29,      -4.023967537,       -1.58356733,      -1.561836599,       1.415673613,      -4.247761243,       14627.65104,     0.01690173289,      0.6572393025,                 0,                 0,                 0,     0.09312631886,   -0.009602810287,      0.6573864581,                 0,       38.88591228,              2.31,    0.005469128811
        165,           0,          29,      -4.026689105,      -1.584955436,      -1.564471844,       1.413095287,      -4.247519242,       14627.65104,     0.01687419217,      0.6578397296,                 0,                 0,                 0,     0.09313012949,    -0.00965452955,      0.6579852873,                 0,       38.98496134,              2.31,    0.005469128811
        166,           0,          29,      -4.029479733,      -1.586530323,      -1.567131633,        1.41042891,      -4.246940915,       14627.65104,     0.01685805992,      0.6584714599,                 0,                 0,                 0,     0.09309494858,   -0.009696111328,      0.6586158539,                 0,       39.05974133,              2.31,    0.005469128811
        167,           0,          29,      -4.032325059,      -1.588267511,        -1.5697893,       1.407701757,      -4.246099647,       14627.65104,      0.0168275825,      0.6590925629,                 0,                 0,                 0,     0.09304592741,   -0.009751598274,      0.6592352238,                 0,       39.16739453,              2.31,    0.005469128811
        168,           0,          29,      -4.035207367,      -1.590115641,      -1.572461746,        1.40493999,       -4.24515073,       14627.65104,     0.01678041914,      0.6597070055,                 0,                 0,                 0,     0.09300642681,   -0.009823489144,      0.6598472661,                 0,       39.31409578,              2.31,    0.005469128811
        169,           0,          29,       -4.03811876,      -1.592034611,      -1.575176413,       1.402152433,      -4.244283703,       14627.65104,     0.01673587173,      0.6603219612,                 0,                 0,                 0,     0.09299288949,   -0.009892786874,      0.6604599266,                 0,        39.4554865,              2.31,    0.005469128811
        170,           0,          29,      -4.041059357,      -1.593989676,      -1.577934648,       1.399341827,      -4.243676947,       14627.65104,     0.01670617831,      0.6609253278,                 0,                 0,                 0,     0.09301006226,   -0.009946775568,      0.6610616061,                 0,       39.56173072,              2.31,    0.005469128811
        171,           0,          29,      -4.044030966,      -1.595953749,      -1.580727079,       1.396510242,      -4.243396374,       14627.65104,     0.01668817098,      0.6615213275,                 0,                 0,                 0,     0.09304283911,    -0.00998879074,      0.6616563956,                 0,       39.64013362,              2.31,    0.005469128811
        172,           0,          29,      -4.047028524,      -1.597907458,      -1.583553426,       1.393662111,      -4.243316347,       14627.65104,     0.01668076062,      0.6621441111,                 0,                 0,                 0,     0.09306094532,    -0.01002129711,      0.6622783744,                 0,       39.69507904,              2.31,    0.005469128811
        173,           0,          29,      -4.050052766,      -1.599840451,      -1.586419876,       1.390793656,      -4.243191519,       14627.65104,     0.01668811285,      0.6628077423,                 0,                 0,                 0,     0.09304193788,    -0.01004069929,      0.6629417627,                 0,       39.71735738,              2.31,    0.005469128811
        174,           0,          29,      -4.053080898,      -1.601762825,      -1.589325534,       1.387929788,      -4.242830748,       14627.65104,     0.01669902246,      0.6634654471,                 0,                 0,                 0,     0.09298974709,    -0.01005630812,      0.6635993728,                 0,       39.73079553,              2.31,    0.005469128811
        175,           0,          29,      -4.056098944,      -1.603696715,      -1.592277524,       1.385083993,      -4.242195948,       14627.65104,     0.01668682357,       0.664058235,                 0,                 0,                 0,     0.09292708273,    -0.01009239012,      0.6641911872,                 0,       39.79536502,              2.31,    0.005469128811
        176,           0,          29,      -4.059075899,      -1.605658991,      -1.595300478,       1.382282912,      -4.241371895,       14627.65104,     0.01664098388,      0.6645767872,                 0,                 0,                 0,      0.0928753096,    -0.01015909342,      0.6647074704,                 0,       39.93614753,              2.31,    0.005469128811
        177,           0,          29,      -4.061988541,      -1.607673919,      -1.598416237,       1.379543779,      -4.240504735,       14627.65104,     0.01658211065,      0.6650471986,                 0,                 0,                 0,     0.09284640676,    -0.01023687929,      0.6651751266,                 0,       40.10630567,              2.31,    0.005469128811
        178,           0,          29,      -4.064829288,      -1.609739891,      -1.601632016,       1.376874633,      -4.239765182,       14627.65104,     0.01653488895,      0.6654874889,                 0,                 0,                 0,     0.09284462912,    -0.01030180904,      0.6656131557,                 0,       40.24747253,              2.31,    0.005469128811
        179,           0,          29,      -4.067591883,       -1.61185406,      -1.604949115,       1.374284073,      -4.239292457,       14627.65104,     0.01650130617,      0.6659088073,                 0,                 0,                 0,     0.09286468478,    -0.01035234627,      0.6660327782,                 0,       40.35491497,              2.31,    0.005469128811
        180,           0,          29,      -4.070273483,      -1.613995735,      -1.608360916,       1.371778821,      -4.239098535,       14627.65104,     0.01647259763,      0.6663385176,                 0,                 0,                 0,     0.09288846295,    -0.01039835147,      0.6664609822,                 0,       40.45133213,              2.31,    0.005469128811
        181,           0,          29,      -4.072882008,      -1.616132666,      -1.611849644,       1.369354729,      -4.239039586,       14627.65104,     0.01645111025,      0.6668106728,                 0,                 0,                 0,     0.09289760274,    -0.01043885215,      0.6669318877,                 0,       40.53286754,              2.31,    0.005469128811
        182,           0,          29,      -4.075419955,      -1.618243807,      -1.615380141,       1.367010729,      -4.238921952,       14627.65104,     0.01644182637,      0.6673204974,                 0,                 0,                 0,     0.09288797778,    -0.01046867758,      0.6674409238,                 0,       40.58676224,              2.31,    0.005469128811
        183,           0,          29,      -4.077889819,      -1.620306925,      -1.618923753,        1.36474337,      -4.238635808,       14627.65104,     0.01643672015,      0.6678332653,                 0,                 0,                 0,     0.09286937007,    -0.01049444736,      0.6679530691,                 0,       40.63056735,              2.31,    0.005469128811
        184,           0,          29,      -4.080300048,      -1.622317618,      -1.622459556,       1.362536812,      -4.238191931,       14627.65104,     0.01642583794,      0.6683313567,                 0,                 0,                 0,     0.09285242402,    -0.01052539689,      0.6684503172,                 0,       40.68780899,              2.31,    0.005469128811
        185,           0,          29,      -4.082652346,      -1.624277128,      -1.625970943,       1.360381924,      -4.237677678,       14627.65104,     0.01641422976,      0.6688243879,                 0,                 0,                 0,     0.09284184265,    -0.01055686785,      0.6689424798,                 0,       40.74662032,              2.31,    0.005469128811
        186,           0,          29,      -4.084945483,         -1.626194,      -1.629453336,       1.358274737,      -4.237205328,       14627.65104,     0.01641160652,      0.6693166199,                 0,                 0,                 0,     0.09283995991,    -0.01057932895,      0.6694342061,                 0,       40.78312621,              2.31,    0.005469128811
        187,           0,          29,      -4.087176298,      -1.628094079,      -1.632898595,       1.356212218,      -4.236869605,       14627.65104,     0.01641344346,       0.669793919,                 0,                 0,                 0,     0.09284757364,    -0.01059673161,      0.6699111914,                 0,       40.80764166,              2.31,    0.005469128811
        188,           0,          29,      -4.089352832,      -1.630006843,      -1.636305969,       1.354182651,      -4.236695462,       14627.65104,     0.01640714303,      0.6702471049,                 0,                 0,                 0,     0.09285989973,    -0.01062129311,       0.670363755,                 0,       40.85093326,              2.31,    0.005469128811
        189,           0,          29,      -4.091499597,      -1.631948419,      -1.639662025,       1.352163325,      -4.236609382,       14627.65104,     0.01639021806,      0.6706809062,                 0,                 0,                 0,     0.09286859029,     -0.0106556892,      0.6707965216,                 0,       40.91958409,              2.31,    0.005469128811
        190,           0,          29,      -4.093620048,      -1.633921954,      -1.642962038,       1.350159627,      -4.236483976,       14627.65104,     0.01636909788,       0.671096093,                 0,                 0,                 0,     0.09287045139,    -0.01069352681,      0.6712105198,                 0,       40.99774452,              2.31,    0.005469128811
        191,           0,          29,      -4.095723278,      -1.635922442,       -1.64620653,       1.348174158,      -4.236218097,       14627.65104,     0.01634617796,      0.6714864339,                 0,                 0,                 0,     0.09287033397,    -0.01073216127,      0.6715996197,                 0,       41.07910948,              2.31,    0.005469128811
        192,           0,          29,      -4.097819981,      -1.637938641,      -1.649390937,       1.346204663,      -4.235780572,       14627.65104,     0.01632073079,      0.6718600935,                 0,                 0,                 0,      0.0928749586,    -0.01077264854,        0.67197195,                 0,       41.16605451,              2.31,    0.005469128811
        193,           0,          29,      -4.099922357,      -1.639970333,      -1.652511185,        1.34424115,      -4.235205044,       14627.65104,     0.01629789678,      0.6722444696,                 0,                 0,                 0,     0.09288756901,    -0.01081095673,      0.6723550933,                 0,       41.24731421,              2.31,    0.005469128811
        194,           0,          29,      -4.102048684,      -1.642020776,      -1.655558706,       1.342262078,       -4.23456747,       14627.65104,     0.01628501699,      0.6726621803,                 0,                 0,                 0,     0.09290847888,    -0.01084066238,      0.6727719455,                 0,       41.30558664,              2.31,    0.005469128811
        195,           0,          29,      -4.104227498,      -1.644102967,      -1.658529777,       1.340233072,      -4.233959177,       14627.65104,     0.01628164794,      0.6731149432,                 0,                 0,                 0,     0.09293593605,    -0.01086227784,      0.6732242046,                 0,        41.3419419,              2.31,    0.005469128811
        196,           0,          29,      -4.106491697,      -1.646241588,      -1.661416129,       1.338114695,      -4.233444785,       14627.65104,     0.01628172543,      0.6735933679,                 0,                 0,                 0,     0.09296533433,    -0.01088148389,      0.6737022437,                 0,       41.37112929,              2.31,    0.005469128811
        197,           0,          29,      -4.108888294,      -1.648452061,      -1.664210408,       1.335855563,      -4.233026447,       14627.65104,     0.01628235475,      0.6740868705,                 0,                 0,                 0,     0.09299087629,    -0.01090074629,      0.6741953706,                 0,       41.39983933,              2.31,    0.005469128811
        198,           0,          29,      -4.111449396,      -1.650740741,      -1.666901033,       1.333424317,      -4.232652323,       14627.65104,      0.0162834439,      0.6745813053,                 0,                 0,                 0,     0.09300998108,     -0.0109195868,      0.6746894475,                 0,       41.42743447,              2.31,    0.005469128811
        199,           0,          29,      -4.114209779,      -1.653111031,      -1.669492554,        1.33078811,      -4.232264492,       14627.65104,     0.01628231967,      0.6750621333,                 0,                 0,                 0,     0.09302462407,    -0.01094009046,      0.6751698395,                 0,       41.45982557,              2.31,    0.005469128811
        200,           0,          29,      -4.117198282,      -1.655555079,      -1.671991718,       1.327922444,      -4.231839798,       14627.65104,     0.01627567573,       0.675526187,                 0,                 0,                 0,       0.093037796,    -0.01096543323,      0.6756332483,                 0,        41.5052621,              2.31,    0.005469128811
        201,           0,          29,      -4.120440434,      -1.658068092,      -1.674413315,       1.324805578,      -4.231396973,       14627.65104,     0.01626433397,      0.6759814604,                 0,                 0,                 0,     0.09305038877,    -0.01099511611,      0.6760876946,                 0,       41.56219748,              2.31,    0.005469128811
        202,           0,          29,      -4.123956522,      -1.660643471,      -1.676770637,       1.321420632,      -4.230977722,       14627.65104,     0.01625054948,      0.6764325137,                 0,                 0,                 0,     0.09306159847,    -0.01102706964,      0.6765378258,                 0,        41.6252087,              2.31,    0.005469128811
        203,           0,          29,      -4.127767377,      -1.663276193,      -1.679074058,        1.31774853,      -4.230618043,       14627.65104,     0.01623277974,      0.6768734692,                 0,                 0,                 0,     0.09306996241,    -0.01106259817,      0.6769777067,                 0,        41.6979396,              2.31,    0.005469128811
        204,           0,          29,      -4.131884219,      -1.665964736,      -1.681332882,       1.313778163,      -4.230328896,       14627.65104,     0.01620784936,      0.6772968612,                 0,                 0,                 0,     0.09307344253,    -0.01110457361,      0.6773997498,                 0,       41.78820066,              2.31,    0.005469128811
        205,           0,          29,      -4.136318289,      -1.668707618,      -1.683560816,       1.309497235,      -4.230083954,       14627.65104,     0.01617672296,      0.6777015724,                 0,                 0,                 0,     0.09307040699,    -0.01115198708,      0.6778028776,                 0,       41.89362544,              2.31,    0.005469128811
        206,           0,          29,      -4.141072219,      -1.671494956,      -1.685773026,       1.304903354,      -4.229835142,       14627.65104,     0.01614440703,      0.6780908883,                 0,                 0,                 0,     0.09306152794,    -0.01119996858,      0.6781905745,                 0,       42.00159763,              2.31,    0.005469128811
        207,           0,          29,       -4.14613127,      -1.674309208,      -1.687996539,       1.300017937,      -4.229542377,       14627.65104,     0.01611542794,      0.6784701651,                 0,                 0,                 0,     0.09304981252,    -0.01124421132,      0.6785683751,                 0,       42.10066077,              2.31,    0.005469128811
        208,           0,          29,      -4.151490436,      -1.677120288,      -1.690259653,       1.294853697,      -4.229196012,       14627.65104,     0.01609239069,      0.6788486424,                 0,                 0,                 0,     0.09303860772,    -0.01128248483,      0.6789456162,                 0,       42.18444949,              2.31,    0.005469128811
        209,           0,          29,      -4.157142008,      -1.679896523,      -1.692592686,       1.289429037,      -4.228820469,       14627.65104,     0.01607688372,        0.67923674,                 0,                 0,                 0,     0.09302980301,    -0.01131362194,      0.6793327735,                 0,       42.24927865,              2.31,    0.005469128811
        210,           0,          29,      -4.163075609,      -1.682610087,      -1.695028036,       1.283763838,      -4.228458684,       14627.65104,     0.01606869549,      0.6796386439,                 0,                 0,                 0,     0.09302401107,    -0.01133800273,      0.6797340208,                 0,        42.2958195,              2.31,    0.005469128811
        211,           0,          29,      -4.169281265,      -1.685240444,      -1.697594483,       1.277874779,      -4.228149138,       14627.65104,     0.01606468001,      0.6800493351,                 0,                 0,                 0,     0.09302120312,    -0.01135856833,      0.6801442164,                 0,       42.33195648,              2.31,    0.005469128811
        212,           0,          29,      -4.175739329,      -1.687779863,      -1.700313838,       1.271786377,      -4.227905618,       14627.65104,     0.01606055716,      0.6804596676,                 0,                 0,                 0,     0.09302094822,    -0.01137922677,      0.6805540492,                 0,       42.36837246,              2.31,    0.005469128811
        213,           0,          29,      -4.182420485,      -1.690234048,      -1.703206862,       1.265531455,      -4.227711171,       14627.65104,     0.01605353814,      0.6808614524,                 0,                 0,                 0,      0.0930228185,     -0.0114024345,      0.6809552246,                 0,       42.41192481,              2.31,    0.005469128811
        214,           0,          29,      -4.189293262,      -1.692614199,      -1.706288795,       1.259142689,      -4.227531272,       14627.65104,     0.01604239662,      0.6812489519,                 0,                 0,                 0,     0.09302698835,    -0.01142918559,      0.6813419602,                 0,       42.46553479,              2.31,    0.005469128811
        215,           0,          29,      -4.196323687,      -1.694937207,      -1.709572071,       1.252653281,      -4.227335508,       14627.65104,      0.0160265031,      0.6816205438,                 0,                 0,                 0,     0.09303406362,    -0.01146004365,      0.6817126095,                 0,       42.53083405,              2.31,    0.005469128811
        216,           0,          29,      -4.203479859,      -1.697218502,      -1.713064435,       1.246093602,      -4.227112435,       14627.65104,     0.01600634969,      0.6819804911,                 0,                 0,                 0,     0.09304398241,    -0.01149468879,       0.682071452,                 0,       42.60687192,              2.31,    0.005469128811
        217,           0,          29,      -4.210719182,      -1.699471773,      -1.716765211,       1.239505161,      -4.226870598,       14627.65104,     0.01598421696,      0.6823368591,                 0,                 0,                 0,     0.09305515124,    -0.01153116737,      0.6824266383,                 0,       42.68816302,              2.31,    0.005469128811
        218,           0,          29,      -4.217985964,      -1.701711686,      -1.720676276,       1.232939902,      -4.226628784,       14627.65104,     0.01596325858,      0.6826977578,                 0,                 0,                 0,     0.09306496787,    -0.01156665516,       0.682786399,                 0,       42.76681697,              2.31,    0.005469128811
        219,           0,          29,       -4.22521852,       -1.70395325,      -1.724796105,       1.226451829,      -4.226402367,       14627.65104,     0.01594608811,      0.6830688938,                 0,                 0,                 0,       0.093070878,    -0.01159877076,      0.6831565413,                 0,       42.83614196,              2.31,    0.005469128811
        220,           0,          29,      -4.232347577,      -1.706216903,      -1.729118785,       1.220096594,      -4.226193125,       14627.65104,     0.01593409689,      0.6834518722,                 0,                 0,                 0,      0.0930713218,    -0.01162618863,      0.6835387251,                 0,       42.89241349,              2.31,    0.005469128811
        221,           0,          29,      -4.239301801,      -1.708525687,      -1.733634314,       1.213923729,      -4.225988224,       14627.65104,     0.01592675601,      0.6838428543,                 0,                 0,                 0,      0.0930662913,    -0.01164928254,      0.6839290937,                 0,         42.936732,              2.31,    0.005469128811
        222,           0,          29,      -4.245996127,      -1.710901656,      -1.738328437,       1.207990728,      -4.225768555,       14627.65104,     0.01592143938,      0.6842338668,                 0,                 0,                 0,     0.09305786381,    -0.01167035507,      0.6843195741,                 0,       42.97562867,              2.31,    0.005469128811
        223,           0,          29,      -4.252345724,      -1.713364346,      -1.743181064,        1.20235387,      -4.225520153,       14627.65104,     0.01591457274,       0.684615314,                 0,                 0,                 0,     0.09304927384,    -0.01169259081,      0.6847004346,                 0,       43.01813974,              2.31,    0.005469128811
        224,           0,          29,      -4.258274137,      -1.715924666,      -1.748167844,       1.197061264,      -4.225240944,       14627.65104,     0.01590350452,      0.6849788599,                 0,                 0,                 0,     0.09304305172,    -0.01171830319,       0.685063239,                 0,       43.07093817,              2.31,    0.005469128811
        225,           0,          29,      -4.263716145,      -1.718585192,      -1.753261803,       1.192152989,      -4.224939216,       14627.65104,     0.01588754489,      0.6853201239,                 0,                 0,                 0,     0.09303998024,    -0.01174800489,      0.6854035823,                 0,       43.13568449,              2.31,    0.005469128811
        226,           0,          29,      -4.268619036,      -1.721339224,      -1.758435565,         1.1876609,      -4.224625977,       14627.65104,     0.01586778819,      0.6856400925,                 0,                 0,                 0,     0.09303900089,    -0.01178064226,      0.6857224946,                 0,       43.20955664,              2.31,    0.005469128811
        227,           0,          29,      -4.272945889,      -1.724174378,      -1.763665313,       1.183605759,      -4.224306911,       14627.65104,     0.01584664734,      0.6859459423,                 0,                 0,                 0,      0.0930379771,    -0.01181409356,      0.6860272437,                 0,       43.28650267,              2.31,    0.005469128811
        228,           0,          29,       -4.27668504,      -1.727078683,      -1.768931726,       1.179987757,      -4.223979565,       14627.65104,     0.01582694357,       0.686248336,                 0,                 0,                 0,      0.0930348003,    -0.01184596965,      0.6863285975,                 0,       43.35949849,              2.31,    0.005469128811
        229,           0,          29,       -4.27985537,       -1.73004137,      -1.774224548,       1.176782679,      -4.223637336,       14627.65104,      0.0158106295,      0.6865566338,                 0,                 0,                 0,     0.09302842886,    -0.01187469677,      0.6866359872,                 0,       43.42373803,              2.31,    0.005469128811
        230,           0,          29,      -4.282495513,      -1.733057276,      -1.779549438,       1.173955458,      -4.223276334,       14627.65104,     0.01579802161,      0.6868756022,                 0,                 0,                 0,      0.0930194287,    -0.01190015082,      0.6869541883,                 0,       43.47858353,              2.31,    0.005469128811
        231,           0,          29,      -4.284690853,      -1.736121779,      -1.784921598,       1.171433799,      -4.222899583,       14627.65104,     0.01578802147,      0.6872034971,                 0,                 0,                 0,     0.09300941238,    -0.01192335903,      0.6872814137,                 0,       43.52689147,              2.31,    0.005469128811
        232,           0,          29,      -4.286540137,      -1.739223987,      -1.790373815,       1.169144586,      -4.222515921,       14627.65104,     0.01577882167,      0.6875331018,                 0,                 0,                 0,     0.09300011879,    -0.01194583646,      0.6876103797,                 0,       43.57315876,              2.31,    0.005469128811
        233,           0,          29,      -4.288169273,      -1.742345398,      -1.795956544,       1.167001733,      -4.222135084,       14627.65104,     0.01576871574,      0.6878553818,                 0,                 0,                 0,     0.09299291738,    -0.01196892406,      0.6879319905,                 0,       43.62152208,              2.31,    0.005469128811
        234,           0,          29,      -4.289717704,      -1.745470538,      -1.801732576,       1.164915965,      -4.221762362,       14627.65104,     0.01575655504,      0.6881627638,                 0,                 0,                 0,     0.09298814374,    -0.01199346426,      0.6882386325,                 0,       43.67469678,              2.31,    0.005469128811
        235,           0,          29,      -4.291333807,      -1.748594004,      -1.807772102,       1.162795761,      -4.221395839,       14627.65104,     0.01574218617,      0.6884522954,                 0,                 0,                 0,     0.09298506971,    -0.01201949137,      0.6885273497,                 0,       43.73295348,              2.31,    0.005469128811
        236,           0,          29,      -4.293158283,      -1.751738888,      -1.814140212,       1.160554264,      -4.221027735,       14627.65104,     0.01572637718,      0.6887261596,                 0,                 0,                 0,     0.09298233374,    -0.01204632594,      0.6888003542,                 0,       43.79433049,              2.31,    0.005469128811
        237,           0,          29,      -4.295311976,      -1.754966853,      -1.820887285,       1.158113993,      -4.220648876,       14627.65104,     0.01571036539,      0.6889903008,                 0,                 0,                 0,      0.0929785873,    -0.01207297124,      0.6890636353,                 0,       43.85577826,              2.31,    0.005469128811
        238,           0,          29,      -4.297883543,      -1.758381505,       -1.82803462,       1.155411887,      -4.220253516,       14627.65104,     0.01569544974,      0.6892519218,                 0,                 0,                 0,     0.09297298357,    -0.01209841971,      0.6893244425,                 0,       43.91412372,              2.31,    0.005469128811
        239,           0,          29,      -4.300920257,      -1.762126759,       -1.83556245,       1.152402869,      -4.219841885,       14627.65104,     0.01568264917,      0.6895165682,                 0,                 0,                 0,     0.09296539507,    -0.01212187677,      0.6895883579,                 0,       43.96684264,              2.31,    0.005469128811
        240,           0,          29,      -4.304422108,      -1.766372248,      -1.843397934,       1.149063641,      -4.219419455,       14627.65104,     0.01567237857,      0.6897866816,                 0,                 0,                 0,     0.09295654739,    -0.01214302626,      0.6898578379,                 0,       44.01289049,              2.31,    0.005469128811
        241,           0,          29,      -4.308338956,      -1.771291492,      -1.851403981,        1.14539846,        -4.2189939,       14627.65104,     0.01566417621,      0.6900606122,                 0,                 0,                 0,     0.09294758661,    -0.01216226306,      0.6901312152,                 0,       44.05342503,              2.31,    0.005469128811
        242,           0,          29,      -4.312572535,      -1.777042805,      -1.859375534,       1.141444345,      -4.218571686,       14627.65104,     0.01565687183,      0.6903339595,                 0,                 0,                 0,     0.09293974258,    -0.01218057909,       0.690404046,                 0,       44.09143583,              2.31,    0.005469128811
        243,           0,          29,      -4.316985194,      -1.783759756,       -1.86704632,       1.137271817,      -4.218156122,       14627.65104,     0.01564902765,      0.6906010937,                 0,                 0,                 0,     0.09293388253,    -0.01219918405,       0.690670647,                 0,        44.1306073,              2.31,    0.005469128811
        244,           0,          29,      -4.321416725,      -1.791544068,      -1.874108202,       1.132978924,      -4.217747492,       14627.65104,     0.01563945388,      0.6908571625,                 0,                 0,                 0,     0.09293022737,     -0.0122190712,      0.6909261218,                 0,       44.17399531,              2.31,    0.005469128811
        245,           0,          29,      -4.325707162,      -1.800450745,       -1.88025474,       1.128680391,      -4.217344628,       14627.65104,     0.01562762824,      0.6910996451,                 0,                 0,                 0,     0.09292827412,    -0.01224066078,      0.6911679307,                 0,       44.22293867,              2.31,    0.005469128811
        246,           0,          29,      -4.329728995,      -1.810491511,       -1.88522288,       1.124481071,       -4.21694663,       14627.65104,     0.01561396248,      0.6913295189,                 0,                 0,                 0,     0.09292705019,    -0.01226358076,      0.6913970669,                 0,       44.27636608,              2.31,    0.005469128811
        247,           0,          29,      -4.333424316,      -1.821633757,      -1.888857294,       1.120447138,      -4.216553717,       14627.65104,     0.01559968986,      0.6915510701,                 0,                 0,                 0,      0.0929254206,    -0.01228677168,      0.6916178628,                 0,       44.33107815,              2.31,    0.005469128811
        248,           0,          29,      -4.336837155,      -1.833812306,      -1.891153939,       1.116572005,      -4.216167037,       14627.65104,     0.01558637864,      0.6917704409,                 0,                 0,                 0,      0.0929224259,    -0.01230891408,      0.6918365188,                 0,        44.3830127,              2.31,    0.005469128811
        249,           0,          29,      -4.340105624,      -1.846914879,      -1.892316196,       1.112782461,      -4.215787935,       14627.65104,     0.01557525683,      0.6919933197,                 0,                 0,                 0,     0.09291752568,    -0.01232901024,      0.6920587682,                 0,       44.42901503,              2.31,    0.005469128811
        250,           0,          29,       -4.34347903,      -1.860760985,      -1.892723402,       1.108915411,      -4.215417185,       14627.65104,     0.01556662531,      0.6922226466,                 0,                 0,                 0,     0.09291072954,    -0.01234687804,      0.6922875609,                 0,       44.46838237,              2.31,    0.005469128811
        251,           0,          29,      -4.347273958,      -1.875063153,      -1.892891119,       1.104760316,      -4.215054458,       14627.65104,     0.01555963106,      0.6924571587,                 0,                 0,                 0,     0.09290254721,    -0.01236331889,      0.6925216005,                 0,        44.5034433,              2.31,    0.005469128811
        252,           0,          29,      -4.351841438,      -1.889452009,      -1.893374311,       1.100067237,      -4.214698161,       14627.65104,     0.01555259089,        0.69269164,                 0,                 0,                 0,     0.09289378087,    -0.01237980439,      0.6927556075,                 0,        44.5386653,              2.31,    0.005469128811
        253,           0,          29,      -4.357522714,      -1.903503634,      -1.894699837,       1.094573274,      -4.214345717,       14627.65104,     0.01554373041,      0.6929190165,                 0,                 0,                 0,     0.09288523218,    -0.01239782235,      0.6929824421,                 0,        44.5786821,              2.31,    0.005469128811
        254,           0,          29,      -4.364605211,      -1.916792962,      -1.897297309,       1.088026923,      -4.213994216,       14627.65104,     0.01553198593,      0.6931333192,                 0,                 0,                 0,     0.09287739518,    -0.01241819501,      0.6931960972,                 0,       44.62618768,              2.31,    0.005469128811
        255,           0,          29,      -4.373284984,      -1.928974781,      -1.901446036,       1.080215299,      -4.213641298,       14627.65104,     0.01551745417,       0.693332038,                 0,                 0,                 0,     0.09287015656,    -0.01244072455,      0.6933940688,                 0,       44.68078529,              2.31,    0.005469128811
        256,           0,          29,      -4.383634307,       -1.93986837,      -1.907241342,       1.071000309,      -4.213285971,       14627.65104,      0.0155013583,      0.6935174039,                 0,                 0,                 0,     0.09286282508,    -0.01246427873,      0.6935786354,                 0,       44.73913771,              2.31,    0.005469128811
        257,           0,          29,      -4.395580236,      -1.949482835,       -1.91457259,         1.0603618,      -4.212929119,       14627.65104,     0.01548550166,      0.6936953545,                 0,                 0,                 0,     0.09285438482,      -0.012487295,      0.6937558021,                 0,       44.79644055,              2.31,    0.005469128811
        258,           0,          29,       -4.40888788,      -1.957979851,      -1.923128412,       1.048440036,      -4.212573452,       14627.65104,      0.0154714137,      0.6938726248,                 0,                 0,                 0,     0.09284382449,     -0.0125085166,      0.6939323606,                 0,       44.84868921,              2.31,    0.005469128811
        259,           0,          29,      -4.423160308,      -1.965584482,      -1.932415533,       1.035563521,      -4.212222853,       14627.65104,     0.01545963283,      0.6940537856,                 0,                 0,                 0,     0.09283064661,     -0.0125275898,      0.6941128994,                 0,       44.89458405,              2.31,    0.005469128811
        260,           0,          29,      -4.437854713,      -1.972484961,      -1.941811447,       1.022250756,        -4.2118812,       14627.65104,      0.0154494356,      0.6942388556,                 0,                 0,                 0,     0.09281506255,    -0.01254523821,      0.6942974079,                 0,       44.93619531,              2.31,    0.005469128811
        261,           0,          29,      -4.452336918,      -1.978789969,      -1.950661673,       1.009157371,       -4.21155113,       14627.65104,      0.0154392009,      0.6944233403,                 0,                 0,                 0,     0.09279790665,    -0.01256290046,      0.6944813302,                 0,       44.97793277,              2.31,    0.005469128811
        262,           0,          29,      -4.465966401,      -1.984525248,      -1.958382686,      0.9969775796,      -4.211233377,       14627.65104,     0.01542720089,      0.6946004782,                 0,                 0,                 0,     0.09278024976,    -0.01258203048,      0.6946578405,                 0,       45.02440094,              2.31,    0.005469128811
        263,           0,          29,      -4.478205895,      -1.989694079,      -1.964581913,      0.9862969224,      -4.210927088,       14627.65104,     0.01541242345,      0.6947643256,                 0,                 0,                 0,     0.09276283538,    -0.01260339998,      0.6948209591,                 0,       45.07820123,              2.31,    0.005469128811
        264,           0,          29,      -4.488734192,      -1.994340504,      -1.969164903,      0.9774422502,      -4.210630862,       14627.65104,     0.01539499585,      0.6949123057,                 0,                 0,                 0,     0.09274565137,    -0.01262677793,      0.6949681165,                 0,       45.13884333,              2.31,    0.005469128811
        265,           0,          29,       -4.49754005,      -1.998627698,      -1.972523103,      0.9703578053,      -4.210343875,       14627.65104,     0.01537594072,      0.6950464959,                 0,                 0,                 0,     0.09272783817,    -0.01265122626,      0.6951014297,                 0,       45.20351038,              2.31,    0.005469128811
        266,           0,          29,      -4.504571917,      -2.002544933,      -1.974194456,      0.9650445417,      -4.210066354,       14627.65104,     0.01535703711,      0.6951704975,                 0,                 0,                 0,     0.09270794089,    -0.01267511254,      0.6952245686,                 0,       45.26722782,              2.31,    0.005469128811
        267,           0,          29,      -4.511077504,       -2.00696978,      -1.976382608,      0.9599725302,      -4.209799419,       14627.65104,     0.01533943516,       0.695290387,                 0,                 0,                 0,     0.09268486434,    -0.01269753248,      0.6953436511,                 0,       45.32698758,              2.31,    0.005469128811
        268,           0,          29,      -4.517566622,      -2.012026003,      -1.979261001,      0.9545080503,      -4.209544261,       14627.65104,     0.01532357063,      0.6954094686,                 0,                 0,                 0,      0.0926583281,    -0.01271818384,      0.6954619965,                 0,       45.38168584,              2.31,    0.005469128811
        269,           0,          29,      -4.524704355,      -2.018035411,      -1.983602017,       0.947888232,      -4.209301573,       14627.65104,     0.01530894868,      0.6955278256,                 0,                 0,                 0,     0.09262913597,    -0.01273756443,       0.695579668,                 0,       45.43276224,              2.31,    0.005469128811
        270,           0,          29,      -4.533094965,      -2.025171479,      -1.990094681,      0.9394713894,      -4.209071444,       14627.65104,     0.01529442875,      0.6956423065,                 0,                 0,                 0,     0.09259899589,    -0.01275668685,      0.6956934706,                 0,       45.48337946,              2.31,    0.005469128811
        271,           0,          29,      -4.543134965,      -2.033451824,      -1.999157206,      0.9288827359,      -4.208853731,       14627.65104,     0.01527884924,      0.6957483769,                 0,                 0,                 0,     0.09256983593,    -0.01277652899,      0.6957988269,                 0,       45.53670016,              2.31,    0.005469128811
        272,           0,          29,       -4.55490809,      -2.042710979,      -2.010902679,      0.9161207715,      -4.208648487,       14627.65104,     0.01526158878,      0.6958426126,                 0,                 0,                 0,     0.09254304321,    -0.01279757371,      0.6958922903,                 0,       45.59437571,              2.31,    0.005469128811
        273,           0,          29,      -4.568122548,      -2.052610488,       -2.02512483,      0.9016168348,      -4.208456017,       14627.65104,     0.01524278508,      0.6959241805,                 0,                 0,                 0,     0.09251880403,    -0.01281964982,       0.695973034,                 0,       45.65597277,              2.31,    0.005469128811
        274,           0,          29,      -4.582097724,      -2.062677749,      -2.041277927,      0.8862451511,      -4.208276484,       14627.65104,     0.01522326725,      0.6959954638,                 0,                 0,                 0,     0.09249613743,    -0.01284202494,      0.6960434727,                 0,       45.71919104,              2.31,    0.005469128811
        275,           0,          29,      -4.595814887,      -2.072366462,        -2.0584833,      0.8712598914,       -4.20810946,       14627.65104,     0.01520414864,      0.6960610157,                 0,                 0,                 0,     0.09247336184,    -0.01286377017,      0.6961082007,                 0,       45.78099256,              2.31,    0.005469128811
        276,           0,          29,      -4.608091626,      -2.081172835,      -2.075612369,      0.8580707041,       -4.20795386,       14627.65104,     0.01518627747,      0.6961254158,                 0,                 0,                 0,     0.09244876372,    -0.01288422254,      0.6961718282,                 0,       45.83910819,              2.31,    0.005469128811
        277,           0,          29,      -4.617864787,      -2.088741697,      -2.091499252,      0.8478836138,       -4.20780844,       14627.65104,     0.01516984544,      0.6961912318,                 0,                 0,                 0,     0.09242130404,      -0.012903294,      0.6962369284,                 0,       45.89309987,              2.31,    0.005469128811
        278,           0,          29,      -4.624514835,      -2.094966223,      -2.105234272,      0.8413091277,      -4.207672591,       14627.65104,     0.01515428072,      0.6962579045,                 0,                 0,                 0,     0.09239100396,    -0.01292153339,      0.6963029196,                 0,       45.94463553,              2.31,    0.005469128811
        279,           0,          29,      -4.628087007,      -2.100026222,      -2.116447704,      0.8381306409,      -4.207546888,       14627.65104,     0.01513848241,      0.6963219505,                 0,                 0,                 0,     0.09235882831,    -0.01293990032,      0.6963662767,                 0,        45.9968134,              2.31,    0.005469128811
        280,           0,          29,       -4.62927906,      -2.104333201,       -2.12544085,      0.8373767152,      -4.207432986,       14627.65104,     0.01512127206,      0.6963784411,                 0,                 0,                 0,      0.0923261296,     -0.0129593736,      0.6964220278,                 0,       46.05290072,              2.31,    0.005469128811
        281,           0,          29,      -4.629208464,      -2.108418695,      -2.133092705,      0.8376491268,       -4.20733293,       14627.65104,     0.01510192027,      0.6964230989,                 0,                 0,                 0,     0.09229396397,    -0.01298050965,      0.6964658692,                 0,       46.11487059,              2.31,    0.005469128811
        282,           0,          29,      -4.629091829,      -2.112818291,      -2.140588116,      0.8375175529,      -4.207247566,       14627.65104,      0.0150804952,      0.6964540074,                 0,                 0,                 0,     0.09226260076,    -0.01300316311,      0.6964958891,                 0,       46.18243618,              2.31,    0.005469128811
        283,           0,          29,      -4.629975347,      -2.117973422,      -2.149109481,      0.8358142155,      -4.207176094,       14627.65104,     0.01505784966,      0.6964722538,                 0,                 0,                 0,     0.09223146374,     -0.0130265257,      0.6965132079,                 0,       46.25310184,              2.31,    0.005469128811
        284,           0,          29,      -4.632559853,      -2.124141392,      -2.159579756,      0.8318052602,      -4.207116396,       14627.65104,     0.01503524806,      0.6964812889,                 0,                 0,                 0,     0.09219949658,     -0.0130494731,      0.6965213247,                 0,       46.32323233,              2.31,    0.005469128811
        285,           0,          29,      -4.637154939,      -2.131353873,      -2.172522137,      0.8252151013,      -4.207065586,       14627.65104,     0.01501378095,      0.6964853442,                 0,                 0,                 0,     0.09216575461,    -0.01307108622,      0.6965245114,                 0,       46.38973665,              2.31,    0.005469128811
        286,           0,          29,      -4.643712739,      -2.139435602,      -2.188002567,      0.8161775156,      -4.207021455,       14627.65104,     0.01499389704,      0.6964875908,                 0,                 0,                 0,     0.09212993245,    -0.01309104452,      0.6965259547,                 0,       46.45140544,              2.31,    0.005469128811
        287,           0,          29,      -4.651879084,      -2.148046717,      -2.205625857,      0.8051818292,      -4.206983394,       14627.65104,     0.01497524566,      0.6964888443,                 0,                 0,                 0,     0.09209257392,    -0.01310973127,      0.6965264554,                 0,       46.50934349,              2.31,    0.005469128811
        288,           0,          29,       -4.66107659,      -2.156737849,      -2.224571146,      0.7929967467,      -4.206953176,       14627.65104,     0.01495689013,      0.6964874342,                 0,                 0,                 0,     0.09205485351,    -0.01312801505,      0.6965243066,                 0,       46.56632684,              2.31,    0.005469128811
        289,           0,          29,      -4.670626099,      -2.165026133,      -2.243669374,      0.7805445519,      -4.206935239,       14627.65104,      0.0149378005,      0.6964803106,                 0,                 0,                 0,     0.09201803332,    -0.01314680204,      0.6965164194,                 0,       46.62535896,              2.31,    0.005469128811
        290,           0,          29,      -4.679878888,      -2.172486973,      -2.261585671,      0.7687386842,      -4.206934115,       14627.65104,     0.01491738736,      0.6964647947,                 0,                 0,                 0,     0.09198287236,     -0.0131665732,      0.6965000933,                 0,       46.68812158,              2.31,    0.005469128811
        291,           0,          29,      -4.688349101,      -2.178841774,      -2.277091737,      0.7582957595,      -4.206952694,       14627.65104,     0.01489579496,      0.6964399997,                 0,                 0,                 0,     0.09194928504,    -0.01318714867,      0.6964744482,                 0,       46.75413441,              2.31,    0.005469128811
        292,           0,          29,      -4.695812721,      -2.184018522,      -2.289373748,      0.7495737159,      -4.206991206,       14627.65104,     0.01487379505,      0.6964073104,                 0,                 0,                 0,     0.09191643626,    -0.01320781312,      0.6964408988,                 0,       46.82109094,              2.31,    0.005469128811
        293,           0,          29,      -4.702339118,      -2.188159073,      -2.298254792,      0.7425004515,      -4.207047498,       14627.65104,     0.01485233855,      0.6963696336,                 0,                 0,                 0,     0.09188318033,    -0.01322773358,      0.6964023877,                 0,       46.88619448,              2.31,    0.005469128811
        294,           0,          29,      -4.708251832,      -2.191571415,       -2.30421563,      0.7366237565,      -4.207118502,       14627.65104,     0.01483205375,      0.6963299559,                 0,                 0,                 0,      0.0918486723,    -0.01324640264,      0.6963619246,                 0,       46.94764243,              2.31,    0.005469128811
        295,           0,          29,      -4.714046019,      -2.194649122,      -2.308195731,      0.7312422004,      -4.207201892,       14627.65104,     0.01481295551,       0.696290002,                 0,                 0,                 0,     0.09181284112,    -0.01326387497,      0.6963212335,                 0,       47.00547447,              2.31,    0.005469128811
        296,           0,          29,      -4.720240948,      -2.197796013,      -2.311140606,      0.7256159296,      -4.207297352,       14627.65104,     0.01479455397,      0.6962496329,                 0,                 0,                 0,     0.09177663325,    -0.01328063443,      0.6962801555,                 0,       47.06121146,              2.31,    0.005469128811
        297,           0,          29,      -4.727358324,      -2.201318589,      -2.314333549,      0.7190397053,       -4.20740684,       14627.65104,     0.01477584839,      0.6962057359,                 0,                 0,                 0,     0.09174061473,    -0.01329755549,      0.6962355402,                 0,       47.11781806,              2.31,    0.005469128811
        298,           0,          29,      -4.735766326,      -2.205399805,      -2.318401995,      0.7110071934,      -4.207533137,       14627.65104,     0.01475635589,      0.6961565612,                 0,                 0,                 0,     0.09170612862,     -0.0133150501,      0.6961856198,                 0,       47.17672618,              2.31,    0.005469128811
        299,           0,          29,      -4.745638661,      -2.210111658,      -2.323708422,      0.7012984761,      -4.207677921,       14627.65104,     0.01473607684,      0.6961009932,                 0,                 0,                 0,     0.09167375666,    -0.01333307294,      0.6961292796,                 0,       47.23787755,              2.31,    0.005469128811
        300,           0,          29,      -4.756983041,      -2.215383141,      -2.330300148,      0.6899197089,      -4.207840465,       14627.65104,     0.01471557542,      0.6960399401,                 0,                 0,                 0,     0.09164324581,    -0.01335109688,      0.6960674497,                 0,       47.29953944,              2.31,    0.005469128811
        301,           0,          29,      -4.769643747,      -2.221052143,      -2.337964764,      0.6770941749,      -4.208017537,       14627.65104,     0.01469567202,      0.6959759619,                 0,                 0,                 0,      0.0916137197,    -0.01336840539,      0.6960027213,                 0,       47.35924706,              2.31,    0.005469128811
        302,           0,          29,      -4.783326586,      -2.226909139,      -2.346320299,      0.6632202567,      -4.208204622,       14627.65104,     0.01467700001,       0.695912039,                 0,                 0,                 0,     0.09158418513,    -0.01338448574,      0.6959380978,                 0,       47.41514198,              2.31,    0.005469128811
        303,           0,          29,      -4.797632403,      -2.232739837,       -2.35489284,       0.648822722,      -4.208397875,       14627.65104,     0.01465967293,      0.6958501087,                 0,                 0,                 0,     0.09155403596,    -0.01339930256,      0.6958755194,                 0,       47.46695999,              2.31,    0.005469128811
        304,           0,          29,      -4.812116628,      -2.238363551,      -2.363212849,      0.6344713359,      -4.208595773,       14627.65104,     0.01464326926,      0.6957902811,                 0,                 0,                 0,     0.09152336481,    -0.01341328148,      0.6958150792,                 0,       47.51604772,              2.31,    0.005469128811
        305,           0,          29,       -4.82634013,      -2.243653888,      -2.370899364,      0.6207090492,      -4.208799598,       14627.65104,     0.01462713411,      0.6957313825,                 0,                 0,                 0,     0.09149303233,    -0.01342702954,      0.6957555781,                 0,       47.56443589,              2.31,    0.005469128811
        306,           0,          29,      -4.839922067,      -2.248539625,      -2.377896179,      0.6079795313,      -4.209012616,       14627.65104,     0.01461056713,      0.6956706525,                 0,                 0,                 0,       0.091463734,    -0.01344113527,      0.6956942298,                 0,       47.61421281,              2.31,    0.005469128811
        307,           0,          29,      -4.852562122,      -2.252999835,       -2.38382824,      0.5965884114,      -4.209238314,       14627.65104,     0.01459363163,      0.6956079518,                 0,                 0,                 0,      0.0914368653,    -0.01345552978,      0.6956308974,                 0,       47.66517133,              2.31,    0.005469128811
        308,           0,          29,      -4.864043798,      -2.257068378,      -2.388866919,       0.586724269,      -4.209478629,       14627.65104,     0.01457661485,      0.6955430293,                 0,                 0,                 0,     0.09141238272,    -0.01346991595,      0.6955653418,                 0,       47.71636187,              2.31,    0.005469128811
        309,           0,          29,      -4.874290846,      -2.260786831,      -2.393238461,      0.5783720764,      -4.209732698,       14627.65104,     0.01456008378,      0.6954775555,                 0,                 0,                 0,     0.09138969038,    -0.01348379459,      0.6954992549,                 0,       47.76604079,              2.31,    0.005469128811
        310,           0,          29,      -4.883320473,      -2.264228399,      -2.397228965,      0.5713958417,      -4.209996398,       14627.65104,     0.01454453332,       0.695413535,                 0,                 0,                 0,     0.09136775165,    -0.01349675199,      0.6954346596,                 0,       47.81270872,              2.31,    0.005469128811
        311,           0,          29,       -4.89122395,      -2.267474711,      -2.401129611,      0.5655716044,      -4.210264999,       14627.65104,     0.01453022211,      0.6953529919,                 0,                 0,                 0,      0.0913459134,    -0.01350861131,      0.6953735889,                 0,       47.85563404,              2.31,    0.005469128811
        312,           0,          29,      -4.898143898,        -2.2706106,      -2.405205785,      0.5606315775,      -4.210534332,       14627.65104,     0.01451699289,      0.6952966842,                 0,                 0,                 0,     0.09132404439,    -0.01351956023,      0.6953167937,                 0,       47.89536576,              2.31,    0.005469128811
        313,           0,          29,      -4.904249899,      -2.273711254,      -2.409686603,      0.5563027395,      -4.210801854,       14627.65104,     0.01450440207,      0.6952440065,                 0,                 0,                 0,     0.09130256925,    -0.01353001758,      0.6952636514,                 0,        47.9333104,              2.31,    0.005469128811
        314,           0,          29,      -4.909716861,      -2.276833043,       -2.41476032,       0.552337779,      -4.211066959,       14627.65104,     0.01449199966,      0.6951934729,                 0,                 0,                 0,     0.09128221365,    -0.01354037309,       0.695212659,                 0,       47.97084523,              2.31,    0.005469128811
        315,           0,          29,      -4.914718715,      -2.280000798,      -2.420565281,      0.5485276027,      -4.211330657,       14627.65104,     0.01447962371,      0.6951439491,                 0,                 0,                 0,     0.09126371806,    -0.01355074287,      0.6951626765,                 0,        48.0084264,              2.31,    0.005469128811
        316,           0,          29,      -4.919403023,      -2.283206783,      -2.427192799,      0.5447199027,      -4.211594671,       14627.65104,     0.01446748206,      0.6950955387,                 0,                 0,                 0,     0.09124748683,    -0.01356092342,      0.6951138161,                 0,       48.04537072,              2.31,    0.005469128811
        317,           0,          29,      -4.923875406,      -2.286408628,      -2.434665697,      0.5408341564,      -4.211860257,       14627.65104,     0.01445594764,      0.6950488259,                 0,                 0,                 0,      0.0912331664,    -0.01357056564,      0.6950666763,                 0,       48.08047476,              2.31,    0.005469128811
        318,           0,          29,       -4.92821747,      -2.289542417,      -2.442961805,      0.5368294213,      -4.212127249,       14627.65104,     0.01444544239,      0.6950054962,                 0,                 0,                 0,     0.09122015917,    -0.01357931591,      0.6950229584,                 0,       48.11244111,              2.31,    0.005469128811
        319,           0,          29,      -4.932451648,       -2.29252724,      -2.451981154,       0.532735345,      -4.212393915,       14627.65104,     0.01443616411,      0.6949667739,                 0,                 0,                 0,     0.09120783712,     -0.0135870259,      0.6949838936,                 0,       48.14068117,              2.31,    0.005469128811
        320,           0,          29,      -4.936573562,      -2.295288804,      -2.461566506,      0.5286126237,      -4.212657768,       14627.65104,     0.01442798652,      0.6949332189,                 0,                 0,                 0,     0.09119591369,    -0.01359384437,      0.6949500363,                 0,       48.16564099,              2.31,    0.005469128811
        321,           0,          29,      -4.940541123,      -2.297761394,      -2.471490794,      0.5245629572,      -4.212916919,       14627.65104,     0.01442057726,      0.6949045064,                 0,                 0,                 0,     0.09118463833,    -0.01360009032,      0.6949210485,                 0,        48.1883973,              2.31,    0.005469128811
        322,           0,          29,      -4.944279698,      -2.299897691,      -2.481459328,      0.5207230857,      -4.213171865,       14627.65104,     0.01441358213,      0.6948794595,                 0,                 0,                 0,     0.09117451947,    -0.01360607021,      0.6948957399,                 0,       48.21004612,              2.31,    0.005469128811
        323,           0,          29,      -4.947715646,      -2.301664598,      -2.491143475,      0.5172276494,      -4.213425087,       14627.65104,     0.01440675557,      0.6948568365,                 0,                 0,                 0,     0.09116588888,    -0.01361197939,      0.6948728602,                 0,        48.2313199,              2.31,    0.005469128811
        324,           0,          29,      -4.950808384,      -2.303046201,       -2.50020252,      0.5141747531,      -4.213679251,       14627.65104,     0.01440014729,      0.6948364313,                 0,                 0,                 0,      0.0911589177,    -0.01361775984,      0.6948522053,                 0,        48.2520364,              2.31,    0.005469128811
        325,           0,          29,      -4.953558733,      -2.304052527,      -2.508335428,      0.5116086277,      -4.213935126,       14627.65104,     0.01439406458,      0.6948189862,                 0,                 0,                 0,     0.09115341294,    -0.01362313446,      0.6948345291,                 0,       48.27121501,              2.31,    0.005469128811
        326,           0,          29,      -4.956031157,      -2.304719798,      -2.515355081,      0.5094827779,      -4.214190495,       14627.65104,     0.01438881222,      0.6948057708,                 0,                 0,                 0,     0.09114888592,    -0.01362784989,      0.6948211127,                 0,       48.28791704,              2.31,    0.005469128811
        327,           0,          29,      -4.958387882,       -2.30510434,      -2.521204313,      0.5076287674,      -4.214440772,       14627.65104,     0.01438460515,      0.6947975168,                 0,                 0,                 0,     0.09114473041,    -0.01363172085,      0.6948126959,                 0,         48.301466,              2.31,    0.005469128811
        328,           0,          29,      -4.960867674,      -2.305295635,      -2.526011677,      0.5057702037,      -4.214680942,       14627.65104,     0.01438136494,       0.694794857,                 0,                 0,                 0,     0.09114066959,    -0.01363485122,      0.6948099076,                 0,       48.31216368,              2.31,    0.005469128811
        329,           0,          29,      -4.963735036,      -2.305395026,      -2.530058105,      0.5035766926,      -4.214907759,       14627.65104,     0.01437881457,      0.6947976339,                 0,                 0,                 0,     0.09113690666,    -0.01363751145,      0.6948125795,                 0,       48.32092593,              2.31,    0.005469128811
        330,           0,          29,       -4.96731985,      -2.305504067,      -2.533711121,      0.5006538738,      -4.215121048,       14627.65104,     0.01437675062,      0.6948051626,                 0,                 0,                 0,     0.09113409325,    -0.01363987718,       0.694820019,                 0,       48.32838665,              2.31,    0.005469128811
        331,           0,          29,      -4.971844489,      -2.305709134,      -2.537335279,      0.4967126373,      -4.215323593,       14627.65104,     0.01437504848,      0.6948166594,                 0,                 0,                 0,     0.09113275166,    -0.01364204132,      0.6948314378,                 0,       48.33490895,              2.31,    0.005469128811
        332,           0,          29,      -4.977637909,      -2.306023336,      -2.541201473,      0.4914293665,      -4.215519818,       14627.65104,     0.01437379601,      0.6948316638,                 0,                 0,                 0,     0.09113317419,    -0.01364389755,      0.6948463795,                 0,       48.34016453,              2.31,    0.005469128811
        333,           0,          29,      -4.984772239,      -2.306440611,      -2.545450166,      0.4847367185,      -4.215713953,       14627.65104,     0.01437308374,      0.6948505369,                 0,                 0,                 0,     0.09113501561,    -0.01364536994,      0.6948652086,                 0,       48.34387314,              2.31,    0.005469128811
        334,           0,          29,      -4.993203002,      -2.306876989,      -2.549994835,      0.4767500204,      -4.215908342,       14627.65104,     0.01437318751,      0.6948750463,                 0,                 0,                 0,     0.09113810919,    -0.01364625413,      0.6948897022,                 0,       48.34522932,              2.31,    0.005469128811
        335,           0,          29,      -5.002753015,      -2.307197966,      -2.554540751,      0.4677732845,      -4.216102495,       14627.65104,     0.01437433248,      0.6949064668,                 0,                 0,                 0,      0.0911423518,    -0.01364637653,      0.6949211433,                 0,       48.34356431,              2.31,    0.005469128811
        336,           0,          29,      -5.013110392,      -2.307246859,      -2.558649062,      0.4582835316,      -4.216293242,       14627.65104,     0.01437650281,      0.6949453451,                 0,                 0,                 0,     0.09114758991,    -0.01364577501,      0.6949600775,                 0,        48.3389705,              2.31,    0.005469128811
        337,           0,          29,      -5.023876778,      -2.306879955,       -2.56183943,      0.4488589665,      -4.216476022,       14627.65104,     0.01437949245,      0.6949913662,                 0,                 0,                 0,      0.0911537423,    -0.01364464273,      0.6950061817,                 0,       48.33212082,              2.31,    0.005469128811
        338,           0,          29,      -5.034642688,      -2.306001444,      -2.563731604,      0.4400632028,      -4.216646788,       14627.65104,     0.01438305274,      0.6950437831,                 0,                 0,                 0,     0.09116088068,    -0.01364319806,      0.6950586995,                 0,       48.32380133,              2.31,    0.005469128811
        339,           0,          29,      -5.045076975,      -2.304587668,      -2.564168317,      0.4323137867,      -4.216803403,       14627.65104,     0.01438701762,      0.6951018455,                 0,                 0,                 0,     0.09116916916,    -0.01364157667,      0.6951168745,                 0,       48.31451963,              2.31,    0.005469128811
        340,           0,          29,      -5.054998196,      -2.302696856,      -2.563291066,      0.4257791761,      -4.216945347,       14627.65104,     0.01439133621,      0.6951650167,                 0,                 0,                 0,     0.09117869357,    -0.01363980778,      0.6951801685,                 0,       48.30441083,              2.31,    0.005469128811
        341,           0,          29,      -5.064414064,      -2.300454575,      -2.561517464,      0.4203439268,      -4.217071388,       14627.65104,     0.01439608592,       0.695233478,                 0,                 0,                 0,     0.09118946296,    -0.01363782134,      0.6952487656,                 0,       48.29322926,              2.31,    0.005469128811
        342,           0,          29,       -5.07350348,      -2.298022435,      -2.559441139,      0.4156649296,      -4.217176556,       14627.65104,     0.01440135519,      0.6953076213,                 0,                 0,                 0,     0.09120130479,    -0.01363554479,       0.695323061,                 0,       48.28070777,              2.31,    0.005469128811
        343,           0,          29,      -5.082533272,      -2.295560991,      -2.557686393,      0.4113042927,      -4.217250991,       14627.65104,     0.01440712777,      0.6953873585,                 0,                 0,                 0,     0.09121379589,    -0.01363299081,      0.6954029661,                 0,       48.26689745,              2.31,    0.005469128811
        344,           0,          29,      -5.091757228,      -2.293191678,      -2.556780068,      0.4068765824,      -4.217282974,       14627.65104,      0.0144133691,      0.6954727463,                 0,                 0,                 0,     0.09122674212,     -0.0136301962,      0.6954885361,                 0,       48.25192095,              2.31,    0.005469128811
        345,           0,          29,      -5.101297096,      -2.290971628,      -2.557048979,      0.4021894045,      -4.217265749,       14627.65104,     0.01442002288,      0.6955636243,                 0,                 0,                 0,     0.09124015992,    -0.01362721077,      0.6955796084,                 0,       48.23595842,              2.31,    0.005469128811
        346,           0,          29,        -5.1110476,      -2.288887355,      -2.558583386,      0.3973278967,      -4.217202429,       14627.65104,     0.01442705353,      0.6956597958,                 0,                 0,                 0,     0.09125423057,    -0.01362406215,      0.6956759852,                 0,       48.21911795,              2.31,    0.005469128811
        347,           0,          29,      -5.120640031,      -2.286866778,      -2.561243727,      0.3926640484,      -4.217105475,       14627.65104,     0.01443447062,      0.6957611653,                 0,                 0,                 0,     0.09126918667,     -0.0136207369,      0.6957775712,                 0,        48.2013635,              2.31,    0.005469128811
        348,           0,          29,      -5.129462868,      -2.284802978,      -2.564714091,      0.3887945306,      -4.216990373,       14627.65104,      0.0144423145,      0.6958677816,                 0,                 0,                 0,      0.0912851962,    -0.01361719669,      0.6958844171,                 0,       48.18256669,              2.31,    0.005469128811
        349,           0,          29,       -5.13676824,      -2.282584561,      -2.568591507,      0.3864022579,      -4.216867547,       14627.65104,     0.01445060269,      0.6959796858,                 0,                 0,                 0,     0.09130226372,    -0.01361342566,      0.6959965644,                 0,       48.16267533,              2.31,    0.005469128811
        350,           0,          29,      -5.141843225,      -2.280130135,      -2.572500494,       0.386067246,      -4.216738025,       14627.65104,     0.01445931036,      0.6960969516,                 0,                 0,                 0,      0.0913202734,    -0.01360945161,      0.6961140858,                 0,       48.14178091,              2.31,    0.005469128811
        351,           0,          29,      -5.144206747,      -2.277407378,      -2.576199838,      0.3880895241,      -4.216595271,       14627.65104,     0.01446831529,      0.6962194277,                 0,                 0,                 0,     0.09133902869,    -0.01360539055,      0.6962368254,                 0,       48.12028311,              2.31,    0.005469128811
        352,           0,          29,      -5.143745087,      -2.274443379,      -2.579657782,      0.3923973969,      -4.216430947,       14627.65104,     0.01447746063,      0.6963467146,                 0,                 0,                 0,     0.09135833569,    -0.01360138309,      0.6963643775,                 0,       48.09867784,              2.31,    0.005469128811
        353,           0,          29,       -5.14074088,      -2.271317528,      -2.583066357,      0.3985715236,      -4.216240049,       14627.65104,      0.0144866251,      0.6964783835,                 0,                 0,                 0,     0.09137809815,    -0.01359753313,      0.6964963087,                 0,       48.07733884,              2.31,    0.005469128811
        354,           0,          29,      -5.135765362,      -2.268142072,       -2.58679253,      0.4059802425,       -4.21602243,       14627.65104,     0.01449577343,      0.6966141937,                 0,                 0,                 0,     0.09139832331,    -0.01359386622,      0.6966323773,                 0,       48.05636601,              2.31,    0.005469128811
        355,           0,          29,      -5.129496571,      -2.265036068,      -2.591284454,      0.4139568764,      -4.215781151,       14627.65104,     0.01450495336,      0.6967541726,                 0,                 0,                 0,     0.09141905424,    -0.01359033577,      0.6967726124,                 0,       48.03560241,              2.31,    0.005469128811
        356,           0,          29,      -5.122539351,      -2.262099653,      -2.596963298,      0.4219540608,      -4.215520005,       14627.65104,     0.01451424112,      0.6968985105,                 0,                 0,                 0,     0.09144029087,    -0.01358687327,      0.6969172074,                 0,       48.01480867,              2.31,    0.005469128811
        357,           0,          29,      -5.115307815,      -2.259394903,      -2.604128611,      0.4296339219,      -4.215242136,       14627.65104,      0.0145236723,      0.6970473576,                 0,                 0,                 0,     0.09146195821,    -0.01358344921,      0.6970663137,                 0,       47.99387808,              2.31,    0.005469128811
        358,           0,          29,      -5.107989543,      -2.256937654,      -2.612896729,      0.4368863042,      -4.214950031,       14627.65104,     0.01453319684,      0.6972006187,                 0,                 0,                 0,     0.09148392443,    -0.01358010978,      0.6972198342,                 0,       47.97297018,              2.31,    0.005469128811
        359,           0,          29,      -5.100576874,      -2.254700446,      -2.623175933,      0.4437916397,      -4.214645037,       14627.65104,     0.01454268745,      0.6973579025,                 0,                 0,                 0,     0.09150606401,    -0.01357696639,      0.6973773727,                 0,       47.95247817,              2.31,    0.005469128811
        360,           0,          29,      -5.092947492,      -2.252626316,      -2.634684593,      0.4505423162,      -4.214328593,       14627.65104,     0.01455198813,      0.6975186164,                 0,                 0,                 0,     0.09152830617,    -0.01357415104,      0.6975383308,                 0,       47.93287422,              2.31,    0.005469128811
        361,           0,          29,      -5.084961987,      -2.250649172,      -2.647011719,      0.4573481832,      -4.214001058,       14627.65104,     0.01456097879,      0.6976821698,                 0,                 0,                 0,     0.09155064588,     -0.0135717599,      0.6977021137,                 0,       47.91451042,              2.31,    0.005469128811
        362,           0,          29,      -5.076549416,      -2.248714616,      -2.659713623,      0.4643517567,      -4.213661255,       14627.65104,     0.01456961822,       0.697848204,                 0,                 0,                 0,     0.09157311024,    -0.01356981969,      0.6978683612,                 0,       47.89749418,              2.31,    0.005469128811
        363,           0,          29,      -5.067759316,      -2.246795691,      -2.672426459,      0.4715733643,      -4.213307048,       14627.65104,     0.01457794367,      0.6980166822,                 0,                 0,                 0,     0.09159570248,    -0.01356829172,      0.6980370381,                 0,       47.88169703,              2.31,    0.005469128811
        364,           0,          29,      -5.058764363,      -2.244898765,      -2.684965099,      0.4789026803,      -4.212936484,       14627.65104,     0.01458602581,      0.6981878114,                 0,                 0,                 0,     0.09161836024,    -0.01356711371,       0.698208354,                 0,       47.86689811,              2.31,    0.005469128811
        365,           0,          29,      -5.049819908,      -2.243059801,       -2.69737228,      0.4861321402,      -4.212548769,       14627.65104,       0.014593903,      0.6983617695,                 0,                 0,                 0,     0.09164093594,    -0.01356625451,      0.6983824882,                 0,       47.85298144,              2.31,    0.005469128811
        366,           0,          29,       -5.04121247,      -2.241330885,      -2.709894509,      0.4930109164,       -4.21214482,       14627.65104,     0.01460155506,      0.6985385959,                 0,                 0,                 0,     0.09166327835,    -0.01356573587,      0.6985594793,                 0,       47.84001383,              2.31,    0.005469128811
        367,           0,          29,      -5.033192926,      -2.239765731,       -2.72289493,      0.4993092502,      -4.211726574,       14627.65104,     0.01460889155,      0.6987180601,                 0,                 0,                 0,     0.09168528236,    -0.01356563885,      0.6987390934,                 0,       47.82827345,              2.31,    0.005469128811
        368,           0,          29,      -5.025942041,      -2.238404347,      -2.736723286,        0.50486182,      -4.211295697,       14627.65104,     0.01461583454,      0.6988997743,                 0,                 0,                 0,     0.09170694063,    -0.01356602572,      0.6989209398,                 0,       47.81798621,              2.31,    0.005469128811
        369,           0,          29,      -5.019543427,      -2.237265681,      -2.751591346,      0.5095940456,      -4.210852102,       14627.65104,      0.0146222516,      0.6990830044,                 0,                 0,                 0,     0.09172817236,    -0.01356699917,      0.6991042797,                 0,        47.8095319,              2.31,    0.005469128811
        370,           0,          29,      -5.013987111,      -2.236345682,      -2.767479078,      0.5135210189,      -4.210396481,       14627.65104,     0.01462808195,      0.6992672961,                 0,                 0,                 0,     0.09174898802,    -0.01356860166,      0.6992886566,                 0,       47.80307483,              2.31,    0.005469128811
        371,           0,          29,      -5.009202528,      -2.235622501,      -2.784077929,      0.5167219887,       -4.20992948,       14627.65104,     0.01463338341,      0.6994524828,                 0,                 0,                 0,     0.09176945417,    -0.01357076867,      0.6994739064,                 0,       47.79841156,              2.31,    0.005469128811
        372,           0,          29,      -5.005086676,      -2.235067906,      -2.800808087,       0.519307713,      -4.209451818,       14627.65104,     0.01463819821,      0.6996385379,                 0,                 0,                 0,     0.09178952643,    -0.01357345696,      0.6996600045,                 0,       47.79539994,              2.31,    0.005469128811
        373,           0,          29,       -5.00153575,      -2.234655827,      -2.816900407,      0.5213863086,      -4.208964659,       14627.65104,     0.01464253852,       0.699825392,                 0,                 0,                 0,     0.09180903643,    -0.01357665155,      0.6998468816,                 0,       47.79399358,              2.31,    0.005469128811
        374,           0,          29,      -4.998490791,      -2.234370028,      -2.831558351,      0.5230226938,      -4.208469387,       14627.65104,     0.01464640223,      0.7000129623,                 0,                 0,                 0,     0.09182780517,    -0.01358035122,      0.7000344553,                 0,       47.79419213,              2.31,    0.005469128811
        375,           0,          29,      -4.995938615,      -2.234209307,      -2.844137317,      0.5242304687,      -4.207967196,       14627.65104,     0.01464977485,      0.7002011058,                 0,                 0,                 0,     0.09184572083,     -0.0135845647,      0.7002225818,                 0,        47.7960319,              2.31,    0.005469128811
        376,           0,          29,      -4.993917942,      -2.234185749,       -2.85430343,      0.5249685257,      -4.207458936,       14627.65104,     0.01465260951,      0.7003892967,                 0,                 0,                 0,     0.09186267485,    -0.01358931759,       0.700410734,                 0,       47.79962888,              2.31,    0.005469128811
        377,           0,          29,      -4.992492303,      -2.234319896,        -2.8620712,      0.5251619234,      -4.206945334,       14627.65104,     0.01465489408,      0.7005773009,                 0,                 0,                 0,     0.09187872966,    -0.01359461261,      0.7005986775,                 0,       47.80500609,              2.31,    0.005469128811
        378,           0,          29,      -4.991829601,       -2.23462977,      -2.867683906,      0.5246668028,      -4.206427405,       14627.65104,     0.01465665384,      0.7007652389,                 0,                 0,                 0,     0.09189409834,    -0.01360042934,      0.7007865338,                 0,       47.81208906,              2.31,    0.005469128811
        379,           0,          29,      -4.991902615,      -2.235156182,      -2.871670228,      0.5234503263,      -4.205906621,       14627.65104,     0.01465790013,      0.7009519198,                 0,                 0,                 0,     0.09190877556,    -0.01360670846,      0.7009731131,                 0,        47.8207597,              2.31,    0.005469128811
        380,           0,          29,      -4.992760622,      -2.235898899,      -2.874242857,      0.5214618996,      -4.205384607,       14627.65104,     0.01465842655,      0.7011358553,                 0,                 0,                 0,      0.0919221778,    -0.01361359621,      0.7011569204,                 0,       47.83159046,              2.31,    0.005469128811
        381,           0,          29,      -4.994412256,      -2.236855387,      -2.875508147,      0.5186833502,       -4.20486249,       14627.65104,     0.01465821503,       0.701317566,                 0,                 0,                 0,     0.09193417667,    -0.01362113162,      0.7013384749,                 0,       47.84467717,              2.31,    0.005469128811
        382,           0,          29,      -4.996824735,      -2.238014943,      -2.875373198,      0.5151435857,      -4.204340429,       14627.65104,     0.01465735522,      0.7014972756,                 0,                 0,                 0,     0.09194487202,    -0.01362923414,      0.7015180039,                 0,       47.85974448,              2.31,    0.005469128811
        383,           0,          29,       -4.99992716,       -2.23935406,      -2.873553212,      0.5109129969,      -4.203817772,       14627.65104,     0.01465587775,      0.7016748746,                 0,                 0,                 0,     0.09195423939,    -0.01363786874,      0.7016953989,                 0,       47.87668718,              2.31,    0.005469128811
        384,           0,          29,      -5.003636471,      -2.240851293,       -2.86977201,      0.5060785048,      -4.203293825,       14627.65104,     0.01465380902,      0.7018500813,                 0,                 0,                 0,     0.09196223013,    -0.01364699771,      0.7018703799,                 0,       47.89540252,              2.31,    0.005469128811
        385,           0,          29,      -5.007868746,       -2.24248632,      -2.863905731,      0.5007256522,        -4.2027687,       14627.65104,     0.01465121156,      0.7020229556,                 0,                 0,                 0,     0.09196897203,    -0.01365656096,      0.7020430091,                 0,       47.91569303,              2.31,    0.005469128811
        386,           0,          29,      -5.012562417,      -2.244242354,      -2.856050272,      0.4949159114,       -4.20224369,       14627.65104,     0.01464804169,      0.7021929298,                 0,                 0,                 0,     0.09197435893,    -0.01366657927,      0.7022127173,                 0,       47.93766598,              2.31,    0.005469128811
        387,           0,          29,       -5.01767845,      -2.246117246,      -2.846551219,      0.4886801554,      -4.201720139,       14627.65104,     0.01464429252,      0.7023597074,                 0,                 0,                 0,     0.09197834823,    -0.01367704756,      0.7023792083,                 0,       47.96132737,              2.31,    0.005469128811
        388,           0,          29,      -5.023212205,      -2.248114546,      -2.835947628,      0.4820097259,      -4.201198703,       14627.65104,     0.01463997461,      0.7025229597,                 0,                 0,                 0,     0.09198101869,    -0.01368794204,      0.7025421539,                 0,       47.98662418,              2.31,    0.005469128811
        389,           0,          29,       -5.02916023,      -2.250242563,      -2.824805092,      0.4748835362,      -4.200678563,       14627.65104,     0.01463510994,      0.7026824562,                 0,                 0,                 0,      0.0919824427,    -0.01369923145,      0.7027013247,                 0,       48.01347302,              2.31,    0.005469128811
        390,           0,          29,      -5.035547399,      -2.252512815,      -2.813645192,       0.467256012,      -4.200156409,       14627.65104,     0.01462971658,      0.7028380774,                 0,                 0,                 0,     0.09198264082,    -0.01371089293,      0.7028566021,                 0,       48.04181091,              2.31,    0.005469128811
        391,           0,          29,      -5.042353774,      -2.254942957,      -2.802651373,       0.459114496,      -4.199627086,       14627.65104,     0.01462375012,       0.702988057,                 0,                 0,                 0,       0.091981153,    -0.01372289964,      0.7030062193,                 0,       48.07166775,              2.31,    0.005469128811
        392,           0,          29,      -5.049598132,      -2.257513907,      -2.792406948,      0.4504344451,      -4.199085531,       14627.65104,      0.0146172635,      0.7031344705,                 0,                 0,                 0,     0.09197838069,    -0.01373528236,      0.7031522524,                 0,       48.10301673,              2.31,    0.005469128811
        393,           0,          29,      -5.057220615,      -2.260225871,      -2.782880293,      0.4412415641,      -4.198529189,       14627.65104,     0.01461038855,      0.7032767239,                 0,                 0,                 0,     0.09197428844,    -0.01374788542,      0.7032941131,                 0,       48.13538816,              2.31,    0.005469128811
        394,           0,          29,      -5.065144658,      -2.263064279,      -2.774027942,      0.4316078366,      -4.197959924,       14627.65104,     0.01460312689,         0.7034147,                 0,                 0,                 0,      0.0919687904,    -0.01376070246,      0.7034316843,                 0,       48.16877269,              2.31,    0.005469128811
        395,           0,          29,       -5.07325615,      -2.266007245,      -2.765775051,      0.4216373589,       -4.19738372,       14627.65104,     0.01459544094,      0.7035480244,                 0,                 0,                 0,     0.09196179435,    -0.01377375596,      0.7035645907,                 0,         48.203273,              2.31,    0.005469128811
        396,           0,          29,      -5.081439994,      -2.269032739,      -2.758052195,       0.411443079,      -4.196809779,       14627.65104,     0.01458730499,      0.7036763608,                 0,                 0,                 0,     0.09195326618,    -0.01378705805,      0.7036924948,                 0,        48.2389558,              2.31,    0.005469128811
        397,           0,          29,      -5.089571957,      -2.272120774,      -2.750832024,      0.4011472295,       -4.19624878,       14627.65104,     0.01457873199,      0.7037995856,                 0,                 0,                 0,     0.09194330122,    -0.01380059081,      0.7038152739,                 0,         48.275775,              2.31,    0.005469128811
        398,           0,          29,      -5.097543594,      -2.275257406,       -2.74415119,      0.3908542399,      -4.195710364,       14627.65104,     0.01456969684,      0.7039172683,                 0,                 0,                 0,     0.09193189329,    -0.01381436195,      0.7039324968,                 0,       48.31378963,              2.31,    0.005469128811
        399,           0,          29,      -5.105245203,      -2.278421237,      -2.737730647,      0.3806779425,       -4.19520187,       14627.65104,     0.01456019375,       0.704028275,                 0,                 0,                 0,      0.0919188927,    -0.01382833158,      0.7040430302,                 0,       48.35294688,              2.31,    0.005469128811
        400,           0,          29,      -5.112661866,      -2.281631412,      -2.732343374,      0.3706084639,      -4.194727821,       14627.65104,       0.014550252,      0.7041341777,                 0,                 0,                 0,     0.09190461391,    -0.01384253379,      0.7041484462,                 0,       48.39326342,              2.31,    0.005469128811
        401,           0,          29,      -5.119699725,       -2.28487943,      -2.727808807,      0.3607367806,      -4.194289663,       14627.65104,      0.0145400061,      0.7042345267,                 0,                 0,                 0,     0.09188912101,    -0.01385681605,      0.7042483007,                 0,       48.43426624,              2.31,    0.005469128811
        402,           0,          29,       -5.12630077,      -2.288162611,      -2.724197055,      0.3511020476,      -4.193885815,       14627.65104,     0.01452951818,      0.7043293167,                 0,                 0,                 0,     0.09187241273,    -0.01387111607,      0.7043425909,                 0,       48.47575177,              2.31,    0.005469128811
        403,           0,          29,      -5.132411008,      -2.291481123,       -2.72157817,      0.3417580142,      -4.193512114,       14627.65104,     0.01451881436,      0.7044184779,                 0,                 0,                 0,     0.09185450619,    -0.01388540494,      0.7044312483,                 0,       48.51763102,              2.31,    0.005469128811
        404,           0,          29,      -5.137962392,      -2.294827159,      -2.719971523,      0.3327819667,      -4.193162683,       14627.65104,     0.01450792225,      0.7045018826,                 0,                 0,                 0,     0.09183540386,    -0.01389964992,      0.7045141462,                 0,       48.55980551,              2.31,    0.005469128811
        405,           0,          29,      -5.142880858,      -2.298188091,      -2.719346283,      0.3242754246,      -4.192831118,       14627.65104,      0.0144968545,      0.7045795398,                 0,                 0,                 0,     0.09181519548,    -0.01391383874,      0.7045912941,                 0,       48.60223574,              2.31,    0.005469128811
        406,           0,          29,      -5.147088084,      -2.301547697,      -2.719645985,      0.3163589345,      -4.192511793,       14627.65104,     0.01448560835,      0.7046513441,                 0,                 0,                 0,     0.09179398262,    -0.01392796991,      0.7046625868,                 0,       48.64492586,              2.31,    0.005469128811
        407,           0,          29,      -5.150515012,      -2.304888479,      -2.720808988,       0.309157785,         -4.192201,       14627.65104,      0.0144741887,      0.7047171469,                 0,                 0,                 0,     0.09177186231,    -0.01394203254,      0.7047278759,                 0,       48.68785129,              2.31,    0.005469128811
        408,           0,          29,      -5.153114433,         -2.308194,       -2.72277758,      0.3027808055,        -4.1918976,       14627.65104,     0.01446261843,      0.7047768818,                 0,                 0,                 0,     0.09174892217,    -0.01395600109,      0.7047870958,                 0,       48.73093245,              2.31,    0.005469128811
        409,           0,          29,      -5.154871274,      -2.311450241,      -2.725506792,      0.2973040811,      -4.191602896,       14627.65104,      0.0144509586,      0.7048306436,                 0,                 0,                 0,     0.09172526844,    -0.01396981838,      0.7048403441,                 0,       48.77397155,              2.31,    0.005469128811
        410,           0,          29,       -5.15580733,      -2.314646629,      -2.728970137,      0.2927585175,      -4.191319514,       14627.65104,     0.01443928304,      0.7048785984,                 0,                 0,                 0,     0.09170098572,    -0.01398341733,      0.7048877892,                 0,       48.81673117,              2.31,    0.005469128811
        411,           0,          29,      -5.155980255,      -2.317776241,      -2.733158109,      0.2891268662,      -4.191050335,       14627.65104,     0.01442765706,      0.7049209381,                 0,                 0,                 0,     0.09167613355,    -0.01399674041,      0.7049296259,                 0,       48.85900289,              2.31,    0.005469128811
        412,           0,          29,      -5.155474145,      -2.320834924,      -2.738071538,      0.2863522697,      -4.190798718,       14627.65104,     0.01441613069,      0.7049578096,                 0,                 0,                 0,     0.09165076346,    -0.01400974357,      0.7049660029,                 0,       48.90062561,              2.31,    0.005469128811
        413,           0,          29,      -5.154388044,      -2.323820023,      -2.743711625,      0.2843523479,      -4.190566538,       14627.65104,     0.01440472663,      0.7049893262,                 0,                 0,                 0,     0.09162495634,    -0.01402240867,      0.7049970342,                 0,       48.94152762,              2.31,    0.005469128811
        414,           0,          29,      -5.152824988,      -2.326728769,      -2.750069384,      0.2830345918,      -4.190354082,       14627.65104,     0.01439345063,      0.7050155461,                 0,                 0,                 0,     0.09159881988,    -0.01403473233,      0.7050227783,                 0,       48.98169064,              2.31,    0.005469128811
        415,           0,          29,      -5.150884062,      -2.329557057,      -2.757117051,      0.2823083809,      -4.190160035,       14627.65104,     0.01438230299,      0.7050364996,                 0,                 0,                 0,     0.09157247803,    -0.01404671547,      0.7050432655,                 0,       49.02111295,              2.31,    0.005469128811
        416,           0,          29,      -5.148656283,      -2.332298922,      -2.764802961,      0.2820912448,      -4.189981446,       14627.65104,     0.01437129376,      0.7050522422,                 0,                 0,                 0,     0.09154605646,    -0.01405835028,      0.7050585516,                 0,       49.05976137,              2.31,    0.005469128811
        417,           0,          29,      -5.146224289,      -2.334946903,      -2.773050901,      0.2823088763,      -4.189814947,       14627.65104,     0.01436045282,       0.705062891,                 0,                 0,                 0,     0.09151966431,    -0.01406961162,      0.7050687547,                 0,       49.09753889,              2.31,    0.005469128811
        418,           0,          29,      -5.143664565,      -2.337492869,       -2.78176271,      0.2828910647,      -4.189657637,       14627.65104,     0.01434983095,      0.7050686449,                 0,                 0,                 0,     0.09149338738,    -0.01408045678,      0.7050740758,                 0,       49.13428232,              2.31,    0.005469128811
        419,           0,          29,      -5.141049892,      -2.339929088,      -2.790823245,      0.2837668161,      -4.189507876,       14627.65104,     0.01433949056,      0.7050697706,                 0,                 0,                 0,      0.0914672949,    -0.01409083414,      0.7050747838,                 0,       49.16979218,              2.31,    0.005469128811
        420,           0,          29,      -5.138451425,      -2.342249056,       -2.80010573,      0.2848605735,      -4.189365586,       14627.65104,     0.01432949091,      0.7050665608,                 0,                 0,                 0,     0.09144145533,    -0.01410069628,      0.7050711736,                 0,       49.20388067,              2.31,    0.005469128811
        421,           0,          29,      -5.135939029,      -2.344447876,       -2.80947578,      0.2860918359,      -4.189231791,       14627.65104,     0.01431987544,      0.7050592934,                 0,                 0,                 0,     0.09141595371,    -0.01411001102,      0.7050635246,                 0,       49.23641246,              2.31,    0.005469128811
        422,           0,          29,       -5.13358017,      -2.346522164,      -2.818792589,      0.2873777738,      -4.189107609,       14627.65104,     0.01431066502,      0.7050481867,                 0,                 0,                 0,     0.09139089582,    -0.01411876628,      0.7050520556,                 0,       49.26732514,              2.31,    0.005469128811
        423,           0,          29,      -5.131438003,      -2.348469594,      -2.827907686,      0.2886375687,      -4.188993394,       14627.65104,     0.01430186554,      0.7050334175,                 0,                 0,                 0,     0.09136641126,    -0.01412696333,      0.7050369438,                 0,       49.29660509,              2.31,    0.005469128811
        424,           0,          29,      -5.129567758,      -2.350288409,      -2.836662267,      0.2897988233,      -4.188888509,       14627.65104,     0.01429347855,      0.7050151378,                 0,                 0,                 0,     0.09134263412,    -0.01413460672,      0.7050183409,                 0,       49.32425199,              2.31,    0.005469128811
        425,           0,          29,      -5.128017548,      -2.351976897,      -2.844883757,      0.2907991502,      -4.188791721,       14627.65104,     0.01428551314,      0.7049935254,                 0,                 0,                 0,     0.09131968106,    -0.01414169454,       0.704996425,                 0,       49.35024162,              2.31,    0.005469128811
        426,           0,          29,      -5.126823181,      -2.353532864,      -2.852386466,      0.2915918448,      -4.188701611,       14627.65104,     0.01427800043,      0.7049688545,                 0,                 0,                 0,     0.09129765688,    -0.01414820675,      0.7049714713,                 0,       49.37448054,              2.31,    0.005469128811
        427,           0,          29,      -5.126014373,      -2.354954195,       -2.85897611,      0.2921405939,      -4.188617238,       14627.65104,     0.01427098107,      0.7049414454,                 0,                 0,                 0,     0.09127662936,    -0.01415411566,      0.7049438015,                 0,       49.39684539,              2.31,    0.005469128811
        428,           0,          29,      -5.125610364,      -2.356238852,      -2.864460956,      0.2924227632,      -4.188537601,       14627.65104,     0.01426450023,      0.7049116497,                 0,                 0,                 0,     0.09125664734,    -0.01415939027,      0.7049137688,                 0,       49.41719921,              2.31,    0.005469128811
        429,           0,          29,      -5.125626125,      -2.357385215,      -2.868665259,      0.2924235286,      -4.188462245,       14627.65104,     0.01425859179,      0.7048798647,                 0,                 0,                 0,     0.09123776525,    -0.01416401278,      0.7048817716,                 0,       49.43544741,              2.31,    0.005469128811
        430,           0,          29,       -5.12607234,      -2.358392032,      -2.871451708,       0.292132967,      -4.188391191,       14627.65104,     0.01425326727,      0.7048464166,                 0,                 0,                 0,      0.0912200369,    -0.01416798481,       0.704848136,                 0,       49.45156807,              2.31,    0.005469128811
        431,           0,          29,      -5.126946059,      -2.359258239,      -2.872724015,      0.2915579639,      -4.188324213,       14627.65104,     0.01424851926,      0.7048115462,                 0,                 0,                 0,     0.09120353528,    -0.01417132348,      0.7048131026,                 0,       49.46559945,              2.31,    0.005469128811
        432,           0,          29,      -5.128252078,       -2.35998378,      -2.872446057,      0.2906975016,      -4.188260943,       14627.65104,     0.01424432744,       0.704775407,                 0,                 0,                 0,     0.09118834649,    -0.01417405525,      0.7047768238,                 0,       49.47761908,              2.31,    0.005469128811
        433,           0,          29,       -5.12998528,      -2.360568864,      -2.870639939,      0.2895613736,      -4.188200924,       14627.65104,     0.01424069475,      0.7047382949,                 0,                 0,                 0,     0.09117458069,    -0.01417618914,      0.7047395954,                 0,       49.48763436,              2.31,    0.005469128811
        434,           0,          29,      -5.132151277,      -2.360997368,      -2.867450346,      0.2881635128,      -4.188143584,       14627.65104,      0.0142375937,      0.7047001982,                 0,                 0,                 0,     0.09116217891,    -0.01417775214,      0.7047014047,                 0,       49.49573736,              2.31,    0.005469128811
        435,           0,          29,      -5.134719105,      -2.361307583,      -2.862892903,      0.2865033647,      -4.188088156,       14627.65104,     0.01423511382,      0.7046620111,                 0,                 0,                 0,     0.09115146889,    -0.01417869083,      0.7046631487,                 0,       49.50167733,              2.31,    0.005469128811
        436,           0,          29,      -5.137666419,      -2.361488604,      -2.857157796,      0.2846387931,      -4.188033664,       14627.65104,     0.01423324895,      0.7046237204,                 0,                 0,                 0,     0.09114237147,    -0.01417901084,       0.704624814,                 0,       49.50547293,              2.31,    0.005469128811
        437,           0,          29,      -5.140973256,      -2.361540324,       -2.85041611,      0.2825917875,      -4.187978982,       14627.65104,     0.01423201269,      0.7045856884,                 0,                 0,                 0,     0.09113488206,    -0.01417871316,       0.704586763,                 0,       49.50710092,              2.31,    0.005469128811
        438,           0,          29,      -5.144619149,      -2.361468391,      -2.842853223,      0.2803904319,      -4.187922958,       14627.65104,     0.01423140113,      0.7045483133,                 0,                 0,                 0,     0.09112902343,    -0.01417781778,      0.7045493936,                 0,       49.50660212,              2.31,    0.005469128811
        439,           0,          29,      -5.148684711,       -2.36132466,       -2.83491018,       0.277899506,      -4.187864488,       14627.65104,     0.01423141362,      0.7045119245,                 0,                 0,                 0,     0.09112484307,     -0.0141763386,      0.7045130349,                 0,       49.50400172,              2.31,    0.005469128811
        440,           0,          29,      -5.152857031,      -2.361017106,      -2.826333856,       0.275591541,      -4.187802546,       14627.65104,     0.01423203605,       0.704476726,                 0,                 0,                 0,     0.09112238922,    -0.01417429796,      0.7044778901,                 0,        49.4993635,              2.31,    0.005469128811
        441,           0,          29,      -5.157302016,      -2.360598819,      -2.817454525,       0.273176297,      -4.187736252,       14627.65104,     0.01423323237,      0.7044428186,                 0,                 0,                 0,     0.09112164576,    -0.01417173594,      0.7044440585,                 0,       49.49282077,              2.31,    0.005469128811
        442,           0,          29,      -5.161921483,      -2.360077589,      -2.808488469,      0.2707890436,       -4.18766493,       14627.65104,     0.01423498427,      0.7044105339,                 0,                 0,                 0,     0.09112267282,    -0.01416868418,      0.7044118706,                 0,       49.48446168,              2.31,    0.005469128811
        443,           0,          29,      -5.166669896,       -2.35945705,      -2.799566986,      0.2684806564,      -4.187587932,       14627.65104,      0.0142372758,      0.7043800658,                 0,                 0,                 0,     0.09112547272,    -0.01416516646,      0.7043815196,                 0,       49.47435699,              2.31,    0.005469128811
        444,           0,          29,      -5.171497782,      -2.358744369,      -2.790794155,      0.2662913942,      -4.187505115,       14627.65104,     0.01424009167,       0.704351619,                 0,                 0,                 0,     0.09112999238,     -0.0141612063,      0.7043532094,                 0,       49.46257617,              2.31,    0.005469128811
        445,           0,          29,      -5.176355358,       -2.35794684,      -2.782266707,      0.2642614036,      -4.187416411,       14627.65104,     0.01424341661,      0.7043254039,                 0,                 0,                 0,     0.09113616071,    -0.01415682743,      0.7043271496,                 0,       49.44918927,              2.31,    0.005469128811
        446,           0,          29,      -5.181209469,      -2.357051227,      -2.774294451,      0.2624269191,      -4.187321529,       14627.65104,      0.0142472269,      0.7043012991,                 0,                 0,                 0,     0.09114383401,    -0.01415204867,      0.7043032181,                 0,       49.43427266,              2.31,    0.005469128811
        447,           0,          29,       -5.18597167,      -2.356105894,      -2.766591399,      0.2607988484,      -4.187219992,       14627.65104,     0.01425148753,      0.7042801451,                 0,                 0,                 0,      0.0911530848,    -0.01414693886,      0.7042822529,                 0,       49.41800941,              2.31,    0.005469128811
        448,           0,          29,      -5.190583227,      -2.355104627,      -2.759343932,      0.2594605677,      -4.187111442,       14627.65104,     0.01425618837,      0.7042618353,                 0,                 0,                 0,     0.09116384781,    -0.01414150384,      0.7042641475,                 0,       49.40042996,              2.31,    0.005469128811
        449,           0,          29,       -5.19498478,      -2.354048178,       -2.75262203,      0.2584284132,      -4.186996056,       14627.65104,     0.01426127677,      0.7042464235,                 0,                 0,                 0,     0.09117605565,    -0.01413579839,      0.7042489533,                 0,       49.38172332,              2.31,    0.005469128811
        450,           0,          29,      -5.199128314,      -2.352947277,      -2.746478383,      0.2577164877,      -4.186874799,       14627.65104,     0.01426669423,      0.7042339067,                 0,                 0,                 0,     0.09118963472,    -0.01412988082,       0.704236665,                 0,       49.36209435,              2.31,    0.005469128811
        451,           0,          29,      -5.202959551,      -2.351809087,      -2.740955029,      0.2573389365,      -4.186749244,       14627.65104,     0.01427240194,      0.7042243232,                 0,                 0,                 0,     0.09120450705,    -0.01412379149,      0.7042273194,                 0,       49.34168239,              2.31,    0.005469128811
        452,           0,          29,      -5.206430305,      -2.350641534,      -2.736077294,       0.257301444,      -4.186620834,       14627.65104,      0.0142783799,      0.7042178045,                 0,                 0,                 0,     0.09122060178,    -0.01411755564,      0.7042210469,                 0,       49.32056785,              2.31,    0.005469128811
        453,           0,          29,      -5.209502741,      -2.349452722,      -2.731861856,      0.2575989769,      -4.186489981,       14627.65104,     0.01428460746,      0.7042144637,                 0,                 0,                 0,     0.09123782709,    -0.01411119849,      0.7042179599,                 0,       49.29883204,              2.31,    0.005469128811
        454,           0,          29,      -5.212470056,       -2.34830733,      -2.728781314,       0.257830138,       -4.18635565,       14627.65104,     0.01429103943,      0.7042145206,                 0,                 0,                 0,     0.09125607267,    -0.01410477403,       0.704218276,                 0,       49.27664808,              2.31,    0.005469128811
        455,           0,          29,      -5.214780908,      -2.347115983,      -2.725953788,      0.2586018869,      -4.186215867,       14627.65104,     0.01429767486,      0.7042177607,                 0,                 0,                 0,     0.09127520892,    -0.01409827458,      0.7042217808,                 0,        49.2540058,              2.31,    0.005469128811
        456,           0,          29,      -5.216551396,      -2.345915907,      -2.723920559,      0.2597472245,      -4.186068715,       14627.65104,     0.01430443023,      0.7042242826,                 0,                 0,                 0,     0.09129511243,    -0.01409178758,      0.7042285697,                 0,       49.23120121,              2.31,    0.005469128811
        457,           0,          29,      -5.217841002,      -2.344723314,      -2.722630451,       0.261167677,      -4.185913218,       14627.65104,     0.01431125985,      0.7042340705,                 0,                 0,                 0,     0.09131569298,    -0.01408535802,      0.7042386249,                 0,       49.20839099,              2.31,    0.005469128811
        458,           0,          29,      -5.218670291,      -2.343547334,      -2.722006241,       0.262799743,      -4.185749581,       14627.65104,     0.01431812311,      0.7042470928,                 0,                 0,                 0,     0.09133687051,    -0.01407902523,      0.7042519133,                 0,       49.18571293,              2.31,    0.005469128811
        459,           0,          29,      -5.219057893,      -2.342395037,      -2.722018486,      0.2646052026,      -4.185578718,       14627.65104,     0.01432497845,      0.7042632861,                 0,                 0,                 0,     0.09135855713,    -0.01407282814,      0.7042683697,                 0,       49.16330511,              2.31,    0.005469128811
        460,           0,          29,      -5.219026152,      -2.341272574,      -2.722688206,      0.2665471204,      -4.185401543,       14627.65104,     0.01433179014,      0.7042825784,                 0,                 0,                 0,     0.09138064968,    -0.01406679958,       0.704287921,                 0,       49.14128461,              2.31,    0.005469128811
        461,           0,          29,      -5.218603753,      -2.340185457,      -2.724037713,      0.2685871092,       -4.18521852,       14627.65104,     0.01433853281,       0.704304915,                 0,                 0,                 0,     0.09140303377,     -0.0140609627,      0.7043105112,                 0,       49.11973383,              2.31,    0.005469128811
        462,           0,          29,      -5.217826535,      -2.339138899,      -2.726073772,      0.2706860846,      -4.185029655,       14627.65104,     0.01434518528,      0.7043302396,                 0,                 0,                 0,      0.0914255897,    -0.01405533637,      0.7043360833,                 0,       49.09872027,              2.31,    0.005469128811
        463,           0,          29,      -5.216735364,      -2.338137812,       -2.72879255,      0.2728053877,      -4.184834779,       14627.65104,     0.01435172314,      0.7043584876,                 0,                 0,                 0,     0.09144819943,    -0.01404994239,      0.7043645719,                 0,       49.07832185,              2.31,    0.005469128811
        464,           0,          29,      -5.215374896,      -2.337186742,       -2.73218519,      0.2749072645,      -4.184633851,       14627.65104,     0.01435811331,      0.7043895514,                 0,                 0,                 0,     0.09147074821,    -0.01404480947,       0.704395868,                 0,       49.05864273,              2.31,    0.005469128811
        465,           0,          29,      -5.213791036,      -2.336289823,      -2.736240493,      0.2769561006,      -4.184427085,       14627.65104,     0.01436431495,      0.7044232635,                 0,                 0,                 0,     0.09149312847,    -0.01403997169,      0.7044298027,                 0,       49.03980913,              2.31,    0.005469128811
        466,           0,          29,       -5.21203082,      -2.335450508,      -2.740944594,      0.2789187361,      -4.184214901,       14627.65104,     0.01437028992,      0.7044594871,                 0,                 0,                 0,     0.09151525991,     -0.0140354616,      0.7044662376,                 0,       49.02193977,              2.31,    0.005469128811
        467,           0,          29,      -5.210140325,      -2.334672066,      -2.746281644,      0.2807649024,      -4.183997799,       14627.65104,     0.01437599675,      0.7044980217,                 0,                 0,                 0,     0.09153704336,     -0.0140313126,      0.7045049709,                 0,       49.00516006,              2.31,    0.005469128811
        468,           0,          29,      -5.207885207,      -2.333923562,      -2.751829882,      0.2827576963,      -4.183776293,       14627.65104,      0.0143814363,       0.704538827,                 0,                 0,                 0,     0.09155845797,    -0.01402752217,      0.7045459623,                 0,       48.98946199,              2.31,    0.005469128811
        469,           0,          29,      -5.205759218,      -2.333281549,      -2.758156485,      0.2844005337,      -4.183550908,       14627.65104,     0.01438647007,      0.7045812225,                 0,                 0,                 0,     0.09157913615,     -0.0140242013,      0.7045885263,                 0,       48.97526767,              2.31,    0.005469128811
        470,           0,          29,      -5.203719322,      -2.332699625,      -2.765114321,      0.2857820426,      -4.183322213,       14627.65104,     0.01439122547,      0.7046256287,                 0,                 0,                 0,     0.09159926476,     -0.0140212396,      0.7046330881,                 0,       48.96217004,              2.31,    0.005469128811
        471,           0,          29,      -5.201729407,      -2.332184548,      -2.772609555,      0.2869223282,      -4.183090881,       14627.65104,     0.01439562695,      0.7046717124,                 0,                 0,                 0,     0.09161866373,    -0.01401869916,      0.7046793118,                 0,       48.95040105,              2.31,    0.005469128811
        472,           0,          29,      -5.199806725,      -2.331740916,      -2.780668162,      0.2878399805,      -4.182857601,       14627.65104,     0.01439963677,      0.7047192079,                 0,                 0,                 0,     0.09163718365,    -0.01401660696,      0.7047269303,                 0,       48.94006835,              2.31,    0.005469128811
        473,           0,          29,      -5.197972994,      -2.331367524,      -2.789267175,      0.2885284199,      -4.182623098,       14627.65104,     0.01440322957,      0.7047678982,                 0,                 0,                 0,     0.09165472887,    -0.01401497959,      0.7047757258,                 0,       48.93124105,              2.31,    0.005469128811
        474,           0,          29,      -5.196254483,      -2.331064879,      -2.798330802,      0.2889785276,      -4.182388144,       14627.65104,     0.01440638134,       0.704817568,                 0,                 0,                 0,     0.09167123609,    -0.01401383238,      0.7048254823,                 0,       48.92398383,              2.31,    0.005469128811
        475,           0,          29,      -5.194672801,      -2.330833729,      -2.807783419,       0.289184365,      -4.182153538,       14627.65104,     0.01440906969,      0.7048679995,                 0,                 0,                 0,     0.09168665508,    -0.01401317893,      0.7048759812,                 0,       48.91835591,              2.31,    0.005469128811
        476,           0,          29,      -5.193246376,      -2.330673634,      -2.817558215,      0.2891426922,      -4.181920051,       14627.65104,     0.01441127777,      0.7049189613,                 0,                 0,                 0,     0.09170093039,    -0.01401302672,      0.7049269905,                 0,       48.91439695,              2.31,    0.005469128811
        477,           0,          29,      -5.191987602,      -2.330583762,      -2.827586649,      0.2888540259,      -4.181688346,       14627.65104,     0.01441296779,      0.7049701159,                 0,                 0,                 0,     0.09171392534,    -0.01401339992,      0.7049781717,                 0,        48.9122106,              2.31,    0.005469128811
        478,           0,          29,      -5.190907625,      -2.330562787,      -2.837793695,      0.2883209505,      -4.181458941,       14627.65104,     0.01441413414,      0.7050212964,                 0,                 0,                 0,     0.09172558195,    -0.01401429741,      0.7050293576,                 0,       48.91180349,              2.31,    0.005469128811
        479,           0,          29,      -5.189971749,       -2.33060298,      -2.847798914,      0.2875868908,      -4.181232221,       14627.65104,     0.01441474164,      0.7050718863,                 0,                 0,                 0,     0.09173572145,    -0.01401572949,      0.7050799309,                 0,       48.91325173,              2.31,    0.005469128811
        480,           0,          29,      -5.189297136,      -2.330715948,      -2.858072609,       0.286550741,      -4.181008506,       14627.65104,     0.01441485865,      0.7051224601,                 0,                 0,                 0,     0.09174455989,      -0.014017651,      0.7051304683,                 0,       48.91636311,              2.31,    0.005469128811
        481,           0,          29,      -5.188804591,      -2.330894835,      -2.868261288,      0.2853088865,      -4.180788107,       14627.65104,     0.01441445577,      0.7051725707,                 0,                 0,                 0,     0.09175199032,    -0.01402007333,       0.705180522,                 0,       48.92120674,              2.31,    0.005469128811
        482,           0,          29,      -5.188498629,      -2.331134844,      -2.878242275,      0.2838553236,      -4.180571343,       14627.65104,     0.01441351159,      0.7052219114,                 0,                 0,                 0,     0.09175793584,    -0.01402300547,      0.7052297845,                 0,       48.92783462,              2.31,    0.005469128811
        483,           0,          29,      -5.188388387,      -2.331435266,      -2.887921029,      0.2821935424,      -4.180358571,       14627.65104,     0.01441201032,      0.7052701483,                 0,                 0,                 0,     0.09176234356,    -0.01402644977,      0.7052779217,                 0,       48.93627833,              2.31,    0.005469128811
        484,           0,          29,       -5.18847042,      -2.331793772,      -2.897181066,      0.2803351012,      -4.180149919,       14627.65104,     0.01440995733,      0.7053171497,                 0,                 0,                 0,     0.09176521997,    -0.01403039553,      0.7053248022,                 0,       48.94651201,              2.31,    0.005469128811
        485,           0,          29,      -5.188738155,      -2.332207366,      -2.905891676,      0.2782966655,      -4.179945609,       14627.65104,     0.01440736116,      0.7053627184,                 0,                 0,                 0,     0.09176655788,     -0.0140348263,      0.7053702292,                 0,       48.95849494,              2.31,    0.005469128811
        486,           0,          29,      -5.189191623,      -2.332673389,      -2.913929848,      0.2760875205,      -4.179745951,       14627.65104,     0.01440421722,      0.7054066375,                 0,                 0,                 0,     0.09176633437,    -0.01403973789,      0.7054139859,                 0,       48.97222991,              2.31,    0.005469128811
        487,           0,          29,      -5.189825392,      -2.333189898,      -2.921184177,      0.2737221256,      -4.179551219,       14627.65104,     0.01440053872,      0.7054486919,                 0,                 0,                 0,     0.09176453396,    -0.01404510846,      0.7054558579,                 0,       48.98765981,              2.31,    0.005469128811
        488,           0,          29,      -5.190631726,      -2.333753063,      -2.927557324,      0.2712146912,      -4.179361684,       14627.65104,      0.0143963422,      0.7054887798,                 0,                 0,                 0,     0.09176116678,    -0.01405091735,       0.705495744,                 0,       49.00472424,              2.31,    0.005469128811
        489,           0,          29,      -5.191607812,      -2.334358595,      -2.932971554,      0.2685777627,      -4.179177707,       14627.65104,     0.01439163805,      0.7055267549,                 0,                 0,                 0,     0.09175624916,    -0.01405714832,      0.7055334986,                 0,       49.02338098,              2.31,    0.005469128811
        490,           0,          29,      -5.192746271,      -2.335003818,      -2.937373229,      0.2658254512,      -4.178999829,       14627.65104,     0.01438643952,      0.7055624217,                 0,                 0,                 0,      0.0917498011,    -0.01406378022,      0.7055689269,                 0,       49.04357473,              2.31,    0.005469128811
        491,           0,          29,      -5.194041078,       -2.33568577,      -2.940731187,      0.2629709103,      -4.178828821,       14627.65104,     0.01438075899,       0.705595583,                 0,                 0,                 0,     0.09174184206,    -0.01407079273,      0.7056018323,                 0,       49.06525333,              2.31,    0.005469128811
        492,           0,          29,      -5.195485573,      -2.336401402,      -2.943037216,      0.2600275683,      -4.178665625,       14627.65104,     0.01437461505,      0.7056261466,                 0,                 0,                 0,      0.0917324332,    -0.01407816358,      0.7056321234,                 0,       49.08835081,              2.31,    0.005469128811
        493,           0,          29,      -5.197075366,      -2.337147616,      -2.944315838,      0.2570061652,       -4.17851111,       14627.65104,     0.01436802012,      0.7056539266,                 0,                 0,                 0,     0.09172159568,    -0.01408587285,       0.705659615,                 0,       49.11281586,              2.31,    0.005469128811
        494,           0,          29,      -5.198806572,      -2.337921079,      -2.944613438,      0.2539167684,      -4.178365686,       14627.65104,     0.01436098151,       0.705678761,                 0,                 0,                 0,      0.0917093291,    -0.01409390673,      0.7056841456,                 0,       49.13861637,              2.31,    0.005469128811
        495,           0,          29,      -5.200675546,      -2.338718559,      -2.944000169,      0.2507688068,      -4.178228964,       14627.65104,     0.01435352486,      0.7057005502,                 0,                 0,                 0,     0.09169568388,    -0.01410223556,      0.7057056165,                 0,       49.16566191,              2.31,    0.005469128811
        496,           0,          29,      -5.202679399,      -2.339536877,      -2.942564987,      0.2475705848,      -4.178099711,       14627.65104,     0.01434568269,      0.7057192677,                 0,                 0,                 0,     0.09168073707,    -0.01411082579,      0.7057240027,                 0,       49.19384339,              2.31,    0.005469128811
        497,           0,          29,      -5.204815387,      -2.340372878,       -2.94040954,        0.24432936,      -4.177976188,       14627.65104,      0.0143374733,       0.705734805,                 0,                 0,                 0,     0.09166453034,    -0.01411965475,      0.7057391965,                 0,       49.22309462,              2.31,    0.005469128811
        498,           0,          29,       -5.20708365,      -2.341223554,      -2.937644292,      0.2410489044,      -4.177856716,       14627.65104,     0.01432891617,      0.7057470452,                 0,                 0,                 0,     0.09164710395,    -0.01412869829,      0.7057510819,                 0,       49.25334455,              2.31,    0.005469128811
        499,           0,          29,      -5.209483162,      -2.342086003,      -2.934382787,      0.2377329834,      -4.177740168,       14627.65104,     0.01432003733,      0.7057559445,                 0,                 0,                 0,     0.09162853013,    -0.01413792861,       0.705759616,                 0,       49.28450452,              2.31,    0.005469128811
        500,           0,          29,       -5.21201539,      -2.342957373,       -2.93073787,      0.2343824066,      -4.177626156,       14627.65104,     0.01431086707,      0.7057614749,                 0,                 0,                 0,     0.09160888675,    -0.01414731433,      0.7057647723,                 0,       49.31647198,              2.31,    0.005469128811
        501,           0,          29,      -5.214682967,       -2.34383498,      -2.926818058,      0.2309960468,      -4.177514884,       14627.65104,     0.01430143608,      0.7057636103,                 0,                 0,                 0,     0.09158824559,    -0.01415682373,      0.7057665259,                 0,       49.34914274,              2.31,    0.005469128811
        502,           0,          29,      -5.217489616,      -2.344716199,      -2.922725637,       0.227570962,      -4.177406855,       14627.65104,     0.01429177469,       0.705762345,                 0,                 0,                 0,     0.09156667715,    -0.01416642627,      0.7057648722,                 0,       49.38241474,              2.31,    0.005469128811
        503,           0,          29,      -5.220439455,       -2.34559852,      -2.918555276,      0.2241031416,      -4.177302641,       14627.65104,     0.01428191212,      0.7057576832,                 0,                 0,                 0,     0.09154425231,    -0.01417609292,      0.7057598166,                 0,       49.41619003,              2.31,    0.005469128811
        504,           0,          29,      -5.223537034,      -2.346479567,      -2.914393039,      0.2205875011,       -4.17720277,       14627.65104,     0.01427187658,      0.7057496363,                 0,                 0,                 0,     0.09152104568,    -0.01418579597,      0.7057513718,                 0,       49.45037413,              2.31,    0.005469128811
        505,           0,          29,      -5.226787062,      -2.347357091,      -2.910316027,      0.2170181972,      -4.177107645,       14627.65104,     0.01426169616,      0.7057382251,                 0,                 0,                 0,     0.09149713752,    -0.01419550817,      0.7057395596,                 0,       49.48487315,              2.31,    0.005469128811
        506,           0,          29,      -5.230193931,      -2.348228953,      -2.906392279,      0.2133893272,      -4.177017409,       14627.65104,     0.01425139992,      0.7057234811,                 0,                 0,                 0,     0.09147261272,    -0.01420520176,      0.7057244125,                 0,          49.51959,              2.31,    0.005469128811
        507,           0,          29,       -5.23376158,      -2.349093097,      -2.902681501,      0.2096949853,      -4.176931849,       14627.65104,      0.0142410189,      0.7057054503,                 0,                 0,                 0,     0.09144755845,    -0.01421484759,      0.7057059779,                 0,       49.55442128,              2.31,    0.005469128811
        508,           0,          29,      -5.237493268,      -2.349947536,      -2.899235442,      0.2059296448,      -4.176850464,       14627.65104,     0.01423058938,      0.7056841956,                 0,                 0,                 0,     0.09142206163,    -0.01422441195,      0.7056843202,                 0,       49.58924585,              2.31,    0.005469128811
        509,           0,          29,      -5.241391304,      -2.350790349,      -2.896098458,      0.2020885419,      -4.176772746,       14627.65104,     0.01422015324,      0.7056597969,                 0,                 0,                 0,     0.09139620696,    -0.01423385619,      0.7056595206,                 0,       49.62392352,              2.31,    0.005469128811
        510,           0,          29,      -5.245484656,      -2.351610433,      -2.893383758,      0.1981588197,       -4.17669849,       14627.65104,     0.01420967578,      0.7056322527,                 0,                 0,                 0,      0.0913699621,    -0.01424321493,      0.7056315765,                 0,       49.65857514,              2.31,    0.005469128811
        511,           0,          29,      -5.249730712,      -2.352424173,      -2.890993666,      0.1941343723,      -4.176627886,       14627.65104,     0.01419931132,      0.7056018783,                 0,                 0,                 0,     0.09134362848,    -0.01425234669,       0.705600809,                 0,       49.69268315,              2.31,    0.005469128811
        512,           0,          29,      -5.254216929,      -2.353243298,      -2.889163144,      0.1899235763,       -4.17656136,       14627.65104,     0.01418902639,      0.7055686371,                 0,                 0,                 0,     0.09131718763,    -0.01426128345,      0.7055671803,                 0,       49.72636021,              2.31,    0.005469128811
        513,           0,          29,      -5.258755174,      -2.354022831,      -2.887655023,      0.1858001992,      -4.176499294,       14627.65104,     0.01417885538,       0.705532648,                 0,                 0,                 0,     0.09129074361,    -0.01426999561,      0.7055308105,                 0,       49.75949251,              2.31,    0.005469128811
        514,           0,          29,      -5.263490586,      -2.354781436,      -2.886550975,      0.1815295253,      -4.176441616,       14627.65104,     0.01416880308,      0.7054939908,                 0,                 0,                 0,     0.09126431823,    -0.01427848161,      0.7054917795,                 0,       49.79206691,              2.31,    0.005469128811
        515,           0,          29,      -5.268382422,       -2.35551933,       -2.88591958,      0.1771704015,      -4.176387948,       14627.65104,     0.01415891258,      0.7054528583,                 0,                 0,                 0,     0.09123802811,    -0.01428670618,      0.7054502818,                 0,       49.82394335,              2.31,    0.005469128811
        516,           0,          29,      -5.273416129,      -2.356234016,      -2.885766832,      0.1727376589,      -4.176338005,       14627.65104,      0.0141492134,      0.7054093729,                 0,                 0,                 0,     0.09121196553,    -0.01429464475,      0.7054064409,                 0,       49.85502396,              2.31,    0.005469128811
        517,           0,          29,      -5.278583133,      -2.356924252,      -2.886087516,      0.1682344772,      -4.176291529,       14627.65104,     0.01413974157,      0.7053637239,                 0,                 0,                 0,     0.09118622887,    -0.01430226895,      0.7053604471,                 0,       49.88519207,              2.31,    0.005469128811
        518,           0,          29,      -5.283868967,      -2.357589095,      -2.886880835,      0.1636704613,      -4.176248289,       14627.65104,     0.01413052743,      0.7053160704,                 0,                 0,                 0,     0.09116089218,    -0.01430955486,       0.705312461,                 0,       49.91434848,              2.31,    0.005469128811
        519,           0,          29,      -5.289256621,      -2.358227428,      -2.888154703,      0.1590577296,      -4.176208083,       14627.65104,     0.01412156733,      0.7052664251,                 0,                 0,                 0,      0.0911359424,    -0.01431650666,      0.7052624948,                 0,       49.94250344,              2.31,    0.005469128811
        520,           0,          29,      -5.294722156,      -2.358837972,      -2.889917887,      0.1544144781,      -4.176170709,       14627.65104,     0.01411289155,      0.7052150416,                 0,                 0,                 0,     0.09111147031,    -0.01432310433,      0.7052108034,                 0,        49.9695643,              2.31,    0.005469128811
        521,           0,          29,      -5.300242058,      -2.359419673,      -2.892175237,      0.1497591198,       -4.17613593,       14627.65104,     0.01410452681,      0.7051621189,                 0,                 0,                 0,     0.09108756426,    -0.01432932916,      0.7051575866,                 0,       49.99544674,              2.31,    0.005469128811
        522,           0,          29,      -5.305787332,       -2.35997187,       -2.89492978,      0.1451139741,      -4.176103477,       14627.65104,     0.01409649089,      0.7051077953,                 0,                 0,                 0,     0.09106428684,    -0.01433516897,      0.7051029833,                 0,       50.02009372,              2.31,    0.005469128811
        523,           0,          29,      -5.311331809,      -2.360493494,      -2.898180065,      0.1405000658,      -4.176073076,       14627.65104,     0.01408879608,      0.7050522517,                 0,                 0,                 0,     0.09104169283,    -0.01434061878,      0.7050471747,                 0,       50.04347054,              2.31,    0.005469128811
        524,           0,          29,      -5.316839357,      -2.360983191,      -2.901922616,      0.1359470643,      -4.176044484,       14627.65104,      0.0140814572,      0.7049956776,                 0,                 0,                 0,     0.09101983821,    -0.01434567141,      0.7049903507,                 0,       50.06553424,              2.31,    0.005469128811
        525,           0,          29,       -5.32227906,      -2.361440937,      -2.906155557,      0.1314784964,      -4.176017504,       14627.65104,     0.01407449082,      0.7049382217,                 0,                 0,                 0,     0.09099877058,     -0.0143503163,      0.7049326607,                 0,       50.08623265,              2.31,    0.005469128811
        526,           0,          29,      -5.327606293,      -2.361866859,      -2.910871096,      0.1271306508,      -4.175991953,       14627.65104,     0.01406791372,      0.7048800994,                 0,                 0,                 0,     0.09097854332,    -0.01435454537,      0.7048743206,                 0,       50.10551767,              2.31,    0.005469128811
        527,           0,          29,      -5.332802565,      -2.362260666,      -2.916072795,      0.1229140324,      -4.175967587,       14627.65104,     0.01406173318,      0.7048214595,                 0,                 0,                 0,     0.09095917854,    -0.01435835733,      0.7048154791,                 0,       50.12337032,              2.31,    0.005469128811
        528,           0,          29,      -5.337808697,      -2.362622493,       -2.92174869,      0.1188789383,      -4.175944064,       14627.65104,     0.01405595243,      0.7047623862,                 0,                 0,                 0,     0.09094069358,    -0.01436175237,      0.7047562209,                 0,       50.13978169,              2.31,    0.005469128811
        529,           0,          29,      -5.342598036,      -2.362952495,      -2.927886809,      0.1150438457,      -4.175920875,       14627.65104,     0.01405058208,      0.7047031247,                 0,                 0,                 0,     0.09092315089,    -0.01436472975,      0.7046967911,                 0,       50.15472817,              2.31,    0.005469128811
        530,           0,          29,      -5.347142781,      -2.363249254,      -2.934479942,      0.1114303026,      -4.175897367,       14627.65104,     0.01404563318,      0.7046439175,                 0,                 0,                 0,     0.09090661163,    -0.01436728821,      0.7046374325,                 0,       50.16818456,              2.31,    0.005469128811
        531,           0,          29,       -5.35139801,      -2.363515672,       -2.94151649,      0.1080732117,      -4.175872846,       14627.65104,     0.01404113061,      0.7045848806,                 0,                 0,                 0,     0.09089110156,    -0.01436940757,      0.7045782621,                 0,       50.18006742,              2.31,    0.005469128811
        532,           0,          29,      -5.355337591,      -2.363753361,      -2.948987391,      0.1049887455,      -4.175846514,       14627.65104,     0.01403707276,      0.7045261622,                 0,                 0,                 0,     0.09087665163,     -0.0143710954,      0.7045194278,                 0,       50.19039042,              2.31,    0.005469128811
        533,           0,          29,        -5.3589372,      -2.363962889,      -2.956867825,      0.1021965208,      -4.175817844,       14627.65104,      0.0140334583,      0.7044680385,                 0,                 0,                 0,     0.09086329838,    -0.01437236418,      0.7044612057,                 0,       50.19917565,              2.31,    0.005469128811
        534,           0,          29,      -5.362172117,      -2.364145126,      -2.965144461,     0.09971140123,      -4.175786502,       14627.65104,     0.01403028711,      0.7044107115,                 0,                 0,                 0,     0.09085106762,    -0.01437322216,      0.7044037975,                 0,       50.20643596,              2.31,    0.005469128811
        535,           0,          29,      -5.365029854,      -2.364300042,      -2.973783885,     0.09754075167,      -4.175752209,       14627.65104,      0.0140275289,       0.704354042,                 0,                 0,                 0,     0.09083986743,      -0.014373694,      0.7043470629,                 0,       50.21226809,              2.31,    0.005469128811
        536,           0,          29,       -5.36750473,      -2.364428906,      -2.982763654,     0.09568659136,      -4.175714663,       14627.65104,     0.01402520181,      0.7042983505,                 0,                 0,                 0,     0.09082976814,    -0.01437377449,      0.7042913229,                 0,       50.21662862,              2.31,    0.005469128811
        537,           0,          29,      -5.369601299,      -2.364533158,      -2.992051459,     0.09414337632,      -4.175673584,       14627.65104,     0.01402331615,      0.7042438327,                 0,                 0,                 0,     0.09082082004,    -0.01437346121,      0.7042367733,                 0,        50.2194934,              2.31,    0.005469128811
        538,           0,          29,      -5.371329472,      -2.364614498,      -3.001609102,     0.09290138587,      -4.175627224,       14627.65104,     0.01402186429,       0.704190579,                 0,                 0,                 0,     0.09081301584,    -0.01437276544,      0.7041835044,                 0,       50.22089533,              2.31,    0.005469128811
        539,           0,          29,      -5.372700598,      -2.364675015,       -3.01139622,     0.09194916052,      -4.175576141,       14627.65104,      0.0140208261,      0.7041386383,                 0,                 0,                 0,     0.09080631379,    -0.01437170925,       0.704131564,                 0,       50.22090947,              2.31,    0.005469128811
        540,           0,          29,      -5.373667889,      -2.364712653,      -3.021007614,     0.09133605043,       -4.17551919,       14627.65104,     0.01402020911,      0.7040885185,                 0,                 0,                 0,     0.09080078686,    -0.01437030561,      0.7040814601,                 0,       50.21954474,              2.31,    0.005469128811
        541,           0,          29,      -5.374409627,      -2.364736156,      -3.031037255,     0.09088943557,      -4.175456873,       14627.65104,     0.01401995425,      0.7040395137,                 0,                 0,                 0,     0.09079622012,    -0.01436858506,      0.7040324848,                 0,       50.21696228,              2.31,    0.005469128811
        542,           0,          29,      -5.374863311,      -2.364745211,      -3.041143422,     0.09068069086,      -4.175389963,       14627.65104,     0.01402005156,      0.7039919633,                 0,                 0,                 0,     0.09079262866,    -0.01436657125,       0.703984977,                 0,       50.21322214,              2.31,    0.005469128811
        543,           0,          29,      -5.375073374,       -2.36473997,      -3.051246208,     0.09066417681,      -4.175319059,       14627.65104,     0.01402049497,      0.7039459468,                 0,                 0,                 0,     0.09079000844,    -0.01436427346,      0.7039390157,                 0,       50.20835202,              2.31,    0.005469128811
        544,           0,          29,      -5.375073885,      -2.364722725,      -3.061289807,     0.09081285316,      -4.175244539,       14627.65104,     0.01402127201,      0.7039015888,                 0,                 0,                 0,     0.09078834028,    -0.01436170914,      0.7038947251,                 0,       50.20240591,              2.31,    0.005469128811
        545,           0,          29,      -5.374909811,      -2.364696117,      -3.071198724,     0.09109407622,      -4.175166858,       14627.65104,     0.01402236113,      0.7038589113,                 0,                 0,                 0,     0.09078757111,    -0.01435890074,      0.7038521262,                 0,       50.19546314,              2.31,    0.005469128811
        546,           0,          29,      -5.374622032,      -2.364659945,      -3.080880586,     0.09147454411,      -4.175086997,       14627.65104,     0.01402373678,      0.7038178939,                 0,                 0,                 0,     0.09078763734,    -0.01435587295,      0.7038111976,                 0,       50.18761438,              2.31,    0.005469128811
        547,           0,          29,       -5.37425522,      -2.364617463,      -3.090245393,     0.09191905819,      -4.175006453,       14627.65104,      0.0140253948,      0.7037786809,                 0,                 0,                 0,     0.09078853613,    -0.01435263576,      0.7037720833,                 0,       50.17888559,              2.31,    0.005469128811
        548,           0,          29,      -5.373851787,      -2.364568357,      -3.099194424,     0.09239426327,      -4.174926549,       14627.65104,     0.01402729011,      0.7037411039,                 0,                 0,                 0,     0.09079014668,     -0.0143492274,      0.7037346132,                 0,       50.16942677,              2.31,    0.005469128811
        549,           0,          29,      -5.373451855,      -2.364515221,      -3.107650054,     0.09286836177,      -4.174847538,       14627.65104,     0.01402939041,      0.7037052257,                 0,                 0,                 0,     0.09079240454,    -0.01434568269,      0.7036988489,                 0,       50.15935867,              2.31,    0.005469128811
        550,           0,          29,      -5.373096251,      -2.364458865,      -3.115521461,     0.09330846836,       -4.17476827,       14627.65104,     0.01403168064,      0.7036710352,                 0,                 0,                 0,     0.09079527118,    -0.01434201624,      0.7036647784,                 0,       50.14873509,              2.31,    0.005469128811
        551,           0,          29,      -5.372826183,      -2.364400522,      -3.122739295,     0.09368170921,      -4.174686775,       14627.65104,     0.01403415022,      0.7036386006,                 0,                 0,                 0,     0.09079872062,    -0.01433824134,      0.7036324697,                 0,       50.13759931,              2.31,    0.005469128811
        552,           0,          29,       -5.37267575,      -2.364341979,      -3.129238182,     0.09395970101,      -4.174601307,       14627.65104,     0.01403677313,      0.7036079201,                 0,                 0,                 0,     0.09080269053,    -0.01433438396,      0.7036019199,                 0,        50.1260449,              2.31,    0.005469128811
        553,           0,          29,      -5.372678016,      -2.364284641,      -3.134957397,     0.09411496108,      -4.174511068,       14627.65104,     0.01403952362,      0.7035789486,                 0,                 0,                 0,     0.09080711314,    -0.01433046797,      0.7035730828,                 0,       50.11416113,              2.31,    0.005469128811
        554,           0,          29,      -5.372862831,      -2.364228807,      -3.139862917,     0.09412388317,      -4.174416186,       14627.65104,     0.01404238015,      0.7035516594,                 0,                 0,                 0,     0.09081192936,    -0.01432651384,      0.7035459309,                 0,       50.10202343,              2.31,    0.005469128811
        555,           0,          29,      -5.373258866,       -2.36417573,      -3.143936266,     0.09396360596,      -4.174317166,       14627.65104,     0.01404533188,      0.7035260944,                 0,                 0,                 0,     0.09081711429,    -0.01432253408,      0.7035205056,                 0,       50.08967396,              2.31,    0.005469128811
        556,           0,          29,      -5.373884948,      -2.364126414,       -3.14717378,     0.09362014052,      -4.174214308,       14627.65104,     0.01404836455,      0.7035022296,                 0,                 0,                 0,     0.09082262976,    -0.01431854197,      0.7034967824,                 0,       50.07716216,              2.31,    0.005469128811
        557,           0,          29,      -5.374758738,      -2.364081975,      -3.149596609,     0.09308080877,      -4.174107406,       14627.65104,     0.01405147032,      0.7034801243,                 0,                 0,                 0,     0.09082845684,    -0.01431454774,      0.7034748203,                 0,       50.06452052,              2.31,    0.005469128811
        558,           0,          29,      -5.375897782,      -2.364042779,      -3.151240221,     0.09233365042,      -4.173996418,       14627.65104,     0.01405463819,      0.7034597627,                 0,                 0,                 0,     0.09083456674,    -0.01431056176,       0.703454603,                 0,       50.05178742,              2.31,    0.005469128811
        559,           0,          29,      -5.377314976,      -2.364009763,      -3.152161527,     0.09137006907,      -4.173881481,       14627.65104,     0.01405785657,      0.7034411399,                 0,                 0,                 0,     0.09084093094,    -0.01430659538,       0.703436125,                 0,       50.03900392,              2.31,    0.005469128811
        560,           0,          29,      -5.379019164,      -2.363983828,      -3.152428156,     0.09018426522,      -4.173762909,       14627.65104,     0.01406111541,      0.7034242456,                 0,                 0,                 0,     0.09084752496,    -0.01430265824,      0.7034193758,                 0,       50.02620525,              2.31,    0.005469128811
        561,           0,          29,      -5.381014894,      -2.363965866,      -3.152117501,     0.08877362243,      -4.173641047,       14627.65104,     0.01406440407,      0.7034090638,                 0,                 0,                 0,     0.09085432055,    -0.01429876033,      0.7034043389,                 0,       50.01342824,              2.31,    0.005469128811
        562,           0,          29,      -5.383303085,      -2.363956747,      -3.151313823,      0.0871382001,      -4.173516056,       14627.65104,     0.01406770975,      0.7033955613,                 0,                 0,                 0,     0.09086128041,    -0.01429491311,      0.7033909806,                 0,       50.00071611,              2.31,    0.005469128811
        563,           0,          29,       -5.38588089,      -2.363957309,      -3.150105221,     0.08528088402,      -4.173387766,       14627.65104,     0.01407102065,      0.7033837041,                 0,                 0,                 0,     0.09086836919,    -0.01429112698,      0.7033792664,                 0,       49.98810831,              2.31,    0.005469128811
        564,           0,          29,       -5.38874152,      -2.363968355,      -3.148580797,     0.08320747918,      -4.173255725,       14627.65104,     0.01407432758,      0.7033734651,                 0,                 0,                 0,     0.09087555974,    -0.01428741004,      0.7033691691,                 0,       49.97563552,              2.31,    0.005469128811
        565,           0,          29,      -5.391874373,      -2.363990646,      -3.146828555,     0.08092656618,      -4.173119461,       14627.65104,     0.01407762149,      0.7033648137,                 0,                 0,                 0,     0.09088282668,     -0.0142837701,      0.7033606575,                 0,       49.96332757,              2.31,    0.005469128811
        566,           0,          29,      -5.395264912,      -2.364024907,       -3.14493374,     0.07844960846,       -4.17297879,       14627.65104,     0.01408089186,      0.7033577118,                 0,                 0,                 0,     0.09089014222,    -0.01428021614,      0.7033536931,                 0,       49.95121892,              2.31,    0.005469128811
        567,           0,          29,      -5.398894699,      -2.364071813,      -3.142977251,     0.07579083147,      -4.172833999,       14627.65104,     0.01408412662,      0.7033521109,                 0,                 0,                 0,     0.09089747564,    -0.01427675826,      0.7033482272,                 0,       49.93934875,              2.31,    0.005469128811
        568,           0,          29,      -5.402740722,      -2.364131998,      -3.141034988,     0.07296767907,      -4.172685721,       14627.65104,     0.01408731381,      0.7033479575,                 0,                 0,                 0,     0.09090479705,    -0.01427340625,      0.7033442056,                 0,       49.92775536,              2.31,    0.005469128811
        569,           0,          29,       -5.40677565,      -2.364206049,      -3.139176912,     0.07000045993,      -4.172534627,       14627.65104,     0.01409044311,      0.7033452004,                 0,                 0,                 0,     0.09091208048,    -0.01427016836,      0.7033415769,                 0,       49.91647139,              2.31,    0.005469128811
        570,           0,          29,      -5.410968825,      -2.364294485,      -3.137466592,     0.06691167475,      -4.172381352,       14627.65104,      0.0140935058,      0.7033437903,                 0,                 0,                 0,     0.09091930295,    -0.01426705133,      0.7033402914,                 0,       49.90552389,              2.31,    0.005469128811
        571,           0,          29,       -5.41528591,      -2.364397735,      -3.135960911,     0.06372613408,       -4.17222654,       14627.65104,      0.0140964943,      0.7033436787,                 0,                 0,                 0,      0.0909264433,    -0.01426406075,      0.7033403003,                 0,       49.89493583,              2.31,    0.005469128811
        572,           0,          29,      -5.419689352,      -2.364516124,      -3.134710016,     0.06047055012,      -4.172070793,       14627.65104,     0.01409940212,      0.7033448171,                 0,                 0,                 0,     0.09093348199,    -0.01426120118,       0.703341555,                 0,       49.88472638,              2.31,    0.005469128811
        573,           0,          29,      -5.424138753,      -2.364649856,       -3.13375728,     0.05717322357,      -4.171914526,       14627.65104,     0.01410222307,      0.7033471575,                 0,                 0,                 0,     0.09094040125,    -0.01425847685,      0.7033440072,                 0,       49.87491361,              2.31,    0.005469128811
        574,           0,          29,      -5.428591565,      -2.364799012,      -3.133139775,     0.05386345297,      -4.171757878,       14627.65104,     0.01410495153,      0.7033506531,                 0,                 0,                 0,     0.09094718636,     -0.0142558915,      0.7033476099,                 0,       49.86551364,              2.31,    0.005469128811
        575,           0,          29,      -5.433003395,      -2.364963538,      -3.132887635,     0.05057148224,      -4.171600793,       14627.65104,     0.01410758247,      0.7033552568,                 0,                 0,                 0,     0.09095382562,    -0.01425344826,       0.703352316,                 0,       49.85654049,              2.31,    0.005469128811
        576,           0,          29,      -5.437329114,      -2.365143267,      -3.133025367,     0.04732744342,      -4.171443207,       14627.65104,     0.01411011127,      0.7033609258,                 0,                 0,                 0,     0.09096030922,    -0.01425115002,      0.7033580823,                 0,       49.84800704,              2.31,    0.005469128811
        577,           0,          29,      -5.441523827,       -2.36533793,       -3.13357117,     0.04416069112,      -4.171285106,       14627.65104,     0.01411253379,      0.7033676155,                 0,                 0,                 0,     0.09096662868,     -0.0142489991,      0.7033648642,                 0,       49.83992429,              2.31,    0.005469128811
        578,           0,          29,      -5.445543729,      -2.365547166,      -3.134538493,     0.04109954853,      -4.171126761,       14627.65104,     0.01411484764,       0.703375271,                 0,                 0,                 0,     0.09097277799,     -0.0142469957,      0.7033726067,                 0,        49.8322964,              2.31,    0.005469128811
        579,           0,          29,      -5.449347325,      -2.365770535,      -3.135934315,     0.03817015168,      -4.170968733,       14627.65104,     0.01411705049,      0.7033838758,                 0,                 0,                 0,     0.09097875201,    -0.01424514146,      0.7033812933,                 0,       49.82512998,              2.31,    0.005469128811
        580,           0,          29,      -5.452896329,      -2.366007574,      -3.137760861,      0.0353959995,      -4.170811437,       14627.65104,      0.0141191412,      0.7033933995,                 0,                 0,                 0,     0.09098454655,    -0.01424343631,      0.7033908936,                 0,       49.81842659,              2.31,    0.005469128811
        581,           0,          29,      -5.456156519,       -2.36625767,      -3.140015358,      0.0327975087,      -4.170654975,       14627.65104,     0.01412112128,      0.7034038121,                 0,                 0,                 0,     0.09099016428,    -0.01424187754,      0.7034013775,                 0,       49.81217839,              2.31,    0.005469128811
        582,           0,          29,      -5.459098937,       -2.36652049,      -3.142690591,     0.03039197155,      -4.170499246,       14627.65104,      0.0141229897,      0.7034150545,                 0,                 0,                 0,     0.09099559976,    -0.01424046377,      0.7034126861,                 0,       49.80638443,              2.31,    0.005469128811
