"PointID","x","y","Density","Momentum_x","Momentum_y","Energy","Nu_Tilde","Pressure","Temperature","Mach","Pressure_Coefficient","Velocity_x","Velocity_y","Laminar_Viscosity","Skin_Friction_Coefficient_x","Skin_Friction_Coefficient_y","Heat_Flux","Y_Plus","Eddy_Viscosity"
0, 1.000000000000000e+00, 0.000000000000000e+00, 4.611042541789095e-01, 0.000000000000000e+00, 0.000000000000000e+00, 1.067061077135031e+05, 0.000000000000000e+00, 4.268244308540122e+04, 3.224634425668270e+02, 0.000000000000000e+00, 2.082520525527315e-01, 0.000000000000000e+00, 0.000000000000000e+00, 1.950326327917118e-05, -1.782788147492028e-04, -1.658536489304114e-03, -1.076200623996599e+01, 7.736515296242328e+02, 0.000000000000000e+00
1, 9.923667991663637e-02, 3.816090982805384e-02, 2.773624171924302e-01, 0.000000000000000e+00, 0.000000000000000e+00, 6.309198054363216e+04, 0.000000000000000e+00, 2.523679221745286e+04, 3.169690687074281e+02, 0.000000000000000e+00, -9.755814660363596e-01, 0.000000000000000e+00, 0.000000000000000e+00, 1.925128407795921e-05, 5.125318413499696e-03, 9.184869500001229e-04, -4.005618663070074e+02, 6.843270255058322e-01, 0.000000000000000e+00
2, 1.009574727715778e-01, -3.887283396771925e-02, 4.451649339511964e-01, 0.000000000000000e+00, 0.000000000000000e+00, 1.025326492436911e+05, 0.000000000000000e+00, 4.101305969747642e+04, 3.209457050353953e+02, 0.000000000000000e+00, 9.497040860833431e-02, 0.000000000000000e+00, 0.000000000000000e+00, 1.943387198456836e-05, 3.807724487015773e-03, -6.563315772392555e-04, -2.101416937138191e+02, 7.361861342963452e-01, 0.000000000000000e+00
10, 9.854352719254753e-01, 3.007169868838827e-03, 4.539324158877080e-01, 0.000000000000000e+00, 0.000000000000000e+00, 1.049631740825859e+05, 0.000000000000000e+00, 4.198526963303433e+04, 3.222078333420640e+02, 0.000000000000000e+00, 1.609429949870590e-01, 0.000000000000000e+00, 0.000000000000000e+00, 1.949158813884657e-05, 3.880985880910683e-04, -7.856665188407109e-05, 2.264205540417934e+01, 2.378634902610743e-01, 0.000000000000000e+00
11, 9.710691068131063e-01, 5.856768057029247e-03, 4.497980365860190e-01, 0.000000000000000e+00, 0.000000000000000e+00, 1.039493162321950e+05, 0.000000000000000e+00, 4.157972649287801e+04, 3.220285808959236e+02, 0.000000000000000e+00, 1.334234965066110e-01, 0.000000000000000e+00, 0.000000000000000e+00, 1.948339790744883e-05, 4.364179395914822e-04, -8.526405356348231e-05, 2.402641506236022e+00, 2.509920270388480e-01, 0.000000000000000e+00
12, 9.569280296413001e-01, 8.576700386627204e-03, 4.445752150942368e-01, 0.000000000000000e+00, 0.000000000000000e+00, 1.027120459044856e+05, 0.000000000000000e+00, 4.108481836179423e+04, 3.219337209888879e+02, 0.000000000000000e+00, 9.983983496058789e-02, 0.000000000000000e+00, 0.000000000000000e+00, 1.947906274351665e-05, 5.635290823913944e-04, -1.069759404015546e-04, -8.011347864701188e-01, 2.834372414804128e-01, 0.000000000000000e+00
13, 9.430038602844674e-01, 1.118445430041181e-02, 4.399501076646785e-01, 0.000000000000000e+00, 0.000000000000000e+00, 1.016224226965390e+05, 0.000000000000000e+00, 4.064896907861558e+04, 3.218670003960374e+02, 0.000000000000000e+00, 7.026381086234885e-02, 0.000000000000000e+00, 0.000000000000000e+00, 1.947601318603250e-05, 6.894636172785399e-04, -1.276042278527716e-04, -3.526728702220623e+00, 3.117599692553627e-01, 0.000000000000000e+00
14, 9.292951141227461e-01, 1.369093231953778e-02, 4.352273726658114e-01, 0.000000000000000e+00, 0.000000000000000e+00, 1.005060517225082e+05, 0.000000000000000e+00, 4.020242068900325e+04, 3.217854089899915e+02, 0.000000000000000e+00, 3.996176278764553e-02, 0.000000000000000e+00, 0.000000000000000e+00, 1.947228351085946e-05, 8.038566698214811e-04, -1.452903859725408e-04, -6.401310586018555e+00, 3.347226980454270e-01, 0.000000000000000e+00
15, 9.157992406720679e-01, 1.610146230956280e-02, 4.308748242698532e-01, 0.000000000000000e+00, 0.000000000000000e+00, 9.947221949204447e+04, 0.000000000000000e+00, 3.978888779681778e+04, 3.216925665685893e+02, 0.000000000000000e+00, 1.190009271790526e-02, 0.000000000000000e+00, 0.000000000000000e+00, 1.946803896261927e-05, 9.132527211714678e-04, -1.613553120216763e-04, -9.299263796462432e+00, 3.549043885992186e-01, 0.000000000000000e+00
16, 9.025139326866846e-01, 1.842268486376422e-02, 4.265739631050741e-01, 0.000000000000000e+00, 0.000000000000000e+00, 9.845132282528671e+04, 0.000000000000000e+00, 3.938052913011468e+04, 3.216011171435449e+02, 0.000000000000000e+00, -1.581046281875605e-02, 0.000000000000000e+00, 0.000000000000000e+00, 1.946385750469168e-05, 1.012778630669417e-03, -1.750552102899477e-04, -1.218015633803508e+01, 3.718000831155462e-01, 0.000000000000000e+00
17, 8.894363598753036e-01, 2.065819317055664e-02, 4.225208188727353e-01, 0.000000000000000e+00, 0.000000000000000e+00, 9.748858579085537e+04, 0.000000000000000e+00, 3.899543431634214e+04, 3.215111169534054e+02, 0.000000000000000e+00, -4.194237109947958e-02, 0.000000000000000e+00, 0.000000000000000e+00, 1.945974173583545e-05, 1.105809961074398e-03, -1.870928087849602e-04, -1.509713468065190e+01, 3.865841016293699e-01, 0.000000000000000e+00
18, 8.765639911384951e-01, 2.281317475168236e-02, 4.185453568532647e-01, 0.000000000000000e+00, 0.000000000000000e+00, 9.654531274564387e+04, 0.000000000000000e+00, 3.861812509825754e+04, 3.214245184468862e+02, 0.000000000000000e+00, -6.754596150847006e-02, 0.000000000000000e+00, 0.000000000000000e+00, 1.945578098852378e-05, 1.191472059782926e-03, -1.974236742724588e-04, -1.801425377437968e+01, 3.993229752104719e-01, 0.000000000000000e+00
19, 8.638939333210188e-01, 2.489050366309143e-02, 4.147563765616433e-01, 0.000000000000000e+00, 0.000000000000000e+00, 9.564599773129945e+04, 0.000000000000000e+00, 3.825839909251976e+04, 3.213394653798409e+02, 0.000000000000000e+00, -9.195638370045259e-02, 0.000000000000000e+00, 0.000000000000000e+00, 1.945189040941204e-05, 1.272009940349002e-03, -2.064173531174270e-04, -2.092193593839066e+01, 4.106667108109816e-01, 0.000000000000000e+00
20, 8.514370049848794e-01, 2.689069475299977e-02, 4.110496043915545e-01, 0.000000000000000e+00, 0.000000000000000e+00, 9.476691412679272e+04, 0.000000000000000e+00, 3.790676565071708e+04, 3.212571787407282e+02, 0.000000000000000e+00, -1.158176576542753e-01, 0.000000000000000e+00, 0.000000000000000e+00, 1.944812588862499e-05, 1.346742382194148e-03, -2.140688634906008e-04, -2.378874255480206e+01, 4.206087511459633e-01, 0.000000000000000e+00
21, 8.391811998855687e-01, 2.881866901246878e-02, 4.074748739453029e-01, 0.000000000000000e+00, 0.000000000000000e+00, 9.391912474868404e+04, 0.000000000000000e+00, 3.756764989947361e+04, 3.211763359009773e+02, 0.000000000000000e+00, -1.388295014680886e-01, 0.000000000000000e+00, 0.000000000000000e+00, 1.944442695415242e-05, 1.417719114458337e-03, -2.207461789743878e-04, -2.663698498014923e+01, 4.296161205417128e-01, 0.000000000000000e+00
22, 8.271186396359066e-01, 3.067718967638935e-02, 4.039565465458106e-01, 0.000000000000000e+00, 0.000000000000000e+00, 9.308540419636332e+04, 0.000000000000000e+00, 3.723416167854532e+04, 3.210977591735755e+02, 0.000000000000000e+00, -1.614594702194912e-01, 0.000000000000000e+00, 0.000000000000000e+00, 1.944083126216381e-05, 1.485107290065765e-03, -2.263805936939333e-04, -2.949068238908578e+01, 4.377519552075170e-01, 0.000000000000000e+00
23, 8.152463012098765e-01, 3.246715731257496e-02, 4.005569917859385e-01, 0.000000000000000e+00, 0.000000000000000e+00, 9.227981166022317e+04, 0.000000000000000e+00, 3.691192466408926e+04, 3.210204648507408e+02, 0.000000000000000e+00, -1.833259503829812e-01, 0.000000000000000e+00, 0.000000000000000e+00, 1.943729382748242e-05, 1.549765054058833e-03, -2.310587165454005e-04, -3.232588917447892e+01, 4.452398018106303e-01, 0.000000000000000e+00
24, 8.035612094072858e-01, 3.418943147038089e-02, 3.972253727799311e-01, 0.000000000000000e+00, 0.000000000000000e+00, 9.149089981216515e+04, 0.000000000000000e+00, 3.659635992486605e+04, 3.209454729982296e+02, 0.000000000000000e+00, -2.047396607916654e-01, 0.000000000000000e+00, 0.000000000000000e+00, 1.943386136334446e-05, 1.610748252495826e-03, -2.347166213222332e-04, -3.511230205635148e+01, 4.519690794127219e-01, 0.000000000000000e+00
25, 7.920605710112384e-01, 3.584575868413056e-02, 3.939968548254611e-01, 0.000000000000000e+00, 0.000000000000000e+00, 9.072654067637140e+04, 0.000000000000000e+00, 3.629061627054855e+04, 3.208720829893536e+02, 0.000000000000000e+00, -2.254869283379830e-01, 0.000000000000000e+00, 0.000000000000000e+00, 1.943050183229639e-05, 1.668955218286169e-03, -2.375518580715347e-04, -3.784907632951224e+01, 4.581361305762826e-01, 0.000000000000000e+00
26, 7.807415799058427e-01, 3.743747870926273e-02, 3.908344575510083e-01, 0.000000000000000e+00, 0.000000000000000e+00, 8.997840471089742e+04, 0.000000000000000e+00, 3.599136188435896e+04, 3.208010489964011e+02, 0.000000000000000e+00, -2.457938446942491e-01, 0.000000000000000e+00, 0.000000000000000e+00, 1.942724978824980e-05, 1.723986907288840e-03, -2.394778133747218e-04, -4.053206869531169e+01, 4.637018196239888e-01, 0.000000000000000e+00
27, 7.696014235446496e-01, 3.896554312264314e-02, 3.877781651864536e-01, 0.000000000000000e+00, 0.000000000000000e+00, 8.925549067417749e+04, 0.000000000000000e+00, 3.570219626967099e+04, 3.207317301764279e+02, 0.000000000000000e+00, -2.654161534107420e-01, 0.000000000000000e+00, 0.000000000000000e+00, 1.942407592313334e-05, 1.776110321369617e-03, -2.405940541995189e-04, -4.311871278038628e+01, 4.687627621201807e-01, 0.000000000000000e+00
28, 7.586374494971243e-01, 4.043173097253847e-02, 3.847861897739487e-01, 0.000000000000000e+00, 0.000000000000000e+00, 8.854836577718705e+04, 0.000000000000000e+00, 3.541934631087481e+04, 3.206648895568864e+02, 0.000000000000000e+00, -2.846098919814049e-01, 0.000000000000000e+00, 0.000000000000000e+00, 1.942101520395312e-05, 1.824752169427891e-03, -2.409510748438251e-04, -4.559876932415864e+01, 4.732509130595545e-01, 0.000000000000000e+00
29, 7.478604409803221e-01, 4.183635111772446e-02, 3.818796876275800e-01, 0.000000000000000e+00, 0.000000000000000e+00, 8.786169779049218e+04, 0.000000000000000e+00, 3.514467911619686e+04, 3.205998900386154e+02, 0.000000000000000e+00, -3.032483614760559e-01, 0.000000000000000e+00, 0.000000000000000e+00, 1.941803848778475e-05, 1.870982232024995e-03, -2.406761004989127e-04, -4.799592161475710e+01, 4.773459940898183e-01, 0.000000000000000e+00
30, 7.372566923926093e-01, 4.318207095842901e-02, 3.790388759892052e-01, 0.000000000000000e+00, 0.000000000000000e+00, 8.719108715998351e+04, 0.000000000000000e+00, 3.487643486399340e+04, 3.205373734488917e+02, 0.000000000000000e+00, -3.214509805317173e-01, 0.000000000000000e+00, 0.000000000000000e+00, 1.941517519741827e-05, 1.914399325948636e-03, -2.396542853386142e-04, -5.029844468220153e+01, 4.810041269753229e-01, 0.000000000000000e+00
31, 7.268208058385955e-01, 4.447020010384292e-02, 3.762926446460227e-01, 0.000000000000000e+00, 0.000000000000000e+00, 8.654308257966946e+04, 0.000000000000000e+00, 3.461723303186778e+04, 3.204770746064045e+02, 0.000000000000000e+00, -3.390399956548943e-01, 0.000000000000000e+00, 0.000000000000000e+00, 1.941241321862356e-05, 1.954890939090948e-03, -2.379333385211071e-04, -5.245446396257616e+01, 4.842517613767928e-01, 0.000000000000000e+00
32, 7.165502746426692e-01, 4.570228679530173e-02, 3.736181868068715e-01, 0.000000000000000e+00, 0.000000000000000e+00, 8.591260464922908e+04, 0.000000000000000e+00, 3.436504185969162e+04, 3.204197034242537e+02, 0.000000000000000e+00, -3.561532787862745e-01, 0.000000000000000e+00, 0.000000000000000e+00, 1.940978510164361e-05, 1.991724458044285e-03, -2.355366836424816e-04, -5.443468763040914e+01, 4.870049690831608e-01, 0.000000000000000e+00
33, 7.064426539384797e-01, 4.688007276365302e-02, 3.710284371373362e-01, 0.000000000000000e+00, 0.000000000000000e+00, 8.530251115485773e+04, 0.000000000000000e+00, 3.412100446194308e+04, 3.203649208392620e+02, 0.000000000000000e+00, -3.727132600349391e-01, 0.000000000000000e+00, 0.000000000000000e+00, 1.940727534798848e-05, 2.025313403415308e-03, -2.325692966628231e-04, -5.623233518700766e+01, 4.893435866231260e-01, 0.000000000000000e+00
34, 6.964955225479871e-01, 4.800519931320753e-02, 3.685036090210085e-01, 0.000000000000000e+00, 0.000000000000000e+00, 8.470835887702125e+04, 0.000000000000000e+00, 3.388334355080849e+04, 3.203132168028483e+02, 0.000000000000000e+00, -3.888405432638186e-01, 0.000000000000000e+00, 0.000000000000000e+00, 1.940490643666309e-05, 2.055361822585585e-03, -2.290244062998840e-04, -5.783935405949492e+01, 4.912353923553228e-01, 0.000000000000000e+00
35, 6.867064864094806e-01, 4.907923010971968e-02, 3.660546686187008e-01, 0.000000000000000e+00, 0.000000000000000e+00, 8.413260561136653e+04, 0.000000000000000e+00, 3.365304224454660e+04, 3.202644441308885e+02, 0.000000000000000e+00, -4.044684156654484e-01, 0.000000000000000e+00, 0.000000000000000e+00, 1.940267165720912e-05, 2.082173405356138e-03, -2.249472279988826e-04, -5.924880460801590e+01, 4.927394227245410e-01, 0.000000000000000e+00
36, 6.770731615912827e-01, 5.010349057327531e-02, 3.636716135036694e-01, 0.000000000000000e+00, 0.000000000000000e+00, 8.357310557530775e+04, 0.000000000000000e+00, 3.342924223012309e+04, 3.202192780742555e+02, 0.000000000000000e+00, -4.196551209675724e-01, 0.000000000000000e+00, 0.000000000000000e+00, 1.940060198356976e-05, 2.105289258774680e-03, -2.202791357341927e-04, -6.044135029213434e+01, 4.938070848313838e-01, 0.000000000000000e+00
37, 6.675931780223735e-01, 5.107908026569469e-02, 3.613727917590607e-01, 0.000000000000000e+00, 0.000000000000000e+00, 8.303410594370843e+04, 0.000000000000000e+00, 3.321364237748337e+04, 3.201779352394129e+02, 0.000000000000000e+00, -4.342853766163712e-01, 0.000000000000000e+00, 0.000000000000000e+00, 1.939870737706461e-05, 2.124429637658549e-03, -2.150164894707424e-04, -6.137259372414749e+01, 4.944310146361667e-01, 0.000000000000000e+00
38, 6.582770603818989e-01, 5.200587021726899e-02, 3.591556341260753e-01, 0.000000000000000e+00, 0.000000000000000e+00, 8.251521565070569e+04, 0.000000000000000e+00, 3.300608626028227e+04, 3.201412910357935e+02, 0.000000000000000e+00, -4.483697974494338e-01, 0.000000000000000e+00, 0.000000000000000e+00, 1.939702799204283e-05, 2.138689957057485e-03, -2.091247702911762e-04, -6.198829595630433e+01, 4.945163399434708e-01, 0.000000000000000e+00
39, 6.491103482674626e-01, 5.288636304367369e-02, 3.570263263003124e-01, 0.000000000000000e+00, 0.000000000000000e+00, 8.201796431499942e+04, 0.000000000000000e+00, 3.280718572599976e+04, 3.201098820440126e+02, 0.000000000000000e+00, -4.618668644910258e-01, 0.000000000000000e+00, 0.000000000000000e+00, 1.939558845825660e-05, 2.147639899607584e-03, -2.026329744699275e-04, -6.225353154465481e+01, 4.940295697163364e-01, 0.000000000000000e+00
40, 6.400897225002143e-01, 5.372187222176180e-02, 3.549768774296865e-01, 0.000000000000000e+00, 0.000000000000000e+00, 8.154075810157839e+04, 0.000000000000000e+00, 3.261630324063135e+04, 3.200847746363775e+02, 0.000000000000000e+00, -4.748198397626955e-01, 0.000000000000000e+00, 0.000000000000000e+00, 1.939443768769990e-05, 2.150475689313642e-03, -1.954806637367195e-04, -6.213796345845400e+01, 4.928817152765844e-01, 0.000000000000000e+00
41, 6.312129462671840e-01, 5.451325705580456e-02, 3.530226843788961e-01, 0.000000000000000e+00, 0.000000000000000e+00, 8.108732908761631e+04, 0.000000000000000e+00, 3.243493163504652e+04, 3.200668673313137e+02, 0.000000000000000e+00, -4.871274221875007e-01, 0.000000000000000e+00, 0.000000000000000e+00, 1.939361689863277e-05, 2.146352948776665e-03, -1.875868775973448e-04, -6.158327735233407e+01, 4.909934488276267e-01, 0.000000000000000e+00
42, 6.224777981579520e-01, 5.526111855015746e-02, 3.511668440490031e-01, 0.000000000000000e+00, 0.000000000000000e+00, 8.065877465112321e+04, 0.000000000000000e+00, 3.226350986044928e+04, 3.200578268121186e+02, 0.000000000000000e+00, -4.987598252500354e-01, 0.000000000000000e+00, 0.000000000000000e+00, 1.939320251388259e-05, 2.133440998242473e-03, -1.788449787607570e-04, -6.049814091148463e+01, 4.881604348759786e-01, 0.000000000000000e+00
43, 6.138820985708275e-01, 5.596609080687345e-02, 3.494187081871125e-01, 0.000000000000000e+00, 0.000000000000000e+00, 8.025759469080568e+04, 0.000000000000000e+00, 3.210303787632226e+04, 3.200592054017117e+02, 0.000000000000000e+00, -5.096491933247503e-01, 0.000000000000000e+00, 0.000000000000000e+00, 1.939326570382563e-05, 2.109767661912897e-03, -1.692013963651733e-04, -5.878320602038393e+01, 4.841606233636210e-01, 0.000000000000000e+00
44, 6.054237084567519e-01, 5.662884061892957e-02, 3.477659378498190e-01, 0.000000000000000e+00, 0.000000000000000e+00, 7.988138943145370e+04, 0.000000000000000e+00, 3.195255577258147e+04, 3.200728997089242e+02, 0.000000000000000e+00, -5.198606643500845e-01, 0.000000000000000e+00, 0.000000000000000e+00, 1.939389339780981e-05, 2.072793098929287e-03, -1.585919961925259e-04, -5.633909064271995e+01, 4.786788888043192e-01, 0.000000000000000e+00
45, 5.971005286906260e-01, 5.725006973748657e-02, 3.461855294898535e-01, 0.000000000000000e+00, 0.000000000000000e+00, 7.952532806231247e+04, 0.000000000000000e+00, 3.181013122492498e+04, 3.201009002292714e+02, 0.000000000000000e+00, -5.295253627131251e-01, 0.000000000000000e+00, 0.000000000000000e+00, 1.939517679174510e-05, 2.019995029820344e-03, -1.469943777713568e-04, -5.309526860393813e+01, 4.713726326985804e-01, 0.000000000000000e+00
46, 5.889107027830834e-01, 5.783048664196541e-02, 3.446264892661067e-01, 0.000000000000000e+00, 0.000000000000000e+00, 7.917849240033400e+04, 0.000000000000000e+00, 3.167139696013359e+04, 3.201466111613610e+02, 0.000000000000000e+00, -5.389396444776768e-01, 0.000000000000000e+00, 0.000000000000000e+00, 1.939727181657577e-05, 1.948244532654312e-03, -1.343864523321795e-04, -4.906123236900523e+01, 4.617721852267330e-01, 0.000000000000000e+00
47, 5.808638129688132e-01, 5.837004958950637e-02, 3.430301184639906e-01, 0.000000000000000e+00, 0.000000000000000e+00, 7.882815146012465e+04, 0.000000000000000e+00, 3.153126058404985e+04, 3.202133437951720e+02, 0.000000000000000e+00, -5.484490712360861e-01, 0.000000000000000e+00, 0.000000000000000e+00, 1.940033004247838e-05, 1.853233627827551e-03, -1.207114167066582e-04, -4.430544531269455e+01, 4.492018645865705e-01, 0.000000000000000e+00
48, 5.729457031292684e-01, 5.887037589121913e-02, 3.412122792480716e-01, 0.000000000000000e+00, 0.000000000000000e+00, 7.843118581826409e+04, 0.000000000000000e+00, 3.137247432730563e+04, 3.202981764446673e+02, 0.000000000000000e+00, -5.592240485899242e-01, 0.000000000000000e+00, 0.000000000000000e+00, 1.940421730062206e-05, 1.732393059725305e-03, -1.061243721228559e-04, -3.881573210609108e+01, 4.330215726527574e-01, 0.000000000000000e+00
49, 5.651544334060419e-01, 5.933238780321583e-02, 3.387972230081280e-01, 0.000000000000000e+00, 0.000000000000000e+00, 7.790197474371341e+04, 0.000000000000000e+00, 3.116078989748536e+04, 3.204047615162854e+02, 0.000000000000000e+00, -5.735886100087854e-01, 0.000000000000000e+00, 0.000000000000000e+00, 1.940910058936148e-05, 1.590677686226980e-03, -9.129221029391988e-05, -3.319922232246181e+01, 4.133144297463797e-01, 0.000000000000000e+00
50, 5.574881224818901e-01, 5.975751771467858e-02, 3.359821968330942e-01, 0.000000000000000e+00, 0.000000000000000e+00, 7.729473588230713e+04, 0.000000000000000e+00, 3.091789435292285e+04, 3.205708204667608e+02, 0.000000000000000e+00, -5.900711069557664e-01, 0.000000000000000e+00, 0.000000000000000e+00, 1.941670712162317e-05, 1.406280991877090e-03, -7.534460048050054e-05, -2.905859713320689e+01, 3.868147487139659e-01, 0.000000000000000e+00
51, 5.499449169659032e-01, 6.014727113471436e-02, 3.308009988327739e-01, 0.000000000000000e+00, 0.000000000000000e+00, 7.614507236185242e+04, 0.000000000000000e+00, 3.045802894474096e+04, 3.207490126331434e+02, 0.000000000000000e+00, -6.212768262703472e-01, 0.000000000000000e+00, 0.000000000000000e+00, 1.942486725790989e-05, 1.198604104540133e-03, -5.971948809637546e-05, -3.031076715666423e+01, 3.541699046754569e-01, 0.000000000000000e+00
52, 5.425229849842852e-01, 6.050314368681034e-02, 3.241972998971669e-01, 0.000000000000000e+00, 0.000000000000000e+00, 7.463010624798626e+04, 0.000000000000000e+00, 2.985204249919450e+04, 3.207709298475061e+02, 0.000000000000000e+00, -6.623980817327367e-01, 0.000000000000000e+00, 0.000000000000000e+00, 1.942587078007492e-05, 9.534656624865235e-04, -4.400145625822536e-05, -3.408106322369611e+01, 3.126753860065077e-01, 0.000000000000000e+00
53, 5.352205231365821e-01, 6.082678671298921e-02, 3.025793940569197e-01, 0.000000000000000e+00, 0.000000000000000e+00, 6.951843809345164e+04, 0.000000000000000e+00, 2.780737523738065e+04, 3.201481479884441e+02, 0.000000000000000e+00, -8.011458795202133e-01, 0.000000000000000e+00, 0.000000000000000e+00, 1.939734224990521e-05, 1.126893693174771e-03, -4.797129732164292e-05, -5.074520242107025e+01, 3.288583622084914e-01, 0.000000000000000e+00
54, 5.280357479815312e-01, 6.111985807418995e-02, 2.773509137984683e-01, 0.000000000000000e+00, 0.000000000000000e+00, 6.348068485756352e+04, 0.000000000000000e+00, 2.539227394302541e+04, 3.189351157099112e+02, 0.000000000000000e+00, -9.650307287979443e-01, 0.000000000000000e+00, 0.000000000000000e+00, 1.934169633344598e-05, 2.318654997266574e-03, -9.063356320890554e-05, -1.231184707684165e+02, 4.529033273540549e-01, 0.000000000000000e+00
55, 5.209680501654775e-01, 6.138389952685443e-02, 2.609136205877460e-01, 0.000000000000000e+00, 0.000000000000000e+00, 5.951091909645275e+04, 0.000000000000000e+00, 2.380436763858109e+04, 3.178266006718751e+02, 0.000000000000000e+00, -1.072783470258211e+00, 0.000000000000000e+00, 0.000000000000000e+00, 1.929075326445668e-05, 3.274003270853248e-03, -1.169065120226983e-04, -1.983788966580126e+02, 5.233438863368656e-01, 0.000000000000000e+00
56, 5.140237237735060e-01, 6.162019260076815e-02, 2.523930643788779e-01, 0.000000000000000e+00, 0.000000000000000e+00, 5.743761953538797e+04, 0.000000000000000e+00, 2.297504781415518e+04, 3.171095728427333e+02, 0.000000000000000e+00, -1.129059765892990e+00, 0.000000000000000e+00, 0.000000000000000e+00, 1.925775460370437e-05, 3.837114400961061e-03, -1.244123239908702e-04, -2.493848441156380e+02, 5.581729022120504e-01, 0.000000000000000e+00
57, 5.071915305318476e-01, 6.183058123738578e-02, 2.493770861426380e-01, 0.000000000000000e+00, 0.000000000000000e+00, 5.668063109986502e+04, 0.000000000000000e+00, 2.267225243994601e+04, 3.167148797753169e+02, 0.000000000000000e+00, -1.149606967942134e+00, 0.000000000000000e+00, 0.000000000000000e+00, 1.923957451255781e-05, 4.128992389566561e-03, -1.207190110910201e-04, -2.740207895531233e+02, 5.760716804558855e-01, 0.000000000000000e+00
58, 5.004697622558076e-01, 6.201646865952688e-02, 2.493067379394398e-01, 0.000000000000000e+00, 0.000000000000000e+00, 5.663492484404095e+04, 0.000000000000000e+00, 2.265396993761638e+04, 3.165487835625163e+02, 0.000000000000000e+00, -1.150847588841023e+00, 0.000000000000000e+00, 0.000000000000000e+00, 1.923192055107418e-05, 4.249264641493652e-03, -1.110929802026108e-04, -2.801514933197752e+02, 5.845403190281395e-01, 0.000000000000000e+00
59, 4.938567292788905e-01, 6.217920692596605e-02, 2.495633655657943e-01, 0.000000000000000e+00, 0.000000000000000e+00, 5.668896972544330e+04, 0.000000000000000e+00, 2.267558789017731e+04, 3.165250360642012e+02, 0.000000000000000e+00, -1.149380629709568e+00, 0.000000000000000e+00, 0.000000000000000e+00, 1.923082606874839e-05, 4.263291872864085e-03, -9.868757459333736e-05, -2.791270614042745e+02, 5.858315899094536e-01, 0.000000000000000e+00
60, 4.873507618015246e-01, 6.232015003404472e-02, 2.502618968562528e-01, 0.000000000000000e+00, 0.000000000000000e+00, 5.684948172081976e+04, 0.000000000000000e+00, 2.273979268832790e+04, 3.165352743611288e+02, 0.000000000000000e+00, -1.145023796440335e+00, 0.000000000000000e+00, 0.000000000000000e+00, 1.923129793963955e-05, 4.278020453759762e-03, -8.664360071497950e-05, -2.804901527512810e+02, 5.876453493060328e-01, 0.000000000000000e+00
61, 4.809502081914593e-01, 6.244060526938352e-02, 2.507467179642310e-01, 0.000000000000000e+00, 0.000000000000000e+00, 5.696106296980650e+04, 0.000000000000000e+00, 2.278442518792260e+04, 3.165433284321973e+02, 0.000000000000000e+00, -1.141995107545976e+00, 0.000000000000000e+00, 0.000000000000000e+00, 1.923166913686657e-05, 4.278008409474275e-03, -7.468280052961596e-05, -2.796694076816061e+02, 5.882019424712874e-01, 0.000000000000000e+00
62, 4.746534355672749e-01, 6.254181202991922e-02, 2.514363264731183e-01, 0.000000000000000e+00, 0.000000000000000e+00, 5.712165765980235e+04, 0.000000000000000e+00, 2.284866306392094e+04, 3.165651596266416e+02, 0.000000000000000e+00, -1.137636029667746e+00, 0.000000000000000e+00, 0.000000000000000e+00, 1.923267527273803e-05, 4.283603242280646e-03, -6.321078418836031e-05, -2.806685845275776e+02, 5.893674257622540e-01, 0.000000000000000e+00
63, 4.684588298151309e-01, 6.262493369059857e-02, 2.519046956776390e-01, 0.000000000000000e+00, 0.000000000000000e+00, 5.722962134064200e+04, 0.000000000000000e+00, 2.289184853625680e+04, 3.165737829443148e+02, 0.000000000000000e+00, -1.134705533691742e+00, 0.000000000000000e+00, 0.000000000000000e+00, 1.923307268677016e-05, 4.284533784373648e-03, -5.203306135280440e-05, -2.801069201568211e+02, 5.899738542720299e-01, 0.000000000000000e+00
64, 4.623666398750299e-01, 6.269102770337606e-02, 2.525205307794104e-01, 0.000000000000000e+00, 0.000000000000000e+00, 5.737331911055602e+04, 0.000000000000000e+00, 2.294932764422240e+04, 3.165946839142769e+02, 0.000000000000000e+00, -1.130805094829165e+00, 0.000000000000000e+00, 0.000000000000000e+00, 1.923403590622491e-05, 4.289622841025810e-03, -4.125139356688459e-05, -2.810657004405675e+02, 5.910241792906971e-01, 0.000000000000000e+00
65, 4.563805201615011e-01, 6.274108541852658e-02, 2.529603565829370e-01, 0.000000000000000e+00, 0.000000000000000e+00, 5.747501440816134e+04, 0.000000000000000e+00, 2.299000576326453e+04, 3.166044105669496e+02, 0.000000000000000e+00, -1.128044743773206e+00, 0.000000000000000e+00, 0.000000000000000e+00, 1.923448414748617e-05, 4.291570204804530e-03, -3.076460969904322e-05, -2.808259122851367e+02, 5.916700222353416e-01, 0.000000000000000e+00
66, 4.504915774679621e-01, 6.277615544046776e-02, 2.535114657198170e-01, 0.000000000000000e+00, 0.000000000000000e+00, 5.760380225352762e+04, 0.000000000000000e+00, 2.304152090141104e+04, 3.166240365212971e+02, 0.000000000000000e+00, -1.124549010211059e+00, 0.000000000000000e+00, 0.000000000000000e+00, 1.923538856561520e-05, 4.296244585849120e-03, -2.061695420178053e-05, -2.817655414754037e+02, 5.926219062499857e-01, 0.000000000000000e+00
67, 4.446982821924534e-01, 6.279714651103874e-02, 2.539148738956418e-01, 0.000000000000000e+00, 0.000000000000000e+00, 5.769714864866667e+04, 0.000000000000000e+00, 2.307885945946666e+04, 3.166332699065460e+02, 0.000000000000000e+00, -1.122015276336834e+00, 0.000000000000000e+00, 0.000000000000000e+00, 1.923581405590166e-05, 4.299173067979568e-03, -1.075865727031211e-05, -2.817828318189431e+02, 5.932973094938016e-01, 0.000000000000000e+00
68, 4.389991252501770e-01, 6.280491523977140e-02, 2.544029707509218e-01, 0.000000000000000e+00, 0.000000000000000e+00, 5.781116452969277e+04, 0.000000000000000e+00, 2.312446581187710e+04, 3.166502796952798e+02, 0.000000000000000e+00, -1.118920503372917e+00, 0.000000000000000e+00, 0.000000000000000e+00, 1.923659788019439e-05, 4.304071813866738e-03, -1.190492425583740e-06, -2.827501677454674e+02, 5.941982454202850e-01, 0.000000000000000e+00
69, 4.333926177318311e-01, 6.280027362147940e-02, 2.547672301417077e-01, 0.000000000000000e+00, 0.000000000000000e+00, 5.789532036123029e+04, 0.000000000000000e+00, 2.315812814449211e+04, 3.166578309846664e+02, 0.000000000000000e+00, -1.116636232183198e+00, 0.000000000000000e+00, 0.000000000000000e+00, 1.923694584281246e-05, 4.308102543594347e-03, 8.104506682344892e-06, -2.829887040179971e+02, 5.949096856234553e-01, 0.000000000000000e+00
70, 4.278772915189969e-01, 6.278399257721121e-02, 2.551956444183777e-01, 0.000000000000000e+00, 0.000000000000000e+00, 5.799515439159596e+04, 0.000000000000000e+00, 2.319806175663838e+04, 3.166713604342889e+02, 0.000000000000000e+00, -1.113926402155364e+00, 0.000000000000000e+00, 0.000000000000000e+00, 1.923756926816795e-05, 4.313663002917014e-03, 1.714324214726577e-05, -2.840013656950516e+02, 5.957946055854278e-01, 0.000000000000000e+00
71, 4.224516986744071e-01, 6.275679251862364e-02, 2.555235116846705e-01, 0.000000000000000e+00, 0.000000000000000e+00, 5.807066664080020e+04, 0.000000000000000e+00, 2.322826665632007e+04, 3.166768241788786e+02, 0.000000000000000e+00, -1.111876746746146e+00, 0.000000000000000e+00, 0.000000000000000e+00, 1.923782102906924e-05, 4.318906454607692e-03, 2.596440135156038e-05, -2.844564397012791e+02, 5.965531450069470e-01, 0.000000000000000e+00
72, 4.171144122561937e-01, 6.271928830083594e-02, 2.559090804779499e-01, 0.000000000000000e+00, 0.000000000000000e+00, 5.816010001752017e+04, 0.000000000000000e+00, 2.326404000700806e+04, 3.166866711745044e+02, 0.000000000000000e+00, -1.109449225300415e+00, 0.000000000000000e+00, 0.000000000000000e+00, 1.923827475797910e-05, 4.325519912887293e-03, 3.462649925282282e-05, -2.855029731795588e+02, 5.974686968793612e-01, 0.000000000000000e+00
73, 4.118663456811704e-01, 6.267205502465922e-02, 2.562199633767739e-01, 0.000000000000000e+00, 0.000000000000000e+00, 5.823152237003844e+04, 0.000000000000000e+00, 2.329260894801538e+04, 3.166908502610208e+02, 0.000000000000000e+00, -1.107510583388396e+00, 0.000000000000000e+00, 0.000000000000000e+00, 1.923846731941501e-05, 4.331471061517571e-03, 4.313384217975137e-05, -2.860769002150022e+02, 5.982606534705057e-01, 0.000000000000000e+00
74, 4.067091491220065e-01, 6.261567016014090e-02, 2.565822544729094e-01, 0.000000000000000e+00, 0.000000000000000e+00, 5.831523735270706e+04, 0.000000000000000e+00, 2.332609494108282e+04, 3.166983257757061e+02, 0.000000000000000e+00, -1.105238278313822e+00, 0.000000000000000e+00, 0.000000000000000e+00, 1.923881176855381e-05, 4.338414235236323e-03, 5.150844725386892e-05, -2.870731858270822e+02, 5.991775512536789e-01, 0.000000000000000e+00
75, 4.016358757243306e-01, 6.255059229805414e-02, 2.568852809117688e-01, 0.000000000000000e+00, 0.000000000000000e+00, 5.838469993395529e+04, 0.000000000000000e+00, 2.335387997358211e+04, 3.167015351197335e+02, 0.000000000000000e+00, -1.103352831159301e+00, 0.000000000000000e+00, 0.000000000000000e+00, 1.923895964420074e-05, 4.344725579715290e-03, 5.974275228679856e-05, -2.876781139923435e+02, 5.999888209038716e-01, 0.000000000000000e+00
76, 3.966451863961902e-01, 6.247728424344247e-02, 2.572324801896413e-01, 0.000000000000000e+00, 0.000000000000000e+00, 5.846469286607385e+04, 0.000000000000000e+00, 2.338587714642954e+04, 3.167073949420708e+02, 0.000000000000000e+00, -1.101181555005514e+00, 0.000000000000000e+00, 0.000000000000000e+00, 1.923922964295435e-05, 4.351933096604916e-03, 6.789118518916235e-05, -2.886184852413232e+02, 6.009107903120907e-01, 0.000000000000000e+00
77, 3.917357629129470e-01, 6.239614819761619e-02, 2.575372154685863e-01, 0.000000000000000e+00, 0.000000000000000e+00, 5.853456375921999e+04, 0.000000000000000e+00, 2.341382550368799e+04, 3.167106932754232e+02, 0.000000000000000e+00, -1.099285024898239e+00, 0.000000000000000e+00, 0.000000000000000e+00, 1.923938161676505e-05, 4.358374682815878e-03, 7.595347735894753e-05, -2.892437160321454e+02, 6.017349841079698e-01, 0.000000000000000e+00
78, 3.869063072655594e-01, 6.230756461413516e-02, 2.578824876663701e-01, 0.000000000000000e+00, 0.000000000000000e+00, 5.861405831995387e+04, 0.000000000000000e+00, 2.344562332798154e+04, 3.167161997752644e+02, 0.000000000000000e+00, -1.097127276213376e+00, 0.000000000000000e+00, 0.000000000000000e+00, 1.923963533218013e-05, 4.365394469429722e-03, 8.395522166378321e-05, -2.900950002167720e+02, 6.026442468574562e-01, 0.000000000000000e+00
79, 3.821555412723381e-01, 6.221190147328052e-02, 2.581947870522087e-01, 0.000000000000000e+00, 0.000000000000000e+00, 5.868578084984385e+04, 0.000000000000000e+00, 2.347431233993754e+04, 3.167201938226611e+02, 0.000000000000000e+00, -1.095180486481895e+00, 0.000000000000000e+00, 0.000000000000000e+00, 1.923981935904124e-05, 4.371568648347429e-03, 9.186964944392116e-05, -2.906773666498579e+02, 6.034597362835139e-01, 0.000000000000000e+00
80, 3.774822060738096e-01, 6.210951468230179e-02, 2.585395762634520e-01, 0.000000000000000e+00, 0.000000000000000e+00, 5.876526754578608e+04, 0.000000000000000e+00, 2.350610701831443e+04, 3.167262229267869e+02, 0.000000000000000e+00, -1.093022951273824e+00, 0.000000000000000e+00, 0.000000000000000e+00, 1.924009714954313e-05, 4.378025513926760e-03, 9.971699734521343e-05, -2.914364973502643e+02, 6.043306617430754e-01, 0.000000000000000e+00
81, 3.728850622395141e-01, 6.200075050347363e-02, 2.588558702191429e-01, 0.000000000000000e+00, 0.000000000000000e+00, 5.883805769701934e+04, 0.000000000000000e+00, 2.353522307880773e+04, 3.167310541879951e+02, 0.000000000000000e+00, -1.091047182722559e+00, 0.000000000000000e+00, 0.000000000000000e+00, 1.924031974763995e-05, 4.383903223831706e-03, 1.074726386133428e-04, -2.919835974263818e+02, 6.051308925403565e-01, 0.000000000000000e+00
82, 3.683655156912947e-01, 6.188601641584749e-02, 2.591957142067703e-01, 0.000000000000000e+00, 0.000000000000000e+00, 5.891656207320683e+04, 0.000000000000000e+00, 2.356662482928273e+04, 3.167378155391271e+02, 0.000000000000000e+00, -1.088916310963399e+00, 0.000000000000000e+00, 0.000000000000000e+00, 1.924063127090820e-05, 4.389843900627040e-03, 1.151473009244120e-04, -2.926880567376934e+02, 6.059609898345113e-01, 0.000000000000000e+00
83, 3.639237119314244e-01, 6.176569082391026e-02, 2.595105814254384e-01, 0.000000000000000e+00, 0.000000000000000e+00, 5.898919228189872e+04, 0.000000000000000e+00, 2.359567691275948e+04, 3.167435030290829e+02, 0.000000000000000e+00, -1.086944883788514e+00, 0.000000000000000e+00, 0.000000000000000e+00, 1.924089331442824e-05, 4.395500874487787e-03, 1.227330214770121e-04, -2.932343076900002e+02, 6.067446134988278e-01, 0.000000000000000e+00
84, 3.595542971715845e-01, 6.163998587173019e-02, 2.598420433488582e-01, 0.000000000000000e+00, 0.000000000000000e+00, 5.906592569706788e+04, 0.000000000000000e+00, 2.362637027882715e+04, 3.167509518132770e+02, 0.000000000000000e+00, -1.084862081844106e+00, 0.000000000000000e+00, 0.000000000000000e+00, 1.924123650371581e-05, 4.401027470994348e-03, 1.302322740835837e-04, -2.939173575064273e+02, 6.075367901256110e-01, 0.000000000000000e+00
85, 3.552561105936227e-01, 6.150920493725963e-02, 2.601508989071918e-01, 0.000000000000000e+00, 0.000000000000000e+00, 5.913731743083235e+04, 0.000000000000000e+00, 2.365492697233293e+04, 3.167572953549707e+02, 0.000000000000000e+00, -1.082924271027638e+00, 0.000000000000000e+00, 0.000000000000000e+00, 1.924152876780514e-05, 4.406577513318322e-03, 1.376544358402758e-04, -2.944919312504943e+02, 6.083064444709013e-01, 0.000000000000000e+00
86, 3.510280091524520e-01, 6.137363826669246e-02, 2.604714462146613e-01, 0.000000000000000e+00, 0.000000000000000e+00, 5.921165522552393e+04, 0.000000000000000e+00, 2.368466209020957e+04, 3.167651658938497e+02, 0.000000000000000e+00, -1.080906494248314e+00, 0.000000000000000e+00, 0.000000000000000e+00, 1.924189138075560e-05, 4.411918642317059e-03, 1.449983205184447e-04, -2.951886309177068e+02, 6.090737782572536e-01, 0.000000000000000e+00
87, 3.468688677892012e-01, 6.123355703460863e-02, 2.607731358426204e-01, 0.000000000000000e+00, 0.000000000000000e+00, 5.928152732902283e+04, 0.000000000000000e+00, 2.371261093160913e+04, 3.167720618551076e+02, 0.000000000000000e+00, -1.079009931288010e+00, 0.000000000000000e+00, 0.000000000000000e+00, 1.924220908912224e-05, 4.417401801007155e-03, 1.522817989732263e-04, -2.958082896802716e+02, 6.098309225485695e-01, 0.000000000000000e+00
88, 3.427775790166066e-01, 6.108921986873216e-02, 2.610837650555934e-01, 0.000000000000000e+00, 0.000000000000000e+00, 5.935366729104844e+04, 0.000000000000000e+00, 2.374146691641937e+04, 3.167801992052963e+02, 0.000000000000000e+00, -1.077051811049973e+00, 0.000000000000000e+00, 0.000000000000000e+00, 1.924258398593801e-05, 4.422552525272261e-03, 1.594903230633119e-04, -2.965172027693201e+02, 6.105743651570520e-01, 0.000000000000000e+00
89, 3.387530527748187e-01, 6.094087674394633e-02, 2.613781981325754e-01, 0.000000000000000e+00, 0.000000000000000e+00, 5.942195318107153e+04, 0.000000000000000e+00, 2.376878127242861e+04, 3.167874001651237e+02, 0.000000000000000e+00, -1.075198303237214e+00, 0.000000000000000e+00, 0.000000000000000e+00, 1.924291573823387e-05, 4.427867785121484e-03, 1.666409965790432e-04, -2.971603649867560e+02, 6.113121686563092e-01, 0.000000000000000e+00
90, 3.347942156127159e-01, 6.078876924594093e-02, 2.616781677848378e-01, 0.000000000000000e+00, 0.000000000000000e+00, 5.949168744280694e+04, 0.000000000000000e+00, 2.379667497712277e+04, 3.167955948307346e+02, 0.000000000000000e+00, -1.073305481764141e+00, 0.000000000000000e+00, 0.000000000000000e+00, 1.924329326658354e-05, 4.432818445465355e-03, 1.737113374828392e-04, -2.978755565650978e+02, 6.120303580991289e-01, 0.000000000000000e+00
91, 3.309028146898023e-01, 6.063324507030946e-02, 2.619634495202781e-01, 0.000000000000000e+00, 0.000000000000000e+00, 5.955789587447290e+04, 0.000000000000000e+00, 2.382315834978916e+04, 3.168027787271396e+02, 0.000000000000000e+00, -1.071508363130674e+00, 0.000000000000000e+00, 0.000000000000000e+00, 1.924362422481256e-05, 4.437949369926019e-03, 1.807205402652928e-04, -2.985323457438114e+02, 6.127457857433012e-01, 0.000000000000000e+00
92, 3.270778788015966e-01, 6.047454741934138e-02, 2.622516492909865e-01, 0.000000000000000e+00, 0.000000000000000e+00, 5.962491524863909e+04, 0.000000000000000e+00, 2.384996609945563e+04, 3.168107307543605e+02, 0.000000000000000e+00, -1.069689232801096e+00, 0.000000000000000e+00, 0.000000000000000e+00, 1.924399056608811e-05, 4.442760800104089e-03, 1.876450476068125e-04, -2.992460194047557e+02, 6.134418910216400e-01, 0.000000000000000e+00
93, 3.233153416162508e-01, 6.031277952868754e-02, 2.625258098002339e-01, 0.000000000000000e+00, 0.000000000000000e+00, 5.968854119362131e+04, 0.000000000000000e+00, 2.387541647744852e+04, 3.168175962383185e+02, 0.000000000000000e+00, -1.067962211507548e+00, 0.000000000000000e+00, 0.000000000000000e+00, 1.924430684783737e-05, 4.447790244862061e-03, 1.945041787703639e-04, -2.999097768207422e+02, 6.141386414799230e-01, 0.000000000000000e+00
94, 3.196141986125219e-01, 6.014815680605704e-02, 2.627999544770420e-01, 0.000000000000000e+00, 0.000000000000000e+00, 5.975226125589834e+04, 0.000000000000000e+00, 2.390090450235933e+04, 3.168249655238905e+02, 0.000000000000000e+00, -1.066232635555327e+00, 0.000000000000000e+00, 0.000000000000000e+00, 1.924464633514309e-05, 4.452496520619668e-03, 2.012769970932002e-04, -3.006167376829819e+02, 6.148127160332173e-01, 0.000000000000000e+00
95, 3.159734609852220e-01, 5.998088669517568e-02, 2.630609966331388e-01, 0.000000000000000e+00, 0.000000000000000e+00, 5.981280215521614e+04, 0.000000000000000e+00, 2.392512086208645e+04, 3.168312600315318e+02, 0.000000000000000e+00, -1.064589352736006e+00, 0.000000000000000e+00, 0.000000000000000e+00, 1.924493630662590e-05, 4.457471827972841e-03, 2.079901826656515e-04, -3.012877178469083e+02, 6.154919854504274e-01, 0.000000000000000e+00
96, 3.123921554681938e-01, 5.981116890556566e-02, 2.633204693167202e-01, 0.000000000000000e+00, 0.000000000000000e+00, 5.987304995397256e+04, 0.000000000000000e+00, 2.394921998158902e+04, 3.168378794724509e+02, 0.000000000000000e+00, -1.062954025647807e+00, 0.000000000000000e+00, 0.000000000000000e+00, 1.924524124386216e-05, 4.462237290240967e-03, 2.146223449153890e-04, -3.019981986119479e+02, 6.161547897592352e-01, 0.000000000000000e+00
97, 3.088693237469827e-01, 5.963919563450389e-02, 2.635679001386876e-01, 0.000000000000000e+00, 0.000000000000000e+00, 5.993037592413805e+04, 0.000000000000000e+00, 2.397215036965521e+04, 3.168435145382060e+02, 0.000000000000000e+00, -1.061398006775683e+00, 0.000000000000000e+00, 0.000000000000000e+00, 1.924550083148802e-05, 4.467195943067233e-03, 2.211925462275364e-04, -3.026744207396770e+02, 6.168186033263844e-01, 0.000000000000000e+00
98, 3.054040226416703e-01, 5.946515254251049e-02, 2.638124601102074e-01, 0.000000000000000e+00, 0.000000000000000e+00, 5.998708372786409e+04, 0.000000000000000e+00, 2.399483349114563e+04, 3.168493219082148e+02, 0.000000000000000e+00, -1.059858767011581e+00, 0.000000000000000e+00, 0.000000000000000e+00, 1.924576835417609e-05, 4.472035142107658e-03, 2.276842044396421e-04, -3.033866375242217e+02, 6.174708303058047e-01, 0.000000000000000e+00
99, 3.019953236630004e-01, 5.928922046867773e-02, 2.640450920708549e-01, 0.000000000000000e+00, 0.000000000000000e+00, 6.004089982897048e+04, 0.000000000000000e+00, 2.401635993158819e+04, 3.168541717814776e+02, 0.000000000000000e+00, -1.058398017743772e+00, 0.000000000000000e+00, 0.000000000000000e+00, 1.924599176689908e-05, 4.477050352985861e-03, 2.341081284734811e-04, -3.040705710273347e+02, 6.181228939940051e-01, 0.000000000000000e+00
100, 2.986451939560058e-01, 5.911172861168099e-02, 2.642734273878906e-01, 0.000000000000000e+00, 0.000000000000000e+00, 6.009374395245218e+04, 0.000000000000000e+00, 2.403749758098087e+04, 3.168590397227082e+02, 0.000000000000000e+00, -1.056963651204819e+00, 0.000000000000000e+00, 0.000000000000000e+00, 1.924621601023563e-05, 4.482062118833814e-03, 2.404562713265895e-04, -3.047942223054828e+02, 6.187698543883760e-01, 0.000000000000000e+00
101, 2.953518531398643e-01, 5.893280770412705e-02, 2.644907469802366e-01, 0.000000000000000e+00, 0.000000000000000e+00, 6.014392422643097e+04, 0.000000000000000e+00, 2.405756969057238e+04, 3.168630620027395e+02, 0.000000000000000e+00, -1.055601590465263e+00, 0.000000000000000e+00, 0.000000000000000e+00, 1.924640129662214e-05, 4.487227203345964e-03, 2.467372766759062e-04, -3.054970052245909e+02, 6.194159170118713e-01, 0.000000000000000e+00
102, 2.921122698727003e-01, 5.875250546027844e-02, 2.647030772607386e-01, 0.000000000000000e+00, 0.000000000000000e+00, 6.019295362617134e+04, 0.000000000000000e+00, 2.407718145046853e+04, 3.168669917966448e+02, 0.000000000000000e+00, -1.054270768307963e+00, 0.000000000000000e+00, 0.000000000000000e+00, 1.924658232151118e-05, 4.492438398555012e-03, 2.529472318386773e-04, -3.062382653675946e+02, 6.200596031456990e-01, 0.000000000000000e+00
103, 2.889255760992294e-01, 5.857097547756165e-02, 2.649048493439801e-01, 0.000000000000000e+00, 0.000000000000000e+00, 6.023942585185122e+04, 0.000000000000000e+00, 2.409577034074048e+04, 3.168700934868536e+02, 0.000000000000000e+00, -1.053009356421191e+00, 0.000000000000000e+00, 0.000000000000000e+00, 1.924672519924474e-05, 4.497883004329758e-03, 2.591001334533944e-04, -3.069744474720259e+02, 6.207083863749734e-01, 0.000000000000000e+00
104, 2.857909172014981e-01, 5.838836452572371e-02, 2.651015143402989e-01, 0.000000000000000e+00, 0.000000000000000e+00, 6.028470313213927e+04, 0.000000000000000e+00, 2.411388125285570e+04, 3.168730139433346e+02, 0.000000000000000e+00, -1.051780379355416e+00, 0.000000000000000e+00, 0.000000000000000e+00, 1.924685972790976e-05, 4.503526865267215e-03, 2.652030783228886e-04, -3.077595172935880e+02, 6.213653308198920e-01, 0.000000000000000e+00
105, 2.827074528107569e-01, 5.820480347796456e-02, 2.652907572294717e-01, 0.000000000000000e+00, 0.000000000000000e+00, 6.032818602944656e+04, 0.000000000000000e+00, 2.413127441177862e+04, 3.168753703452360e+02, 0.000000000000000e+00, -1.050600107854917e+00, 0.000000000000000e+00, 0.000000000000000e+00, 1.924696827337155e-05, 4.509564394670751e-03, 2.712904694017334e-04, -3.085693458748275e+02, 6.220417574512626e-01, 0.000000000000000e+00
106, 2.796743568552709e-01, 5.802039893476486e-02, 2.654796489180618e-01, 0.000000000000000e+00, 0.000000000000000e+00, 6.037160043630424e+04, 0.000000000000000e+00, 2.414864017452169e+04, 3.168777830904095e+02, 0.000000000000000e+00, -1.049421695414663e+00, 0.000000000000000e+00, 0.000000000000000e+00, 1.924707941382035e-05, 4.515515032030705e-03, 2.773522176901817e-04, -3.093936009057743e+02, 6.227119335968998e-01, 0.000000000000000e+00
107, 2.766908169138937e-01, 5.783524933027769e-02, 2.656662516626008e-01, 0.000000000000000e+00, 0.000000000000000e+00, 6.041446880146615e+04, 0.000000000000000e+00, 2.416578752058645e+04, 3.168800585565299e+02, 0.000000000000000e+00, -1.048258104375271e+00, 0.000000000000000e+00, 0.000000000000000e+00, 1.924718423027752e-05, 4.521567729443646e-03, 2.834025690439446e-04, -3.102145910351023e+02, 6.233869061146600e-01, 0.000000000000000e+00
108, 2.737560331706057e-01, 5.764945057414522e-02, 2.658543176880876e-01, 0.000000000000000e+00, 0.000000000000000e+00, 6.045768861907552e+04, 0.000000000000000e+00, 2.418307544763020e+04, 3.168824287855523e+02, 0.000000000000000e+00, -1.047084973739090e+00, 0.000000000000000e+00, 0.000000000000000e+00, 1.924729341147183e-05, 4.527485738392893e-03, 2.894225571375515e-04, -3.110296807927029e+02, 6.240543813892314e-01, 0.000000000000000e+00
109, 2.708721010192705e-01, 5.746328402087916e-02, 2.660411523290288e-01, 0.000000000000000e+00, 0.000000000000000e+00, 6.050061901211965e+04, 0.000000000000000e+00, 2.420024760484785e+04, 3.168847464582051e+02, 0.000000000000000e+00, -1.045919699055181e+00, 0.000000000000000e+00, 0.000000000000000e+00, 1.924740017134215e-05, 4.533319947418280e-03, 2.954150150595692e-04, -3.118223891185487e+02, 6.247149078173470e-01, 0.000000000000000e+00
110, 2.680366781864232e-01, 5.727674726655151e-02, 2.662293717925924e-01, 0.000000000000000e+00, 0.000000000000000e+00, 6.054388690469966e+04, 0.000000000000000e+00, 2.421755476187986e+04, 3.168871790286589e+02, 0.000000000000000e+00, -1.044745263503245e+00, 0.000000000000000e+00, 0.000000000000000e+00, 1.924751222338009e-05, 4.538962404890725e-03, 3.013696569702790e-04, -3.125991485318983e+02, 6.253638579768530e-01, 0.000000000000000e+00
111, 2.652475620132654e-01, 5.708983625029854e-02, 2.664159754296063e-01, 0.000000000000000e+00, 0.000000000000000e+00, 6.058677874483982e+04, 0.000000000000000e+00, 2.423471149793592e+04, 3.168895632308876e+02, 0.000000000000000e+00, -1.043581035274302e+00, 0.000000000000000e+00, 0.000000000000000e+00, 1.924762204700907e-05, 4.544555942237937e-03, 3.072955639314160e-04, -3.133582052934685e+02, 6.260077947966894e-01, 0.000000000000000e+00
112, 2.625040046529083e-01, 5.690263678025995e-02, 2.666028340345468e-01, 0.000000000000000e+00, 0.000000000000000e+00, 6.062974131006012e+04, 0.000000000000000e+00, 2.425189652402404e+04, 3.168920106902816e+02, 0.000000000000000e+00, -1.042414887329755e+00, 0.000000000000000e+00, 0.000000000000000e+00, 1.924773478403126e-05, 4.549891354017006e-03, 3.131779843481396e-04, -3.140962925716161e+02, 6.266343328822498e-01, 0.000000000000000e+00
113, 2.598052704848974e-01, 5.671523260408521e-02, 2.667873588033357e-01, 0.000000000000000e+00, 0.000000000000000e+00, 6.067215660304205e+04, 0.000000000000000e+00, 2.426886264121682e+04, 3.168943684543981e+02, 0.000000000000000e+00, -1.041263594187117e+00, 0.000000000000000e+00, 0.000000000000000e+00, 1.924784338902385e-05, 4.555238030278339e-03, 3.190331840671516e-04, -3.148246446391777e+02, 6.272591977318931e-01, 0.000000000000000e+00
114, 2.571506353619514e-01, 5.652770523134221e-02, 2.669709174427430e-01, 0.000000000000000e+00, 0.000000000000000e+00, 6.071435213860129e+04, 0.000000000000000e+00, 2.428574085544051e+04, 3.168967227457335e+02, 0.000000000000000e+00, -1.040118265997118e+00, 0.000000000000000e+00, 0.000000000000000e+00, 1.924795183365222e-05, 4.560365438028397e-03, 3.248435009603225e-04, -3.155360209746264e+02, 6.278679795262084e-01, 0.000000000000000e+00
115, 2.545393863659144e-01, 5.634013366604893e-02, 2.671513090664331e-01, 0.000000000000000e+00, 0.000000000000000e+00, 6.075579638363166e+04, 0.000000000000000e+00, 2.430231855345266e+04, 3.168989118752662e+02, 0.000000000000000e+00, -1.038993330348895e+00, 0.000000000000000e+00, 0.000000000000000e+00, 1.924805267015188e-05, 4.565505092455115e-03, 3.306239450745989e-04, -3.162397429310776e+02, 6.284742585985132e-01, 0.000000000000000e+00
116, 2.519708221095152e-01, 5.615259442594626e-02, 2.673296328066092e-01, 0.000000000000000e+00, 0.000000000000000e+00, 6.079675375352462e+04, 0.000000000000000e+00, 2.431870150140984e+04, 3.169010115655792e+02, 0.000000000000000e+00, -1.037881610122930e+00, 0.000000000000000e+00, 0.000000000000000e+00, 1.924814938654539e-05, 4.570488405679672e-03, 3.363612642959740e-04, -3.169321405880171e+02, 6.290675944436023e-01, 0.000000000000000e+00
117, 2.494442524410342e-01, 5.596516155440321e-02, 2.675037324769607e-01, 0.000000000000000e+00, 0.000000000000000e+00, 6.083669608561619e+04, 0.000000000000000e+00, 2.433467843424647e+04, 3.169028251702623e+02, 0.000000000000000e+00, -1.036797441423269e+00, 0.000000000000000e+00, 0.000000000000000e+00, 1.924823292494521e-05, 4.575508062693764e-03, 3.420654752188220e-04, -3.176197810506455e+02, 6.296589769882579e-01, 0.000000000000000e+00
118, 2.469618251306089e-01, 5.577812127269592e-02, 2.676749216034809e-01, 0.000000000000000e+00, 0.000000000000000e+00, 6.087594189330607e+04, 0.000000000000000e+00, 2.435037675732242e+04, 3.169044563289106e+02, 0.000000000000000e+00, -1.035732178729224e+00, 0.000000000000000e+00, 0.000000000000000e+00, 1.924830805929975e-05, 4.580445593811812e-03, 3.477290443852286e-04, -3.183024462028974e+02, 6.302416232557269e-01, 0.000000000000000e+00
119, 2.445208257428642e-01, 5.559139476124050e-02, 2.678418006476862e-01, 0.000000000000000e+00, 0.000000000000000e+00, 6.091414302064061e+04, 0.000000000000000e+00, 2.436565720825624e+04, 3.169057500739790e+02, 0.000000000000000e+00, -1.034695272159699e+00, 0.000000000000000e+00, 0.000000000000000e+00, 1.924836765158958e-05, 4.585374090830774e-03, 3.533543779836784e-04, -3.189747398251056e+02, 6.308191307604478e-01, 0.000000000000000e+00
120, 2.421197069197488e-01, 5.540498188763607e-02, 2.680050927994683e-01, 0.000000000000000e+00, 0.000000000000000e+00, 6.095147190223487e+04, 0.000000000000000e+00, 2.438058876089394e+04, 3.169067484955452e+02, 0.000000000000000e+00, -1.033682041261587e+00, 0.000000000000000e+00, 0.000000000000000e+00, 1.924841364065067e-05, 4.590260170513337e-03, 3.589394401986242e-04, -3.196423072615870e+02, 6.313899853963999e-01, 0.000000000000000e+00
121, 2.397578235737237e-01, 5.521894760819276e-02, 2.681637075355107e-01, 0.000000000000000e+00, 0.000000000000000e+00, 6.098765464446791e+04, 0.000000000000000e+00, 2.439506185778716e+04, 3.169073176986836e+02, 0.000000000000000e+00, -1.032699920425301e+00, 0.000000000000000e+00, 0.000000000000000e+00, 1.924843985912069e-05, 4.595170702377082e-03, 3.644880145828986e-04, -3.203019005489216e+02, 6.319576832379959e-01, 0.000000000000000e+00
122, 2.374345404512243e-01, 5.503335542700873e-02, 2.683183504153486e-01, 0.000000000000000e+00, 0.000000000000000e+00, 6.102286176526680e+04, 0.000000000000000e+00, 2.440914470610671e+04, 3.169075106904995e+02, 0.000000000000000e+00, -1.031744281223067e+00, 0.000000000000000e+00, 0.000000000000000e+00, 1.924844874864849e-05, 4.600086427969052e-03, 3.699969535280631e-04, -3.209580861189712e+02, 6.325216270230833e-01, 0.000000000000000e+00
123, 2.351492327405439e-01, 5.484826662316468e-02, 2.684683873110585e-01, 0.000000000000000e+00, 0.000000000000000e+00, 6.105693257312585e+04, 0.000000000000000e+00, 2.442277302925033e+04, 3.169072426251920e+02, 0.000000000000000e+00, -1.030819485360666e+00, 0.000000000000000e+00, 0.000000000000000e+00, 1.924843640110860e-05, 4.605057183396189e-03, 3.754697335433981e-04, -3.216080185749298e+02, 6.330846054192084e-01, 0.000000000000000e+00
124, 2.329012854286304e-01, 5.466374002645417e-02, 2.686147325416331e-01, 0.000000000000000e+00, 0.000000000000000e+00, 6.109008979081988e+04, 0.000000000000000e+00, 2.443603591632795e+04, 3.169065909463034e+02, 0.000000000000000e+00, -1.029919487395867e+00, 0.000000000000000e+00, 0.000000000000000e+00, 1.924840638365903e-05, 4.610051955481702e-03, 3.809036364077769e-04, -3.222536827540854e+02, 6.336454291859307e-01, 0.000000000000000e+00
125, 2.306900934485741e-01, 5.447983208317204e-02, 2.687571761895060e-01, 0.000000000000000e+00, 0.000000000000000e+00, 6.112228012991776e+04, 0.000000000000000e+00, 2.444891205196710e+04, 3.169055274896050e+02, 0.000000000000000e+00, -1.029045733755208e+00, 0.000000000000000e+00, 0.000000000000000e+00, 1.924835739895035e-05, 4.615094126950884e-03, 3.863004013300413e-04, -3.228910119391676e+02, 6.342054832918117e-01, 0.000000000000000e+00
126, 2.285150610321802e-01, 5.429659686575945e-02, 2.688963079710173e-01, 0.000000000000000e+00, 0.000000000000000e+00, 6.115365168397575e+04, 0.000000000000000e+00, 2.446146067359029e+04, 3.169041252962096e+02, 0.000000000000000e+00, -1.028194204683460e+00, 0.000000000000000e+00, 0.000000000000000e+00, 1.924829281130219e-05, 4.620191484216449e-03, 3.916574610174358e-04, -3.235255126053806e+02, 6.347658519202475e-01, 0.000000000000000e+00
127, 2.263783342480738e-01, 5.411432068245292e-02, 2.690325410072475e-01, 0.000000000000000e+00, 0.000000000000000e+00, 6.118430715241069e+04, 0.000000000000000e+00, 2.447372286096427e+04, 3.169024301395961e+02, 0.000000000000000e+00, -1.027362112574406e+00, 0.000000000000000e+00, 0.000000000000000e+00, 1.924821472903210e-05, 4.625330755843910e-03, 3.969762597508381e-04, -3.241514505946447e+02, 6.353260241420772e-01, 0.000000000000000e+00
128, 2.242769750761533e-01, 5.393285649774351e-02, 2.691665540744240e-01, 0.000000000000000e+00, 0.000000000000000e+00, 6.121441857114099e+04, 0.000000000000000e+00, 2.448576742845639e+04, 3.169005338713508e+02, 0.000000000000000e+00, -1.026544787796901e+00, 0.000000000000000e+00, 0.000000000000000e+00, 1.924812738291741e-05, 4.630452890938792e-03, 4.022492536338224e-04, -3.247655025070102e+02, 6.358825894454767e-01, 0.000000000000000e+00
129, 2.222099522944731e-01, 5.375221171186439e-02, 2.692982905838908e-01, 0.000000000000000e+00, 0.000000000000000e+00, 6.124398086424966e+04, 0.000000000000000e+00, 2.449759234569986e+04, 3.168984770712450e+02, 0.000000000000000e+00, -1.025742368128336e+00, 0.000000000000000e+00, 0.000000000000000e+00, 1.924803264207456e-05, 4.635668273820187e-03, 4.074913314818054e-04, -3.253792431559548e+02, 6.364430181524603e-01, 0.000000000000000e+00
130, 2.201767099572566e-01, 5.357242896194170e-02, 2.694289817788450e-01, 0.000000000000000e+00, 0.000000000000000e+00, 6.127329910209052e+04, 0.000000000000000e+00, 2.450931964083621e+04, 3.168963895407787e+02, 0.000000000000000e+00, -1.024946572937323e+00, 0.000000000000000e+00, 0.000000000000000e+00, 1.924793648541133e-05, 4.640908473883388e-03, 4.127047447795763e-04, -3.259913386243684e+02, 6.370039034496038e-01, 0.000000000000000e+00
131, 2.181767010834074e-01, 5.339354445499821e-02, 2.695594059284350e-01, 0.000000000000000e+00, 0.000000000000000e+00, 6.130257099924369e+04, 0.000000000000000e+00, 2.452102839969747e+04, 3.168943784221269e+02, 0.000000000000000e+00, -1.024152035587816e+00, 0.000000000000000e+00, 0.000000000000000e+00, 1.924784384816356e-05, 4.646085863620229e-03, 4.178888285197679e-04, -3.265916669552618e+02, 6.375600233503074e-01, 0.000000000000000e+00
132, 2.162093875777101e-01, 5.321559102346737e-02, 2.696906289137272e-01, 0.000000000000000e+00, 0.000000000000000e+00, 6.133206423351163e+04, 0.000000000000000e+00, 2.453282569340465e+04, 3.168925742113493e+02, 0.000000000000000e+00, -1.023351490407536e+00, 0.000000000000000e+00, 0.000000000000000e+00, 1.924776074137220e-05, 4.651200353191646e-03, 4.230451491577541e-04, -3.271820575401360e+02, 6.381124407052383e-01, 0.000000000000000e+00
133, 2.142742402321766e-01, 5.303860013793425e-02, 2.698226223448231e-01, 0.000000000000000e+00, 0.000000000000000e+00, 6.136178604777296e+04, 0.000000000000000e+00, 2.454471441910918e+04, 3.168910473693205e+02, 0.000000000000000e+00, -1.022544740800492e+00, 0.000000000000000e+00, 0.000000000000000e+00, 1.924769041074722e-05, 4.656194351447281e-03, 4.281675136381901e-04, -3.277564530290151e+02, 6.386570577563551e-01, 0.000000000000000e+00
134, 2.123707380918297e-01, 5.286260210547106e-02, 2.699555644741599e-01, 0.000000000000000e+00, 0.000000000000000e+00, 6.139178975388705e+04, 0.000000000000000e+00, 2.455671590155481e+04, 3.168898634421909e+02, 0.000000000000000e+00, -1.021730339704228e+00, 0.000000000000000e+00, 0.000000000000000e+00, 1.924763587562871e-05, 4.661064755270882e-03, 4.332543350892183e-04, -3.283180107844661e+02, 6.391937662097128e-01, 0.000000000000000e+00
135, 2.104983682356066e-01, 5.268762605858769e-02, 2.700885031898819e-01, 0.000000000000000e+00, 0.000000000000000e+00, 6.142186142473757e+04, 0.000000000000000e+00, 2.456874456989502e+04, 3.168890353308573e+02, 0.000000000000000e+00, -1.020914093817335e+00, 0.000000000000000e+00, 0.000000000000000e+00, 1.924759773035823e-05, 4.665788877486521e-03, 4.382989982209201e-04, -3.288681931235022e+02, 6.397198363597326e-01, 0.000000000000000e+00
136, 2.086592346276324e-01, 5.251394761360140e-02, 2.702217099586262e-01, 0.000000000000000e+00, 0.000000000000000e+00, 6.145206990136542e+04, 0.000000000000000e+00, 2.458082796054616e+04, 3.168885991528089e+02, 0.000000000000000e+00, -1.020094134563347e+00, 0.000000000000000e+00, 0.000000000000000e+00, 1.924757763868050e-05, 4.670385688214242e-03, 4.433051404165363e-04, -3.294125430438920e+02, 6.402368318470922e-01, 0.000000000000000e+00
137, 2.068502915757635e-01, 5.234135676866093e-02, 2.703543109478685e-01, 0.000000000000000e+00, 0.000000000000000e+00, 6.148221392583961e+04, 0.000000000000000e+00, 2.459288557033583e+04, 3.168885412558437e+02, 0.000000000000000e+00, -1.019275924756724e+00, 0.000000000000000e+00, 0.000000000000000e+00, 1.924757497177047e-05, 4.674824962906334e-03, 4.482656112937636e-04, -3.299483614742797e+02, 6.407416535941822e-01, 0.000000000000000e+00
138, 2.050709114787877e-01, 5.216986588164358e-02, 2.704859506413843e-01, 0.000000000000000e+00, 0.000000000000000e+00, 6.151220792814033e+04, 0.000000000000000e+00, 2.460488317125613e+04, 3.168888367635874e+02, 0.000000000000000e+00, -1.018461787054461e+00, 0.000000000000000e+00, 0.000000000000000e+00, 1.924758858375200e-05, 4.679159932020579e-03, 4.531875260684192e-04, -3.304865943040435e+02, 6.412375789527258e-01, 0.000000000000000e+00
139, 2.033206155540517e-01, 5.199949943372435e-02, 2.706159929697829e-01, 0.000000000000000e+00, 0.000000000000000e+00, 6.154189948707449e+04, 0.000000000000000e+00, 2.461675979482979e+04, 3.168894451543827e+02, 0.000000000000000e+00, -1.017655858678352e+00, 0.000000000000000e+00, 0.000000000000000e+00, 1.924761660805461e-05, 4.683439979431023e-03, 4.580749496141213e-04, -3.310323163679600e+02, 6.417272910224902e-01, 0.000000000000000e+00
140, 2.015989323064896e-01, 5.183028072812467e-02, 2.707441970678887e-01, 0.000000000000000e+00, 0.000000000000000e+00, 6.157122678201750e+04, 0.000000000000000e+00, 2.462849071280700e+04, 3.168903297329456e+02, 0.000000000000000e+00, -1.016859817647247e+00, 0.000000000000000e+00, 0.000000000000000e+00, 1.924765735434574e-05, 4.687674118576255e-03, 4.629281475892076e-04, -3.315891675124900e+02, 6.422111675767026e-01, 0.000000000000000e+00
141, 1.999053979452841e-01, 5.166223188456267e-02, 2.708701616578711e-01, 0.000000000000000e+00, 0.000000000000000e+00, 6.160008773740638e+04, 0.000000000000000e+00, 2.464003509496255e+04, 3.168914344699763e+02, 0.000000000000000e+00, -1.016076434633876e+00, 0.000000000000000e+00, 0.000000000000000e+00, 1.924770824170467e-05, 4.691902608752319e-03, 4.677507086618251e-04, -3.321605727579320e+02, 6.426915664932692e-01, 0.000000000000000e+00
142, 1.982395561884089e-01, 5.149537382767823e-02, 2.709938486224049e-01, 0.000000000000000e+00, 0.000000000000000e+00, 6.162846485054300e+04, 0.000000000000000e+00, 2.465138594021719e+04, 3.168927136605793e+02, 0.000000000000000e+00, -1.015306184720102e+00, 0.000000000000000e+00, 0.000000000000000e+00, 1.924776716478639e-05, 4.696128494109471e-03, 4.725425833565562e-04, -3.327476973875683e+02, 6.431687100171932e-01, 0.000000000000000e+00
143, 1.966009578654207e-01, 5.132972636350542e-02, 2.711151312350062e-01, 0.000000000000000e+00, 0.000000000000000e+00, 6.165631746308566e+04, 0.000000000000000e+00, 2.466252698523426e+04, 3.168941062519559e+02, 0.000000000000000e+00, -1.014550171509523e+00, 0.000000000000000e+00, 0.000000000000000e+00, 1.924783131128988e-05, 4.700359088312614e-03, 4.773038978770596e-04, -3.333486560843720e+02, 6.436430293434702e-01, 0.000000000000000e+00
144, 1.949892636660716e-01, 5.116531876996792e-02, 2.712338130405149e-01, 0.000000000000000e+00, 0.000000000000000e+00, 6.168359001193029e+04, 0.000000000000000e+00, 2.467343600477211e+04, 3.168955562051594e+02, 0.000000000000000e+00, -1.013809903170921e+00, 0.000000000000000e+00, 0.000000000000000e+00, 1.924789809988532e-05, 4.704666312185878e-03, 4.820386402952974e-04, -3.339707395701976e+02, 6.441192676032660e-01, 0.000000000000000e+00
145, 1.934061975156250e-01, 5.100239221632138e-02, 2.713504411998600e-01, 0.000000000000000e+00, 0.000000000000000e+00, 6.171040116072293e+04, 0.000000000000000e+00, 2.468416046428917e+04, 3.168970338487976e+02, 0.000000000000000e+00, -1.013082158775419e+00, 0.000000000000000e+00, 0.000000000000000e+00, 1.924796616381839e-05, 4.708992698678253e-03, 4.867435575242935e-04, -3.346057349469845e+02, 6.445941786611671e-01, 0.000000000000000e+00
146, 1.918489999976761e-01, 5.084072639802642e-02, 2.714651531101680e-01, 0.000000000000000e+00, 0.000000000000000e+00, 6.173677411822342e+04, 0.000000000000000e+00, 2.469470964728936e+04, 3.168984979202428e+02, 0.000000000000000e+00, -1.012366308359525e+00, 0.000000000000000e+00, 0.000000000000000e+00, 1.924803360242785e-05, 4.713334720285562e-03, 4.914149701741687e-04, -3.352492932776796e+02, 6.450677296067969e-01, 0.000000000000000e+00
147, 1.903172517574568e-01, 5.068033696718179e-02, 2.715781799076796e-01, 0.000000000000000e+00, 0.000000000000000e+00, 6.176275230009216e+04, 0.000000000000000e+00, 2.470510092003686e+04, 3.168999015211390e+02, 0.000000000000000e+00, -1.011661173476774e+00, 0.000000000000000e+00, 0.000000000000000e+00, 1.924809825547555e-05, 4.717716266929406e-03, 4.960581529665656e-04, -3.359018151117471e+02, 6.455419121735073e-01, 0.000000000000000e+00
148, 1.888105399405759e-01, 5.052123857838932e-02, 2.716899127470631e-01, 0.000000000000000e+00, 0.000000000000000e+00, 6.178842058206669e+04, 0.000000000000000e+00, 2.471536823282667e+04, 3.169012238189439e+02, 0.000000000000000e+00, -1.010964450315315e+00, 0.000000000000000e+00, 0.000000000000000e+00, 1.924815916338857e-05, 4.722113269589687e-03, 5.006702945441688e-04, -3.365578278577614e+02, 6.460155653475158e-01, 0.000000000000000e+00
149, 1.873284586164959e-01, 5.036344496210150e-02, 2.718006533834698e-01, 0.000000000000000e+00, 0.000000000000000e+00, 6.181384309426693e+04, 0.000000000000000e+00, 2.472553723770677e+04, 3.169024418826361e+02, 0.000000000000000e+00, -1.010274398168859e+00, 0.000000000000000e+00, 0.000000000000000e+00, 1.924821526994049e-05, 4.726517773045006e-03, 5.052502521604142e-04, -3.372130913142390e+02, 6.464885292371381e-01, 0.000000000000000e+00
150, 1.858706080170446e-01, 5.020696887349796e-02, 2.719107738594822e-01, 0.000000000000000e+00, 0.000000000000000e+00, 6.183910260297629e+04, 0.000000000000000e+00, 2.473564104119051e+04, 3.169035463967890e+02, 0.000000000000000e+00, -1.009588770483206e+00, 0.000000000000000e+00, 0.000000000000000e+00, 1.924826614607185e-05, 4.730901755261422e-03, 5.097947466368768e-04, -3.378620688319628e+02, 6.469593358251772e-01, 0.000000000000000e+00
151, 1.844365949640874e-01, 5.005182215227493e-02, 2.720204814111093e-01, 0.000000000000000e+00, 0.000000000000000e+00, 6.186424431232543e+04, 0.000000000000000e+00, 2.474569772493017e+04, 3.169045276381599e+02, 0.000000000000000e+00, -1.008906340266818e+00, 0.000000000000000e+00, 0.000000000000000e+00, 1.924831134393875e-05, 4.735262568433776e-03, 5.143034458050270e-04, -3.385016245134421e+02, 6.474280605217206e-01, 0.000000000000000e+00
152, 1.830260327224611e-01, 4.989801559905682e-02, 2.721300904598050e-01, 0.000000000000000e+00, 0.000000000000000e+00, 6.188934058816398e+04, 0.000000000000000e+00, 2.475573623526558e+04, 3.169053901556173e+02, 0.000000000000000e+00, -1.008225143268109e+00, 0.000000000000000e+00, 0.000000000000000e+00, 1.924835107309647e-05, 4.739579097746385e-03, 5.187757300861183e-04, -3.391280299499415e+02, 6.478936354855633e-01, 0.000000000000000e+00
153, 1.816388212754599e-01, 4.974558882269013e-02, 2.722397558630908e-01, 0.000000000000000e+00, 0.000000000000000e+00, 6.191442926984862e+04, 0.000000000000000e+00, 2.476577170793944e+04, 3.169061475075030e+02, 0.000000000000000e+00, -1.007544152400177e+00, 0.000000000000000e+00, 0.000000000000000e+00, 1.924838595808835e-05, 4.743846777781686e-03, 5.232133181526844e-04, -3.397405812339444e+02, 6.483559243659152e-01, 0.000000000000000e+00
154, 1.802760571446202e-01, 4.959471241193453e-02, 2.723504274366165e-01, 0.000000000000000e+00, 0.000000000000000e+00, 6.193973552872083e+04, 0.000000000000000e+00, 2.477589421148832e+04, 3.169068466762220e+02, 0.000000000000000e+00, -1.006857255758492e+00, 0.000000000000000e+00, 0.000000000000000e+00, 1.924841816302221e-05, 4.748056589615138e-03, 5.276220757786779e-04, -3.403351826000155e+02, 6.488154095134275e-01, 0.000000000000000e+00
155, 1.789355603369054e-01, 4.944519220338885e-02, 2.724623955699359e-01, 0.000000000000000e+00, 0.000000000000000e+00, 6.196533259630569e+04, 0.000000000000000e+00, 2.478613303852227e+04, 3.169075244918269e+02, 0.000000000000000e+00, -1.006162465594137e+00, 0.000000000000000e+00, 0.000000000000000e+00, 1.924844938436076e-05, 4.752133833093418e-03, 5.319938296644535e-04, -3.409000374233791e+02, 6.492672909628187e-01, 0.000000000000000e+00
156, 1.776169700187764e-01, 4.929703183449839e-02, 2.725758283376133e-01, 0.000000000000000e+00, 0.000000000000000e+00, 6.199126274444922e+04, 0.000000000000000e+00, 2.479650509777968e+04, 3.169082016600888e+02, 0.000000000000000e+00, -1.005458634507601e+00, 0.000000000000000e+00, 0.000000000000000e+00, 1.924848057584864e-05, 4.756053810638121e-03, 5.363278106162864e-04, -3.414316712163827e+02, 6.497100700735803e-01, 0.000000000000000e+00
157, 1.763199312803752e-01, 4.915023452184719e-02, 2.726905441528105e-01, 0.000000000000000e+00, 0.000000000000000e+00, 6.201748778098637e+04, 0.000000000000000e+00, 2.480699511239454e+04, 3.169088940414136e+02, 0.000000000000000e+00, -1.004746799162187e+00, 0.000000000000000e+00, 0.000000000000000e+00, 1.924851246804122e-05, 4.759779528153529e-03, 5.406187060693276e-04, -3.419244939184884e+02, 6.501409765501908e-01, 0.000000000000000e+00
158, 1.750440945818898e-01, 4.900480304924900e-02, 2.728062435339175e-01, 0.000000000000000e+00, 0.000000000000000e+00, 6.204394079184142e+04, 0.000000000000000e+00, 2.481757631673656e+04, 3.169096077188894e+02, 0.000000000000000e+00, -1.004028775830072e+00, 0.000000000000000e+00, 0.000000000000000e+00, 1.924854534113259e-05, 4.763298915905474e-03, 5.448639030206282e-04, -3.423770671896653e+02, 6.505588164306286e-01, 0.000000000000000e+00
159, 1.737891160088171e-01, 4.886073980168995e-02, 2.729224258776519e-01, 0.000000000000000e+00, 0.000000000000000e+00, 6.207050775892432e+04, 0.000000000000000e+00, 2.482820310356972e+04, 3.169103418085208e+02, 0.000000000000000e+00, -1.003307659344179e+00, 0.000000000000000e+00, 0.000000000000000e+00, 1.924857915440133e-05, 4.766600489992799e-03, 5.490608678077855e-04, -3.427880917271261e+02, 6.509622059106255e-01, 0.000000000000000e+00
160, 1.725546575296714e-01, 4.871804680208428e-02, 2.730385776752918e-01, 0.000000000000000e+00, 0.000000000000000e+00, 6.209707138707159e+04, 0.000000000000000e+00, 2.483882855482863e+04, 3.169110936875454e+02, 0.000000000000000e+00, -1.002586633488186e+00, 0.000000000000000e+00, 0.000000000000000e+00, 1.924861378703603e-05, 4.769650329196135e-03, 5.532044791177776e-04, -3.431551040723813e+02, 6.513482153803845e-01, 0.000000000000000e+00
161, 1.713403860443083e-01, 4.857672560965912e-02, 2.731540471527541e-01, 0.000000000000000e+00, 0.000000000000000e+00, 6.212348165951996e+04, 0.000000000000000e+00, 2.484939266380798e+04, 3.169118542345806e+02, 0.000000000000000e+00, -1.001869770219601e+00, 0.000000000000000e+00, 0.000000000000000e+00, 1.924864881889053e-05, 4.772494630613210e-03, 5.572982769360294e-04, -3.434831316892657e+02, 6.517192248255492e-01, 0.000000000000000e+00
162, 1.701463814990768e-01, 4.843682530554710e-02, 2.732680734250930e-01, 0.000000000000000e+00, 0.000000000000000e+00, 6.214956379370906e+04, 0.000000000000000e+00, 2.485982551748362e+04, 3.169126146027472e+02, 0.000000000000000e+00, -1.001161813722636e+00, 0.000000000000000e+00, 0.000000000000000e+00, 1.924868384246454e-05, 4.775198567992006e-03, 5.613473785524838e-04, -3.437811472827941e+02, 6.520787681529224e-01, 0.000000000000000e+00
163, 1.689732537285917e-01, 4.829845791017095e-02, 2.733803208419106e-01, 0.000000000000000e+00, 0.000000000000000e+00, 6.217524229697880e+04, 0.000000000000000e+00, 2.487009691879151e+04, 3.169133791100648e+02, 0.000000000000000e+00, -1.000464813120984e+00, 0.000000000000000e+00, 0.000000000000000e+00, 1.924871905665150e-05, 4.777743269254340e-03, 5.653502012249836e-04, -3.440483579779896e+02, 6.524251466110509e-01, 0.000000000000000e+00
164, 1.678192940234432e-01, 4.816146112240150e-02, 2.734901700718260e-01, 0.000000000000000e+00, 0.000000000000000e+00, 6.220037522082750e+04, 0.000000000000000e+00, 2.488015008833099e+04, 3.169141421983914e+02, 0.000000000000000e+00, -9.997826213725087e-01, 0.000000000000000e+00, 0.000000000000000e+00, 1.924875420543604e-05, 4.780157291646455e-03, 5.693077827934533e-04, -3.442888183662261e+02, 6.527595687954412e-01, 0.000000000000000e+00
165, 1.666841914885351e-01, 4.802583488355209e-02, 2.735971287712056e-01, 0.000000000000000e+00, 0.000000000000000e+00, 6.222484914230103e+04, 0.000000000000000e+00, 2.488993965692041e+04, 3.169148965144368e+02, 0.000000000000000e+00, -9.991183171561514e-01, 0.000000000000000e+00, 0.000000000000000e+00, 1.924878895011743e-05, 4.782487996635966e-03, 5.732272241925932e-04, -3.445106288505730e+02, 6.530847011457472e-01, 0.000000000000000e+00
166, 1.655676402201195e-01, 4.789157873891620e-02, 2.737007929962497e-01, 0.000000000000000e+00, 0.000000000000000e+00, 6.224857214238009e+04, 0.000000000000000e+00, 2.489942885695203e+04, 3.169156418434326e+02, 0.000000000000000e+00, -9.984743954620245e-01, 0.000000000000000e+00, 0.000000000000000e+00, 1.924882328080463e-05, 4.784759777691956e-03, 5.771107173606206e-04, -3.447183325738011e+02, 6.534017178911722e-01, 0.000000000000000e+00
167, 1.644693391660638e-01, 4.775869189789403e-02, 2.738008210598519e-01, 0.000000000000000e+00, 0.000000000000000e+00, 6.227146605690743e+04, 0.000000000000000e+00, 2.490858642276296e+04, 3.169163759166524e+02, 0.000000000000000e+00, -9.978529779272060e-01, 0.000000000000000e+00, 0.000000000000000e+00, 1.924885709299919e-05, 4.786994569613190e-03, 5.809599160829776e-04, -3.449163492012824e+02, 6.537117001618022e-01, 0.000000000000000e+00
168, 1.633889921902085e-01, 4.762717334671754e-02, 2.738969338449687e-01, 0.000000000000000e+00, 0.000000000000000e+00, 6.229346794791181e+04, 0.000000000000000e+00, 2.491738717916472e+04, 3.169171015367767e+02, 0.000000000000000e+00, -9.972557728990761e-01, 0.000000000000000e+00, 0.000000000000000e+00, 1.924889051579712e-05, 4.789215448632054e-03, 5.847764634844956e-04, -3.451094739711959e+02, 6.540158717190225e-01, 0.000000000000000e+00
169, 1.623263079451144e-01, 4.749702185361118e-02, 2.739889184834771e-01, 0.000000000000000e+00, 0.000000000000000e+00, 6.231452978863393e+04, 0.000000000000000e+00, 2.492581191545357e+04, 3.169178207109526e+02, 0.000000000000000e+00, -9.966840839847729e-01, 0.000000000000000e+00, 0.000000000000000e+00, 1.924892364165080e-05, 4.791442688516861e-03, 5.885615604822234e-04, -3.453022038949774e+02, 6.543153436339516e-01, 0.000000000000000e+00
170, 1.612809993477378e-01, 4.736823597910103e-02, 2.740765723926754e-01, 0.000000000000000e+00, 0.000000000000000e+00, 6.233460546197207e+04, 0.000000000000000e+00, 2.493384218478882e+04, 3.169185332610496e+02, 0.000000000000000e+00, -9.961391629569286e-01, 0.000000000000000e+00, 0.000000000000000e+00, 1.924895646235640e-05, 4.793706534932616e-03, 5.923172537841055e-04, -3.455001361316089e+02, 6.546119193526919e-01, 0.000000000000000e+00
171, 1.602532779421413e-01, 4.724087529365278e-02, 2.741597732235286e-01, 0.000000000000000e+00, 0.000000000000000e+00, 6.235366785079387e+04, 0.000000000000000e+00, 2.494146714031754e+04, 3.169192428327013e+02, 0.000000000000000e+00, -9.956217458653581e-01, 0.000000000000000e+00, 0.000000000000000e+00, 1.924898914583587e-05, 4.796049967477587e-03, 5.960477995188229e-04, -3.457109064691706e+02, 6.549083617704015e-01, 0.000000000000000e+00
172, 1.592433810091208e-01, 4.711500301963906e-02, 2.742387996100558e-01, 0.000000000000000e+00, 0.000000000000000e+00, 6.237178533713990e+04, 0.000000000000000e+00, 2.494871413485595e+04, 3.169199749229085e+02, 0.000000000000000e+00, -9.951299765924005e-01, 0.000000000000000e+00, 0.000000000000000e+00, 1.924902286650139e-05, 4.798465559068080e-03, 5.997532012695665e-04, -3.459362509949739e+02, 6.552044520102742e-01, 0.000000000000000e+00
173, 1.582499819508624e-01, 4.699048625385037e-02, 2.743137399084689e-01, 0.000000000000000e+00, 0.000000000000000e+00, 6.238897924004324e+04, 0.000000000000000e+00, 2.495559169601729e+04, 3.169207357612131e+02, 0.000000000000000e+00, -9.946632764680792e-01, 0.000000000000000e+00, 0.000000000000000e+00, 1.924905791128670e-05, 4.800961590914326e-03, 6.034336865966256e-04, -3.461783732463323e+02, 6.555008432937280e-01, 0.000000000000000e+00
174, 1.572728132424491e-01, 4.686732201873675e-02, 2.743848210358252e-01, 0.000000000000000e+00, 0.000000000000000e+00, 6.240530275803053e+04, 0.000000000000000e+00, 2.496212110321220e+04, 3.169215334284946e+02, 0.000000000000000e+00, -9.942202015061666e-01, 0.000000000000000e+00, 0.000000000000000e+00, 1.924909465239775e-05, 4.803553902235962e-03, 6.070931387353950e-04, -3.464413911585199e+02, 6.557988819155470e-01, 0.000000000000000e+00
175, 1.563116112063662e-01, 4.674550688997536e-02, 2.744523070929469e-01, 0.000000000000000e+00, 0.000000000000000e+00, 6.242081836593646e+04, 0.000000000000000e+00, 2.496832734637458e+04, 3.169223801573730e+02, 0.000000000000000e+00, -9.937990559303583e-01, 0.000000000000000e+00, 0.000000000000000e+00, 1.924913365327015e-05, 4.806243773386070e-03, 6.107318809327626e-04, -3.467265290404779e+02, 6.560989430834666e-01, 0.000000000000000e+00
176, 1.553661166969739e-01, 4.662503710301229e-02, 2.745165150609023e-01, 0.000000000000000e+00, 0.000000000000000e+00, 6.243560062566715e+04, 0.000000000000000e+00, 2.497424025026685e+04, 3.169232884737130e+02, 0.000000000000000e+00, -9.933978158807406e-01, 0.000000000000000e+00, 0.000000000000000e+00, 1.924917549084306e-05, 4.809030831000308e-03, 6.143500428564665e-04, -3.470350417886005e+02, 6.564013517892956e-01, 0.000000000000000e+00
177, 1.544360745919735e-01, 4.650590850936125e-02, 2.745777584591489e-01, 0.000000000000000e+00, 0.000000000000000e+00, 6.244972246851189e+04, 0.000000000000000e+00, 2.497988898740475e+04, 3.169242666119997e+02, 0.000000000000000e+00, -9.930145017578017e-01, 0.000000000000000e+00, 0.000000000000000e+00, 1.924922054438869e-05, 4.811908099229591e-03, 6.179469171007516e-04, -3.473671670966529e+02, 6.567059850572154e-01, 0.000000000000000e+00
178, 1.535212338849581e-01, 4.638811660856646e-02, 2.746363860665136e-01, 0.000000000000000e+00, 0.000000000000000e+00, 6.246326384725783e+04, 0.000000000000000e+00, 2.498530553890313e+04, 3.169253177363169e+02, 0.000000000000000e+00, -9.926469433750579e-01, 0.000000000000000e+00, 0.000000000000000e+00, 1.924926895963130e-05, 4.814853994721863e-03, 6.215199037352604e-04, -3.477208087221684e+02, 6.570117737985265e-01, 0.000000000000000e+00
179, 1.526213477765385e-01, 4.627165658046137e-02, 2.746926262196931e-01, 0.000000000000000e+00, 0.000000000000000e+00, 6.247627628305306e+04, 0.000000000000000e+00, 2.499051051322122e+04, 3.169264397404717e+02, 0.000000000000000e+00, -9.922937422759532e-01, 0.000000000000000e+00, 0.000000000000000e+00, 1.924932063954243e-05, 4.817866644954641e-03, 6.250679498706483e-04, -3.480954851276113e+02, 6.573188504342785e-01, 0.000000000000000e+00
180, 1.517367207471873e-01, 4.615659464028787e-02, 2.747467603223250e-01, 0.000000000000000e+00, 0.000000000000000e+00, 6.248882378345423e+04, 0.000000000000000e+00, 2.499552951338169e+04, 3.169276326339356e+02, 0.000000000000000e+00, -9.919531610809758e-01, 0.000000000000000e+00, 0.000000000000000e+00, 1.924937558454121e-05, 4.820946816306183e-03, 6.285909541878718e-04, -3.484915423096044e+02, 6.576275888418377e-01, 0.000000000000000e+00
181, 1.508673101768531e-01, 4.604295209346344e-02, 2.747991846221907e-01, 0.000000000000000e+00, 0.000000000000000e+00, 6.250099695534152e+04, 0.000000000000000e+00, 2.500039878213660e+04, 3.169288988530446e+02, 0.000000000000000e+00, -9.916227404158646e-01, 0.000000000000000e+00, 0.000000000000000e+00, 1.924943390682738e-05, 4.824053078199097e-03, 6.320840637753515e-04, -3.489034031331367e+02, 6.579356285585786e-01, 0.000000000000000e+00
182, 1.500120986830938e-01, 4.593062156223959e-02, 2.748500713732525e-01, 0.000000000000000e+00, 0.000000000000000e+00, 6.251283352858669e+04, 0.000000000000000e+00, 2.500513341143467e+04, 3.169302310375526e+02, 0.000000000000000e+00, -9.913014561655046e-01, 0.000000000000000e+00, 0.000000000000000e+00, 1.924949526736767e-05, 4.827175566141264e-03, 6.355457212166083e-04, -3.493287904466240e+02, 6.582425118609370e-01, 0.000000000000000e+00
183, 1.491708556939524e-01, 4.581959697138983e-02, 2.748996112850716e-01, 0.000000000000000e+00, 0.000000000000000e+00, 6.252437495910882e+04, 0.000000000000000e+00, 2.500974998364352e+04, 3.169316194413306e+02, 0.000000000000000e+00, -9.909881830773754e-01, 0.000000000000000e+00, 0.000000000000000e+00, 1.924955921723702e-05, 4.830310165862001e-03, 6.389768855828526e-04, -3.497667678109644e+02, 6.585482094694745e-01, 0.000000000000000e+00
184, 1.483433542857073e-01, 4.570987194963463e-02, 2.749479652528455e-01, 0.000000000000000e+00, 0.000000000000000e+00, 6.253565622823764e+04, 0.000000000000000e+00, 2.501426249129505e+04, 3.169330558768744e+02, 0.000000000000000e+00, -9.906819716410005e-01, 0.000000000000000e+00, 0.000000000000000e+00, 1.924962537930345e-05, 4.833445800315023e-03, 6.423762263760098e-04, -3.502149659202619e+02, 6.588521681038964e-01, 0.000000000000000e+00
185, 1.475293714802229e-01, 4.560143988875478e-02, 2.749952600942048e-01, 0.000000000000000e+00, 0.000000000000000e+00, 6.254670422542556e+04, 0.000000000000000e+00, 2.501868169017022e+04, 3.169345304322756e+02, 0.000000000000000e+00, -9.903820919865618e-01, 0.000000000000000e+00, 0.000000000000000e+00, 1.924969329701221e-05, 4.836578417447161e-03, 6.457435157734352e-04, -3.506719819530159e+02, 6.591542776571427e-01, 0.000000000000000e+00
186, 1.467286875626457e-01, 4.549429381224912e-02, 2.750416271339320e-01, 0.000000000000000e+00, 0.000000000000000e+00, 6.255754711808645e+04, 0.000000000000000e+00, 2.502301884723458e+04, 3.169360344815938e+02, 0.000000000000000e+00, -9.900877795560866e-01, 0.000000000000000e+00, 0.000000000000000e+00, 1.924976257304363e-05, 4.839704603011873e-03, 6.490793136456894e-04, -3.511364736364139e+02, 6.594544817608383e-01, 0.000000000000000e+00
187, 1.459410868088082e-01, 4.538842632512650e-02, 2.750872273514152e-01, 0.000000000000000e+00, 0.000000000000000e+00, 6.256822013801919e+04, 0.000000000000000e+00, 2.502728805520767e+04, 3.169375610208654e+02, 0.000000000000000e+00, -9.897980780405264e-01, 0.000000000000000e+00, 0.000000000000000e+00, 1.924983288478894e-05, 4.842805071501560e-03, 6.523819979996527e-04, -3.516049296421321e+02, 6.597516762311889e-01, 0.000000000000000e+00
188, 1.451663567654952e-01, 4.528382973782676e-02, 2.751320813633027e-01, 0.000000000000000e+00, 0.000000000000000e+00, 6.257872624040761e+04, 0.000000000000000e+00, 2.503149049616304e+04, 3.169391012692308e+02, 0.000000000000000e+00, -9.895129072262925e-01, 0.000000000000000e+00, 0.000000000000000e+00, 1.924990382779957e-05, 4.845891124248993e-03, 6.556527339957301e-04, -3.520775545658200e+02, 6.600466640180298e-01, 0.000000000000000e+00
189, 1.444048653863951e-01, 4.518057440484959e-02, 2.751763365007920e-01, 0.000000000000000e+00, 0.000000000000000e+00, 6.258909805854580e+04, 0.000000000000000e+00, 2.503563922341831e+04, 3.169406507899365e+02, 0.000000000000000e+00, -9.892313813364615e-01, 0.000000000000000e+00, 0.000000000000000e+00, 1.924997519771725e-05, 4.848959320816401e-03, 6.588922027072465e-04, -3.525533354862582e+02, 6.603393980010202e-01, 0.000000000000000e+00
190, 1.436563633815901e-01, 4.507864697571874e-02, 2.752201712732460e-01, 0.000000000000000e+00, 0.000000000000000e+00, 6.259937608942861e+04, 0.000000000000000e+00, 2.503975043577144e+04, 3.169422090554108e+02, 0.000000000000000e+00, -9.889524011469283e-01, 0.000000000000000e+00, 0.000000000000000e+00, 1.925004697023934e-05, 4.851975416132689e-03, 6.620962420144329e-04, -3.530266114755078e+02, 6.606277648295070e-01, 0.000000000000000e+00
191, 1.429200819928317e-01, 4.497796218595518e-02, 2.752635922820483e-01, 0.000000000000000e+00, 0.000000000000000e+00, 6.260956050099826e+04, 0.000000000000000e+00, 2.504382420039930e+04, 3.169437693178166e+02, 0.000000000000000e+00, -9.886759620991793e-01, 0.000000000000000e+00, 0.000000000000000e+00, 1.925011883456382e-05, 4.854934437632072e-03, 6.652641704721950e-04, -3.534955000336822e+02, 6.609114491170279e-01, 0.000000000000000e+00
192, 1.421958229231907e-01, 4.487851137162764e-02, 2.753066060127958e-01, 0.000000000000000e+00, 0.000000000000000e+00, 6.261965123274409e+04, 0.000000000000000e+00, 2.504786049309763e+04, 3.169453238104628e+02, 0.000000000000000e+00, -9.884020658356756e-01, 0.000000000000000e+00, 0.000000000000000e+00, 1.925019043296429e-05, 4.857836761670455e-03, 6.683970188961179e-04, -3.539594020166716e+02, 6.611905058905663e-01, 0.000000000000000e+00
193, 1.414833910518088e-01, 4.478028573259396e-02, 2.753491989482184e-01, 0.000000000000000e+00, 0.000000000000000e+00, 6.262964398111410e+04, 0.000000000000000e+00, 2.505185759244563e+04, 3.169468663235269e+02, 0.000000000000000e+00, -9.881308291692354e-01, 0.000000000000000e+00, 0.000000000000000e+00, 1.925026147942543e-05, 4.860678841996455e-03, 6.714942024191936e-04, -3.544170314659025e+02, 6.614646870029219e-01, 0.000000000000000e+00
194, 1.407825943497806e-01, 4.468327633870615e-02, 2.753913410795525e-01, 0.000000000000000e+00, 0.000000000000000e+00, 6.263953068189477e+04, 0.000000000000000e+00, 2.505581227275791e+04, 3.169483906028415e+02, 0.000000000000000e+00, -9.878624709896291e-01, 0.000000000000000e+00, 0.000000000000000e+00, 1.925033168589216e-05, 4.863458979068774e-03, 6.745553836895013e-04, -3.548675575721754e+02, 6.617338503182829e-01, 0.000000000000000e+00
195, 1.400932439956700e-01, 4.458747415859399e-02, 2.754329849935077e-01, 0.000000000000000e+00, 0.000000000000000e+00, 6.264929937850138e+04, 0.000000000000000e+00, 2.505971975140055e+04, 3.169498907345962e+02, 0.000000000000000e+00, -9.875973158386206e-01, 0.000000000000000e+00, 0.000000000000000e+00, 1.925040077998843e-05, 4.866179040026637e-03, 6.775807335649015e-04, -3.553106953147790e+02, 6.619980750176131e-01, 0.000000000000000e+00
196, 1.394151542973802e-01, 4.449287006179150e-02, 2.754741096373295e-01, 0.000000000000000e+00, 0.000000000000000e+00, 6.265894425694564e+04, 0.000000000000000e+00, 2.506357770277825e+04, 3.169513615512491e+02, 0.000000000000000e+00, -9.873355215273287e-01, 0.000000000000000e+00, 0.000000000000000e+00, 1.925046852371271e-05, 4.868828292206011e-03, 6.805686806409844e-04, -3.557446051624141e+02, 6.622566138514782e-01, 0.000000000000000e+00
197, 1.387481424101317e-01, 4.439945479203236e-02, 2.755145665238870e-01, 0.000000000000000e+00, 0.000000000000000e+00, 6.266843010792440e+04, 0.000000000000000e+00, 2.506737204316975e+04, 3.169527958191929e+02, 0.000000000000000e+00, -9.870780437541923e-01, 0.000000000000000e+00, 0.000000000000000e+00, 1.925053458390575e-05, 4.871429612828039e-03, 6.835212145905548e-04, -3.561717407916635e+02, 6.625108449128201e-01, 0.000000000000000e+00
198, 1.380926164421862e-01, 4.430730180914885e-02, 2.755543675392877e-01, 0.000000000000000e+00, 0.000000000000000e+00, 6.267775913670197e+04, 0.000000000000000e+00, 2.507110365468078e+04, 3.169541910448204e+02, 0.000000000000000e+00, -9.868248226609500e-01, 0.000000000000000e+00, 0.000000000000000e+00, 1.925059884572750e-05, 4.873983430512507e-03, 6.864387873745596e-04, -3.565923627465000e+02, 6.627608141558349e-01, 0.000000000000000e+00
199, 1.374481782558654e-01, 4.421637131823584e-02, 2.755935092851659e-01, 0.000000000000000e+00, 0.000000000000000e+00, 6.268693049354824e+04, 0.000000000000000e+00, 2.507477219741929e+04, 3.169555468670359e+02, 0.000000000000000e+00, -9.865758813121237e-01, 0.000000000000000e+00, 0.000000000000000e+00, 1.925066129255824e-05, 4.876476120224130e-03, 6.893190757177697e-04, -3.570041347741449e+02, 6.630055895080765e-01, 0.000000000000000e+00
200, 1.368142584700722e-01, 4.412659826133088e-02, 2.756319260991285e-01, 0.000000000000000e+00, 0.000000000000000e+00, 6.269592843645553e+04, 0.000000000000000e+00, 2.507837137458221e+04, 3.169568592362622e+02, 0.000000000000000e+00, -9.863316469985370e-01, 0.000000000000000e+00, 0.000000000000000e+00, 1.925072173789354e-05, 4.878915139441379e-03, 6.921635370195808e-04, -3.574079084601026e+02, 6.632456124710008e-01, 0.000000000000000e+00
201, 1.361906864142019e-01, 4.403797305222323e-02, 2.756695751633125e-01, 0.000000000000000e+00, 0.000000000000000e+00, 6.270474263916112e+04, 0.000000000000000e+00, 2.508189705566444e+04, 3.169581252150548e+02, 0.000000000000000e+00, -9.860924000095540e-01, 0.000000000000000e+00, 0.000000000000000e+00, 1.925078004645276e-05, 4.881309114895509e-03, 6.949741768059704e-04, -3.578048400444889e+02, 6.634814297319694e-01, 0.000000000000000e+00
202, 1.355772940485291e-01, 4.395048601144756e-02, 2.757064320779369e-01, 0.000000000000000e+00, 0.000000000000000e+00, 6.271336727743300e+04, 0.000000000000000e+00, 2.508534691097319e+04, 3.169593434473981e+02, 0.000000000000000e+00, -9.858582984343423e-01, 0.000000000000000e+00, 0.000000000000000e+00, 1.925083615579326e-05, 4.883660575395707e-03, 6.977513837284022e-04, -3.581952164364914e+02, 6.637131857510916e-01, 0.000000000000000e+00
203, 1.349739164869699e-01, 4.386412745273939e-02, 2.757424705485444e-01, 0.000000000000000e+00, 0.000000000000000e+00, 6.272179614772124e+04, 0.000000000000000e+00, 2.508871845908849e+04, 3.169605128386598e+02, 0.000000000000000e+00, -9.856295106580284e-01, 0.000000000000000e+00, 0.000000000000000e+00, 1.925089001551113e-05, 4.885972526857955e-03, 7.004956316531932e-04, -3.585793889562064e+02, 6.639410547349697e-01, 0.000000000000000e+00
204, 1.343803909359640e-01, 4.377888754312725e-02, 2.757776704878754e-01, 0.000000000000000e+00, 0.000000000000000e+00, 6.273002451853110e+04, 0.000000000000000e+00, 2.509200980741244e+04, 3.169616325981922e+02, 0.000000000000000e+00, -9.854061651092305e-01, 0.000000000000000e+00, 0.000000000000000e+00, 1.925094158920320e-05, 4.888249186325967e-03, 7.032075827483717e-04, -3.589579494980264e+02, 6.641653001284262e-01, 0.000000000000000e+00
205, 1.337965576183777e-01, 4.369475644638274e-02, 2.758120443483467e-01, 0.000000000000000e+00, 0.000000000000000e+00, 6.273805516563891e+04, 0.000000000000000e+00, 2.509522206625556e+04, 3.169627024685823e+02, 0.000000000000000e+00, -9.851881864440802e-01, 0.000000000000000e+00, 0.000000000000000e+00, 1.925099086502560e-05, 4.890480371136997e-03, 7.058858398095027e-04, -3.593294893580145e+02, 6.643852455553129e-01, 0.000000000000000e+00
206, 1.332222591079536e-01, 4.361172423891484e-02, 2.758454821380907e-01, 0.000000000000000e+00, 0.000000000000000e+00, 6.274586254824822e+04, 0.000000000000000e+00, 2.509834501929928e+04, 3.169637198450795e+02, 0.000000000000000e+00, -9.849762679253546e-01, 0.000000000000000e+00, 0.000000000000000e+00, 1.925103772302115e-05, 4.892692116592258e-03, 7.085330495666892e-04, -3.596973105755330e+02, 6.646025197420988e-01, 0.000000000000000e+00
207, 1.326579252720640e-01, 4.352986590566529e-02, 2.758780618613297e-01, 0.000000000000000e+00, 0.000000000000000e+00, 6.275346482784539e+04, 0.000000000000000e+00, 2.510138593113815e+04, 3.169646868684882e+02, 0.000000000000000e+00, -9.847699165894730e-01, 0.000000000000000e+00, 0.000000000000000e+00, 1.925108226180163e-05, 4.894878957505767e-03, 7.111492256211351e-04, -3.600612109239191e+02, 6.648168435559028e-01, 0.000000000000000e+00
208, 1.321030556540332e-01, 4.344912151135452e-02, 2.759097946047650e-01, 0.000000000000000e+00, 0.000000000000000e+00, 6.276086499171179e+04, 0.000000000000000e+00, 2.510434599668471e+04, 3.169656059161247e+02, 0.000000000000000e+00, -9.845690513516114e-01, 0.000000000000000e+00, 0.000000000000000e+00, 1.925112459087078e-05, 4.897029686964303e-03, 7.137321784777230e-04, -3.604192282120706e+02, 6.650274619217184e-01, 0.000000000000000e+00
209, 1.315572396052538e-01, 4.336944319455066e-02, 2.759406642175280e-01, 0.000000000000000e+00, 0.000000000000000e+00, 6.276805911271620e+04, 0.000000000000000e+00, 2.510722364508647e+04, 3.169664757338743e+02, 0.000000000000000e+00, -9.843737788072675e-01, 0.000000000000000e+00, 0.000000000000000e+00, 1.925116465247678e-05, 4.899152396392447e-03, 7.162839146630421e-04, -3.607726351529922e+02, 6.652349161292881e-01, 0.000000000000000e+00
210, 1.310203300254220e-01, 4.329082087299537e-02, 2.759706717586640e-01, 0.000000000000000e+00, 0.000000000000000e+00, 6.277504750697591e+04, 0.000000000000000e+00, 2.511001900279036e+04, 3.169672967262047e+02, 0.000000000000000e+00, -9.841840903759584e-01, 0.000000000000000e+00, 0.000000000000000e+00, 1.925120246525757e-05, 4.901255101172629e-03, 7.188064632684685e-04, -3.611225782342730e+02, 6.654397582853627e-01, 0.000000000000000e+00
211, 1.304921826094558e-01, 4.321324445840535e-02, 2.759998463329942e-01, 0.000000000000000e+00, 0.000000000000000e+00, 6.278183710087796e+04, 0.000000000000000e+00, 2.511273484035118e+04, 3.169680704611249e+02, 0.000000000000000e+00, -9.839997980523371e-01, 0.000000000000000e+00, 0.000000000000000e+00, 1.925123810144012e-05, 4.903338287205543e-03, 7.213003056018535e-04, -3.614692142547387e+02, 6.656420568004889e-01, 0.000000000000000e+00
212, 1.299726551785843e-01, 4.313670379133954e-02, 2.760282061765996e-01, 0.000000000000000e+00, 0.000000000000000e+00, 6.278843235717752e+04, 0.000000000000000e+00, 2.511537294287100e+04, 3.169687985486593e+02, 0.000000000000000e+00, -9.838207807022779e-01, 0.000000000000000e+00, 0.000000000000000e+00, 1.925127163518562e-05, 4.905401965653682e-03, 7.237656642400501e-04, -3.618124937253240e+02, 6.658418329102020e-01, 0.000000000000000e+00
213, 1.294616078198538e-01, 4.306118869368558e-02, 2.760557644849342e-01, 0.000000000000000e+00, 0.000000000000000e+00, 6.279483653776298e+04, 0.000000000000000e+00, 2.511793461510519e+04, 3.169694823232280e+02, 0.000000000000000e+00, -9.836469497872020e-01, 0.000000000000000e+00, 0.000000000000000e+00, 1.925130312796093e-05, 4.907452133898173e-03, 7.262036487707694e-04, -3.621532879435944e+02, 6.660395085174606e-01, 0.000000000000000e+00
214, 1.289589030270867e-01, 4.298668897891141e-02, 2.760825810868239e-01, 0.000000000000000e+00, 0.000000000000000e+00, 6.280106376733063e+04, 0.000000000000000e+00, 2.512042550693225e+04, 3.169701244049452e+02, 0.000000000000000e+00, -9.834779219155351e-01, 0.000000000000000e+00, 0.000000000000000e+00, 1.925133270044763e-05, 4.909481638395509e-03, 7.286140011448734e-04, -3.624906727271410e+02, 6.662346729420302e-01, 0.000000000000000e+00
215, 1.284644054555073e-01, 4.291319433131638e-02, 2.761086197621253e-01, 0.000000000000000e+00, 0.000000000000000e+00, 6.280710608863671e+04, 0.000000000000000e+00, 2.512284243545468e+04, 3.169707262335108e+02, 0.000000000000000e+00, -9.833139130735292e-01, 0.000000000000000e+00, 0.000000000000000e+00, 1.925136041895996e-05, 4.911515106319234e-03, 7.310000633628358e-04, -3.628278975768992e+02, 6.664289469464513e-01, 0.000000000000000e+00
216, 1.279785528409861e-01, 4.284077961435806e-02, 2.761340351483640e-01, 0.000000000000000e+00, 0.000000000000000e+00, 6.281299989505352e+04, 0.000000000000000e+00, 2.512519995802140e+04, 3.169712939693929e+02, 0.000000000000000e+00, -9.831539354231430e-01, 0.000000000000000e+00, 0.000000000000000e+00, 1.925138656723639e-05, 4.913536345818321e-03, 7.333606367668781e-04, -3.631632264694650e+02, 6.666214144246557e-01, 0.000000000000000e+00
217, 1.275007784653937e-01, 4.276936999516857e-02, 2.761588593805546e-01, 0.000000000000000e+00, 0.000000000000000e+00, 6.281875333243950e+04, 0.000000000000000e+00, 2.512750133297579e+04, 3.169718318441622e+02, 0.000000000000000e+00, -9.829977678584889e-01, 0.000000000000000e+00, 0.000000000000000e+00, 1.925141134017476e-05, 4.915532156649104e-03, 7.356929476010699e-04, -3.634942446983926e+02, 6.668112068838333e-01, 0.000000000000000e+00
218, 1.270307969873984e-01, 4.269893183973025e-02, 2.761831203315843e-01, 0.000000000000000e+00, 0.000000000000000e+00, 6.282437285005690e+04, 0.000000000000000e+00, 2.512974914002276e+04, 3.169723404188452e+02, 0.000000000000000e+00, -9.828452353249849e-01, 0.000000000000000e+00, 0.000000000000000e+00, 1.925143476361777e-05, 4.917506649208135e-03, 7.379987027606307e-04, -3.638217803841375e+02, 6.669986475202446e-01, 0.000000000000000e+00
219, 1.265684823583345e-01, 4.262945491895626e-02, 2.762068443432685e-01, 0.000000000000000e+00, 0.000000000000000e+00, 6.282986486041605e+04, 0.000000000000000e+00, 2.513194594416641e+04, 3.169728218253346e+02, 0.000000000000000e+00, -9.826961637656192e-01, 0.000000000000000e+00, 0.000000000000000e+00, 1.925145693575716e-05, 4.919461321369498e-03, 7.402786831770306e-04, -3.641459404143893e+02, 6.671838713421863e-01, 0.000000000000000e+00
220, 1.261137099680586e-01, 4.256092893114216e-02, 2.762300679124106e-01, 0.000000000000000e+00, 0.000000000000000e+00, 6.283523805361945e+04, 0.000000000000000e+00, 2.513409522144777e+04, 3.169732780308011e+02, 0.000000000000000e+00, -9.825503173018972e-01, 0.000000000000000e+00, 0.000000000000000e+00, 1.925147794719764e-05, 4.921392933356376e-03, 7.425325257138251e-04, -3.644663280243891e+02, 6.673667003780471e-01, 0.000000000000000e+00
221, 1.256663577794646e-01, 4.249334368965030e-02, 2.762528052282349e-01, 0.000000000000000e+00, 0.000000000000000e+00, 6.284049595385719e+04, 0.000000000000000e+00, 2.513619838154287e+04, 3.169737105396652e+02, 0.000000000000000e+00, -9.824076002754943e-01, 0.000000000000000e+00, 0.000000000000000e+00, 1.925149786723066e-05, 4.923300317834760e-03, 7.447601322199972e-04, -3.647826898102792e+02, 6.675470706721107e-01, 0.000000000000000e+00
222, 1.252263052848684e-01, 4.242668897287855e-02, 2.762750733901703e-01, 0.000000000000000e+00, 0.000000000000000e+00, 6.284564266187351e+04, 0.000000000000000e+00, 2.513825706474940e+04, 3.169741204245502e+02, 0.000000000000000e+00, -9.822679013784749e-01, 0.000000000000000e+00, 0.000000000000000e+00, 1.925151674526013e-05, 4.925183984498554e-03, 7.469616615959142e-04, -3.650951622571026e+02, 6.677250362587627e-01, 0.000000000000000e+00
223, 1.247934342485202e-01, 4.236095464323646e-02, 2.762969090215604e-01, 0.000000000000000e+00, 0.000000000000000e+00, 6.285068675196129e+04, 0.000000000000000e+00, 2.514027470078451e+04, 3.169745089205095e+02, 0.000000000000000e+00, -9.821309878758052e-01, 0.000000000000000e+00, 0.000000000000000e+00, 1.925153463817073e-05, 4.927030019087040e-03, 7.491350885907462e-04, -3.654017269550521e+02, 6.678996969834813e-01, 0.000000000000000e+00
224, 1.243676280605075e-01, 4.229613055613449e-02, 2.763182251912774e-01, 0.000000000000000e+00, 0.000000000000000e+00, 6.285560818066075e+04, 0.000000000000000e+00, 2.514224327226430e+04, 3.169748746790886e+02, 0.000000000000000e+00, -9.819974038141300e-01, 0.000000000000000e+00, 0.000000000000000e+00, 1.925155148385870e-05, 4.928864716453565e-03, 7.512832896958817e-04, -3.657058642492674e+02, 6.680727207735050e-01, 0.000000000000000e+00
225, 1.239493219253567e-01, 4.223229063651254e-02, 2.763391337050169e-01, 0.000000000000000e+00, 0.000000000000000e+00, 6.286043303832797e+04, 0.000000000000000e+00, 2.514417321533118e+04, 3.169752210219586e+02, 0.000000000000000e+00, -9.818664410137826e-01, 0.000000000000000e+00, 0.000000000000000e+00, 1.925156743531141e-05, 4.930673470049255e-03, 7.534052231872500e-04, -3.660060789236003e+02, 6.682432542129219e-01, 0.000000000000000e+00
226, 1.235379108962215e-01, 4.216935005664728e-02, 2.763596140363115e-01, 0.000000000000000e+00, 0.000000000000000e+00, 6.286515693371902e+04, 0.000000000000000e+00, 2.514606277348760e+04, 3.169755493569437e+02, 0.000000000000000e+00, -9.817382186678337e-01, 0.000000000000000e+00, 0.000000000000000e+00, 1.925158255737017e-05, 4.932447987336015e-03, 7.554986721979877e-04, -3.663006074415846e+02, 6.684107028737115e-01, 0.000000000000000e+00
227, 1.231332085119433e-01, 4.210728727068287e-02, 2.763796704963136e-01, 0.000000000000000e+00, 0.000000000000000e+00, 6.286978058369859e+04, 0.000000000000000e+00, 2.514791223347943e+04, 3.169758583594515e+02, 0.000000000000000e+00, -9.816127173181743e-01, 0.000000000000000e+00, 0.000000000000000e+00, 1.925159678902982e-05, 4.934194684168172e-03, 7.575658037495878e-04, -3.665907333080790e+02, 6.685755215190559e-01, 0.000000000000000e+00
228, 1.227351057902383e-01, 4.204609231464536e-02, 2.763993005039324e-01, 0.000000000000000e+00, 0.000000000000000e+00, 6.287430353278623e+04, 0.000000000000000e+00, 2.514972141311449e+04, 3.169761486988494e+02, 0.000000000000000e+00, -9.814899493280694e-01, 0.000000000000000e+00, 0.000000000000000e+00, 1.925161016112053e-05, 4.935916267474134e-03, 7.596073148390918e-04, -3.668766817972357e+02, 6.687378921453225e-01, 0.000000000000000e+00
229, 1.223434959002312e-01, 4.198575533132845e-02, 2.764185174803546e-01, 0.000000000000000e+00, 0.000000000000000e+00, 6.287872891135347e+04, 0.000000000000000e+00, 2.515149156454138e+04, 3.169764207704671e+02, 0.000000000000000e+00, -9.813698297287493e-01, 0.000000000000000e+00, 0.000000000000000e+00, 1.925162269185105e-05, 4.937611657306436e-03, 7.616231600303448e-04, -3.671584132577442e+02, 6.688977583404964e-01, 0.000000000000000e+00
230, 1.219582737178632e-01, 4.192626650839756e-02, 2.764373168455730e-01, 0.000000000000000e+00, 0.000000000000000e+00, 6.288305574577693e+04, 0.000000000000000e+00, 2.515322229831077e+04, 3.169766749232210e+02, 0.000000000000000e+00, -9.812523849476138e-01, 0.000000000000000e+00, 0.000000000000000e+00, 1.925163439729239e-05, 4.939281740591397e-03, 7.636136005705464e-04, -3.674359704356510e+02, 6.690551752922536e-01, 0.000000000000000e+00
231, 1.215793355861664e-01, 4.186761604722149e-02, 2.764557036751734e-01, 0.000000000000000e+00, 0.000000000000000e+00, 6.288728522669405e+04, 0.000000000000000e+00, 2.515491409067761e+04, 3.169769113436696e+02, 0.000000000000000e+00, -9.811375826667746e-01, 0.000000000000000e+00, 0.000000000000000e+00, 1.925164528603782e-05, 4.940928567105617e-03, 7.655790835289194e-04, -3.677097450747098e+02, 6.692102889303195e-01, 0.000000000000000e+00
232, 1.212065794695314e-01, 4.180979419233066e-02, 2.764737037875769e-01, 0.000000000000000e+00, 0.000000000000000e+00, 6.289142334286026e+04, 0.000000000000000e+00, 2.515656933714410e+04, 3.169771306193290e+02, 0.000000000000000e+00, -9.810252603313463e-01, 0.000000000000000e+00, 0.000000000000000e+00, 1.925165538514726e-05, 4.942539512715343e-03, 7.675177838617878e-04, -3.679778764005175e+02, 6.693622760006240e-01, 0.000000000000000e+00
233, 1.208399053046779e-01, 4.175279129174744e-02, 2.764912291353988e-01, 0.000000000000000e+00, 0.000000000000000e+00, 6.289544973035374e+04, 0.000000000000000e+00, 2.515817989214149e+04, 3.169773310653983e+02, 0.000000000000000e+00, -9.809159706863873e-01, 0.000000000000000e+00, 0.000000000000000e+00, 1.925166461702523e-05, 4.944142164011019e-03, 7.694329281803267e-04, -3.682441176701766e+02, 6.695128897593334e-01, 0.000000000000000e+00
234, 1.204797379615935e-01, 4.169667936447507e-02, 2.765083892011457e-01, 0.000000000000000e+00, 0.000000000000000e+00, 6.289938987981420e+04, 0.000000000000000e+00, 2.515975595192568e+04, 3.169775156388536e+02, 0.000000000000000e+00, -9.808090218305406e-01, 0.000000000000000e+00, 0.000000000000000e+00, 1.925167311786093e-05, 4.945720709277065e-03, 7.713233959280111e-04, -3.685067668671687e+02, 6.696611961904773e-01, 0.000000000000000e+00
235, 1.201254556303474e-01, 4.164136733932115e-02, 2.765251492055767e-01, 0.000000000000000e+00, 0.000000000000000e+00, 6.290323600569096e+04, 0.000000000000000e+00, 2.516129440227638e+04, 3.169776849780208e+02, 0.000000000000000e+00, -9.807046250897353e-01, 0.000000000000000e+00, 0.000000000000000e+00, 1.925168091705416e-05, 4.947268737998221e-03, 7.731871640888165e-04, -3.687642901135608e+02, 6.698067122358764e-01, 0.000000000000000e+00
236, 1.197769486183737e-01, 4.158684346753613e-02, 2.765415177268156e-01, 0.000000000000000e+00, 0.000000000000000e+00, 6.290698975977535e+04, 0.000000000000000e+00, 2.516279590391013e+04, 3.169778375770764e+02, 0.000000000000000e+00, -9.806027356288197e-01, 0.000000000000000e+00, 0.000000000000000e+00, 1.925168794525230e-05, 4.948793759887744e-03, 7.750267448005645e-04, -3.690182123640020e+02, 6.699499730775295e-01, 0.000000000000000e+00
237, 1.194341231426692e-01, 4.153309829569217e-02, 2.765574917773800e-01, 0.000000000000000e+00, 0.000000000000000e+00, 6.291065060496634e+04, 0.000000000000000e+00, 2.516426024198653e+04, 3.169779741575546e+02, 0.000000000000000e+00, -9.805033680265156e-01, 0.000000000000000e+00, 0.000000000000000e+00, 1.925169423568736e-05, 4.950297965347967e-03, 7.768426661278338e-04, -3.692686295672874e+02, 6.700911240640751e-01, 0.000000000000000e+00
238, 1.190968873603110e-01, 4.148012249749721e-02, 2.765730852280085e-01, 0.000000000000000e+00, 0.000000000000000e+00, 6.291422173721147e+04, 0.000000000000000e+00, 2.516568869488458e+04, 3.169780949276871e+02, 0.000000000000000e+00, -9.804064355341003e-01, 0.000000000000000e+00, 0.000000000000000e+00, 1.925169979795022e-05, 4.951780238304684e-03, 7.786349096423540e-04, -3.695155203334987e+02, 6.702301076860976e-01, 0.000000000000000e+00
239, 1.187651505363764e-01, 4.142790674845333e-02, 2.765882929489944e-01, 0.000000000000000e+00, 0.000000000000000e+00, 6.291770203806960e+04, 0.000000000000000e+00, 2.516708081522784e+04, 3.169782001347536e+02, 0.000000000000000e+00, -9.803119685098125e-01, 0.000000000000000e+00, 0.000000000000000e+00, 1.925170464343017e-05, 4.953241875026452e-03, 7.804038365090111e-04, -3.697589737754233e+02, 6.703670066577220e-01, 0.000000000000000e+00
240, 1.184388236004733e-01, 4.137644181809525e-02, 2.766031242549131e-01, 0.000000000000000e+00, 0.000000000000000e+00, 6.292109365562163e+04, 0.000000000000000e+00, 2.516843746224865e+04, 3.169782899289682e+02, 0.000000000000000e+00, -9.802199086475417e-01, 0.000000000000000e+00, 0.000000000000000e+00, 1.925170877904591e-05, 4.954683831489806e-03, 7.821497588751995e-04, -3.699992362376862e+02, 6.705018983342765e-01, 0.000000000000000e+00
241, 1.181178189091702e-01, 4.132571853759037e-02, 2.766175947509454e-01, 0.000000000000000e+00, 0.000000000000000e+00, 6.292440021862289e+04, 0.000000000000000e+00, 2.516976008744915e+04, 3.169783647107368e+02, 0.000000000000000e+00, -9.801301574507111e-01, 0.000000000000000e+00, 0.000000000000000e+00, 1.925171222323908e-05, 4.956097509621079e-03, 7.838714079025444e-04, -3.702349712339271e+02, 6.706342201647302e-01, 0.000000000000000e+00
242, 1.178020812617836e-01, 4.127573271934751e-02, 2.766316446656421e-01, 0.000000000000000e+00, 0.000000000000000e+00, 6.292760791359385e+04, 0.000000000000000e+00, 2.517104316543754e+04, 3.169784233906906e+02, 0.000000000000000e+00, -9.800430898634304e-01, 0.000000000000000e+00, 0.000000000000000e+00, 1.925171492583730e-05, 4.957504974439269e-03, 7.855714967527743e-04, -3.704692780829735e+02, 6.707653858847599e-01, 0.000000000000000e+00
243, 1.174919266550466e-01, 4.122653898710824e-02, 2.766453617533622e-01, 0.000000000000000e+00, 0.000000000000000e+00, 6.293073719807524e+04, 0.000000000000000e+00, 2.517229487923009e+04, 3.169784684666182e+02, 0.000000000000000e+00, -9.799581505995117e-01, 0.000000000000000e+00, 0.000000000000000e+00, 1.925171700188038e-05, 4.958892530649140e-03, 7.872489970238178e-04, -3.707005750363443e+02, 6.708945794067402e-01, 0.000000000000000e+00
244, 1.171868260640967e-01, 4.117805787878601e-02, 2.766587175791076e-01, 0.000000000000000e+00, 0.000000000000000e+00, 6.293378166257023e+04, 0.000000000000000e+00, 2.517351266502808e+04, 3.169785002370684e+02, 0.000000000000000e+00, -9.798755136341706e-01, 0.000000000000000e+00, 0.000000000000000e+00, 1.925171846511857e-05, 4.960255074364083e-03, 7.889023208576876e-04, -3.709276506210297e+02, 6.710214163783690e-01, 0.000000000000000e+00
245, 1.168866974110095e-01, 4.113028047860139e-02, 2.766717224714391e-01, 0.000000000000000e+00, 0.000000000000000e+00, 6.293674342973164e+04, 0.000000000000000e+00, 2.517469737189265e+04, 3.169785175614805e+02, 0.000000000000000e+00, -9.797951213514985e-01, 0.000000000000000e+00, 0.000000000000000e+00, 1.925171926302167e-05, 4.961599521277152e-03, 7.905337791910656e-04, -3.711518823607919e+02, 6.711463917109262e-01, 0.000000000000000e+00
246, 1.165914602411626e-01, 4.108319798693321e-02, 2.766843774034717e-01, 0.000000000000000e+00, 0.000000000000000e+00, 6.293962286334825e+04, 0.000000000000000e+00, 2.517584914533930e+04, 3.169785211592500e+02, 0.000000000000000e+00, -9.797169638770493e-01, 0.000000000000000e+00, 0.000000000000000e+00, 1.925171942872262e-05, 4.962927323402236e-03, 7.921437761431144e-04, -3.713732841416445e+02, 6.712696054135685e-01, 0.000000000000000e+00
247, 1.163010354862045e-01, 4.103680168706828e-02, 2.766966947224916e-01, 0.000000000000000e+00, 0.000000000000000e+00, 6.294242281254166e+04, 0.000000000000000e+00, 2.517696912501666e+04, 3.169785112356536e+02, 0.000000000000000e+00, -9.796409638761187e-01, 0.000000000000000e+00, 0.000000000000000e+00, 1.925171897167575e-05, 4.964237521331004e-03, 7.937323328790566e-04, -3.715918293889121e+02, 6.713910090702045e-01, 0.000000000000000e+00
248, 1.160153450392096e-01, 4.099108288138310e-02, 2.767086723383890e-01, 0.000000000000000e+00, 0.000000000000000e+00, 6.294514284942079e+04, 0.000000000000000e+00, 2.517805713976831e+04, 3.169784880319777e+02, 0.000000000000000e+00, -9.795671329631035e-01, 0.000000000000000e+00, 0.000000000000000e+00, 1.925171790299388e-05, 4.965531288435354e-03, 7.952998111499035e-04, -3.718076127970662e+02, 6.715106809262389e-01, 0.000000000000000e+00
249, 1.157343123127421e-01, 4.094603298445662e-02, 2.767203211164410e-01, 0.000000000000000e+00, 0.000000000000000e+00, 6.294778548592328e+04, 0.000000000000000e+00, 2.517911419436931e+04, 3.169784517529268e+02, 0.000000000000000e+00, -9.794954029556012e-01, 0.000000000000000e+00, 0.000000000000000e+00, 1.925171623210492e-05, 4.966808538653924e-03, 7.968463737964761e-04, -3.720207021140283e+02, 6.716286298712916e-01, 0.000000000000000e+00
250, 1.154578618102584e-01, 4.090164345846494e-02, 2.767316477813643e-01, 0.000000000000000e+00, 0.000000000000000e+00, 6.295035230621802e+04, 0.000000000000000e+00, 2.518014092248720e+04, 3.169784026741686e+02, 0.000000000000000e+00, -9.794257308539615e-01, 0.000000000000000e+00, 0.000000000000000e+00, 1.925171397170509e-05, 4.968065300825755e-03, 7.983714073394699e-04, -3.722304187728436e+02, 6.717445954336255e-01, 0.000000000000000e+00
251, 1.151859835254813e-01, 4.085791618263090e-02, 2.767426194694608e-01, 0.000000000000000e+00, 0.000000000000000e+00, 6.295283575751560e+04, 0.000000000000000e+00, 2.518113430300623e+04, 3.169783404092755e+02, 0.000000000000000e+00, -9.793583216661909e-01, 0.000000000000000e+00, 0.000000000000000e+00, 1.925171110399671e-05, 4.969318546064229e-03, 7.998772392685195e-04, -3.724392315585848e+02, 6.718596808375119e-01, 0.000000000000000e+00
252, 1.149188740269587e-01, 4.081488627916383e-02, 2.767533043695803e-01, 0.000000000000000e+00, 0.000000000000000e+00, 6.295525179219490e+04, 0.000000000000000e+00, 2.518210071687795e+04, 3.169782671796230e+02, 0.000000000000000e+00, -9.792927423912853e-01, 0.000000000000000e+00, 0.000000000000000e+00, 1.925170773128860e-05, 4.970557842811764e-03, 8.013631946950713e-04, -3.726458728364424e+02, 6.719732680772007e-01, 0.000000000000000e+00
253, 1.146561157135410e-01, 4.077248984297837e-02, 2.767636881336492e-01, 0.000000000000000e+00, 0.000000000000000e+00, 6.295759722768673e+04, 0.000000000000000e+00, 2.518303889107468e+04, 3.169781833955770e+02, 0.000000000000000e+00, -9.792290794148351e-01, 0.000000000000000e+00, 0.000000000000000e+00, 1.925170387248063e-05, 4.971779101709818e-03, 8.028282156202276e-04, -3.728494305274691e+02, 6.720850615976460e-01, 0.000000000000000e+00
254, 1.143976383824380e-01, 4.073071868566309e-02, 2.767737854311084e-01, 0.000000000000000e+00, 0.000000000000000e+00, 6.295987530316785e+04, 0.000000000000000e+00, 2.518395012126713e+04, 3.169780885656954e+02, 0.000000000000000e+00, -9.791672448147312e-01, 0.000000000000000e+00, 0.000000000000000e+00, 1.925169950493848e-05, 4.972987347200353e-03, 8.042741125078142e-04, -3.730509080442313e+02, 6.721954302730341e-01, 0.000000000000000e+00
255, 1.141433725498135e-01, 4.068956462637119e-02, 2.767836027456326e-01, 0.000000000000000e+00, 0.000000000000000e+00, 6.296208765694889e+04, 0.000000000000000e+00, 2.518483506277955e+04, 3.169779835136156e+02, 0.000000000000000e+00, -9.791071941217352e-01, 0.000000000000000e+00, 0.000000000000000e+00, 1.925169466659585e-05, 4.974182894921061e-03, 8.057011023245745e-04, -3.732501865686651e+02, 6.723044037737029e-01, 0.000000000000000e+00
256, 1.138932500165808e-01, 4.064901958634251e-02, 2.767931523098131e-01, 0.000000000000000e+00, 0.000000000000000e+00, 6.296423714143613e+04, 0.000000000000000e+00, 2.518569485657445e+04, 3.169778685913265e+02, 0.000000000000000e+00, -9.790488499119846e-01, 0.000000000000000e+00, 0.000000000000000e+00, 1.925168937366392e-05, 4.975364655751800e-03, 8.071091755607754e-04, -3.734471817047516e+02, 6.724119246071629e-01, 0.000000000000000e+00
257, 1.136472038377772e-01, 4.060907558731197e-02, 2.768024361557274e-01, 0.000000000000000e+00, 0.000000000000000e+00, 6.296632429072814e+04, 0.000000000000000e+00, 2.518652971629125e+04, 3.169777441611979e+02, 0.000000000000000e+00, -9.789921976882556e-01, 0.000000000000000e+00, 0.000000000000000e+00, 1.925168364283201e-05, 4.976533383119656e-03, 8.084986215662688e-04, -3.736419434926867e+02, 6.725180474246339e-01, 0.000000000000000e+00
258, 1.134051678973575e-01, 4.056972468561067e-02, 2.768114650285129e-01, 0.000000000000000e+00, 0.000000000000000e+00, 6.296835162010189e+04, 0.000000000000000e+00, 2.518734064804075e+04, 3.169776105812420e+02, 0.000000000000000e+00, -9.789371691775043e-01, 0.000000000000000e+00, 0.000000000000000e+00, 1.925167749058867e-05, 4.977689340343759e-03, 8.098696594959818e-04, -3.738345524320584e+02, 6.726228044348976e-01, 0.000000000000000e+00
259, 1.131670772785418e-01, 4.053095903433800e-02, 2.768202432408878e-01, 0.000000000000000e+00, 0.000000000000000e+00, 6.297032020155190e+04, 0.000000000000000e+00, 2.518812808062075e+04, 3.169774683098007e+02, 0.000000000000000e+00, -9.788837352822090e-01, 0.000000000000000e+00, 0.000000000000000e+00, 1.925167093804337e-05, 4.978833794067328e-03, 8.112226371200830e-04, -3.740251210629168e+02, 6.727262872949901e-01, 0.000000000000000e+00
260, 1.129329557358287e-01, 4.049278514297880e-02, 2.768287665895754e-01, 0.000000000000000e+00, 0.000000000000000e+00, 6.297222919594970e+04, 0.000000000000000e+00, 2.518889167837988e+04, 3.169773179363522e+02, 0.000000000000000e+00, -9.788319187791267e-01, 0.000000000000000e+00, 0.000000000000000e+00, 1.925166401234520e-05, 4.979978486325106e-03, 8.125595605541749e-04, -3.742154331290705e+02, 6.728292833847018e-01, 0.000000000000000e+00
261, 1.127029077096204e-01, 4.045522267885353e-02, 2.768370917037297e-01, 0.000000000000000e+00, 0.000000000000000e+00, 6.297409192831736e+04, 0.000000000000000e+00, 2.518963677132694e+04, 3.169771616919950e+02, 0.000000000000000e+00, -9.787813579825206e-01, 0.000000000000000e+00, 0.000000000000000e+00, 1.925165681625089e-05, 4.981112920046962e-03, 8.138794701310138e-04, -3.744040664678056e+02, 6.729311552536904e-01, 0.000000000000000e+00
262, 1.124766062636085e-01, 4.041822078906697e-02, 2.768452131224626e-01, 0.000000000000000e+00, 0.000000000000000e+00, 6.297590724880503e+04, 0.000000000000000e+00, 2.519036289952201e+04, 3.169770000418815e+02, 0.000000000000000e+00, -9.787320841031670e-01, 0.000000000000000e+00, 0.000000000000000e+00, 1.925164937118362e-05, 4.982233227139317e-03, 8.151814599508770e-04, -3.745902499401515e+02, 6.730316338098083e-01, 0.000000000000000e+00
263, 1.122539907143230e-01, 4.038177191993886e-02, 2.768531474624416e-01, 0.000000000000000e+00, 0.000000000000000e+00, 6.297767892647392e+04, 0.000000000000000e+00, 2.519107157058956e+04, 3.169768329315420e+02, 0.000000000000000e+00, -9.786839948361182e-01, 0.000000000000000e+00, 0.000000000000000e+00, 1.925164167463451e-05, 4.983342791762111e-03, 8.164668711439722e-04, -3.747746670437760e+02, 6.731309765487635e-01, 0.000000000000000e+00
264, 1.120350014259805e-01, 4.034586860798558e-02, 2.768609034481745e-01, 0.000000000000000e+00, 0.000000000000000e+00, 6.297940911576545e+04, 0.000000000000000e+00, 2.519176364630618e+04, 3.169766612158101e+02, 0.000000000000000e+00, -9.786370317026170e-01, 0.000000000000000e+00, 0.000000000000000e+00, 1.925163376597418e-05, 4.984441080411872e-03, 8.177357537122780e-04, -3.749570996660904e+02, 6.732291582786311e-01, 0.000000000000000e+00
265, 1.118195797843900e-01, 4.031050347810580e-02, 2.768684928035154e-01, 0.000000000000000e+00, 0.000000000000000e+00, 6.298110056968257e+04, 0.000000000000000e+00, 2.519244022787302e+04, 3.169764853280749e+02, 0.000000000000000e+00, -9.785911199769409e-01, 0.000000000000000e+00, 0.000000000000000e+00, 1.925162566516293e-05, 4.985526659266035e-03, 8.189880097836293e-04, -3.751373910373929e+02, 6.733260973490357e-01, 0.000000000000000e+00
266, 1.116076681707792e-01, 4.027566924167768e-02, 2.768759190676113e-01, 0.000000000000000e+00, 0.000000000000000e+00, 6.298275417167554e+04, 0.000000000000000e+00, 2.519310166867021e+04, 3.169763056628170e+02, 0.000000000000000e+00, -9.785462356792898e-01, 0.000000000000000e+00, 0.000000000000000e+00, 1.925161739036911e-05, 4.986599767292048e-03, 8.202238168369597e-04, -3.753155345900277e+02, 6.734218152516361e-01, 0.000000000000000e+00
267, 1.113992095443540e-01, 4.024135863014175e-02, 2.768831939895008e-01, 0.000000000000000e+00, 0.000000000000000e+00, 6.298437266812808e+04, 0.000000000000000e+00, 2.519374906725122e+04, 3.169761225912060e+02, 0.000000000000000e+00, -9.785023042636094e-01, 0.000000000000000e+00, 0.000000000000000e+00, 1.925160895868742e-05, 4.987658585540049e-03, 8.214430137502746e-04, -3.754912882627630e+02, 6.735162045544578e-01, 0.000000000000000e+00
268, 1.111941482075599e-01, 4.020756452299915e-02, 2.768903158225301e-01, 0.000000000000000e+00, 0.000000000000000e+00, 6.298595570081444e+04, 0.000000000000000e+00, 2.519438228032577e+04, 3.169759363099625e+02, 0.000000000000000e+00, -9.784593354533468e-01, 0.000000000000000e+00, 0.000000000000000e+00, 1.925160037917805e-05, 4.988703846822252e-03, 8.226456215609891e-04, -3.756646796226337e+02, 6.736093114306054e-01, 0.000000000000000e+00
269, 1.109925326954324e-01, 4.017429693647784e-02, 2.768972829584476e-01, 0.000000000000000e+00, 0.000000000000000e+00, 6.298750296919060e+04, 0.000000000000000e+00, 2.519500118767624e+04, 3.169757471476117e+02, 0.000000000000000e+00, -9.784173374062730e-01, 0.000000000000000e+00, 0.000000000000000e+00, 1.925159166697169e-05, 4.989742113156007e-03, 8.238326854825489e-04, -3.758367413200340e+02, 6.737015752370694e-01, 0.000000000000000e+00
270, 1.107943963004102e-01, 4.014156337910723e-02, 2.769041252973866e-01, 0.000000000000000e+00, 0.000000000000000e+00, 6.298902151404418e+04, 0.000000000000000e+00, 2.519560860561767e+04, 3.169755563079013e+02, 0.000000000000000e+00, -9.783761190118260e-01, 0.000000000000000e+00, 0.000000000000000e+00, 1.925158287750895e-05, 4.990765457395440e-03, 8.250033022305705e-04, -3.760063464096549e+02, 6.737924989619442e-01, 0.000000000000000e+00
271, 1.105994860475085e-01, 4.010932398087894e-02, 2.769108342298393e-01, 0.000000000000000e+00, 0.000000000000000e+00, 6.299050935283314e+04, 0.000000000000000e+00, 2.519620374113325e+04, 3.169753636694869e+02, 0.000000000000000e+00, -9.783357340828382e-01, 0.000000000000000e+00, 0.000000000000000e+00, 1.925157400520105e-05, 4.991772391876812e-03, 8.261571374262626e-04, -3.761731844448029e+02, 6.738819730804889e-01, 0.000000000000000e+00
272, 1.104077497801822e-01, 4.007757192331345e-02, 2.769174180958740e-01, 0.000000000000000e+00, 0.000000000000000e+00, 6.299196833772110e+04, 0.000000000000000e+00, 2.519678733508844e+04, 3.169751690057871e+02, 0.000000000000000e+00, -9.782961323453837e-01, 0.000000000000000e+00, 0.000000000000000e+00, 1.925156503961228e-05, 4.992766242267591e-03, 8.272953791839315e-04, -3.763378634270715e+02, 6.739702397789066e-01, 0.000000000000000e+00
273, 1.102191361608783e-01, 4.004630046076729e-02, 2.769238799296695e-01, 0.000000000000000e+00, 0.000000000000000e+00, 6.299339924108977e+04, 0.000000000000000e+00, 2.519735969643590e+04, 3.169749727302039e+02, 0.000000000000000e+00, -9.782572928344360e-01, 0.000000000000000e+00, 0.000000000000000e+00, 1.925155599978257e-05, 4.993746908486629e-03, 8.284181462550043e-04, -3.765002675702933e+02, 6.740572970535356e-01, 0.000000000000000e+00
274, 1.100335946496144e-01, 4.001550291874496e-02, 2.769302250711560e-01, 0.000000000000000e+00, 0.000000000000000e+00, 6.299480330495148e+04, 0.000000000000000e+00, 2.519792132198059e+04, 3.169747749800071e+02, 0.000000000000000e+00, -9.782191818376194e-01, 0.000000000000000e+00, 0.000000000000000e+00, 1.925154689203401e-05, 4.994713647147635e-03, 8.295254508177771e-04, -3.766603272871743e+02, 6.741431027251111e-01, 0.000000000000000e+00
275, 1.098510754830953e-01, 3.998517269224335e-02, 2.769364534767714e-01, 0.000000000000000e+00, 0.000000000000000e+00, 6.299618054531547e+04, 0.000000000000000e+00, 2.519847221812618e+04, 3.169745758854608e+02, 0.000000000000000e+00, -9.781817989203895e-01, 0.000000000000000e+00, 0.000000000000000e+00, 1.925153772236615e-05, 4.995667214144904e-03, 8.306175535891770e-04, -3.768181314537613e+02, 6.742277092797014e-01, 0.000000000000000e+00
276, 1.096715298497392e-01, 3.995530327665080e-02, 2.769425733901940e-01, 0.000000000000000e+00, 0.000000000000000e+00, 6.299753287066909e+04, 0.000000000000000e+00, 2.519901314826763e+04, 3.169743756137328e+02, 0.000000000000000e+00, -9.781450922800065e-01, 0.000000000000000e+00, 0.000000000000000e+00, 1.925152849847814e-05, 4.996605594950593e-03, 8.316942549997502e-04, -3.769733925871450e+02, 6.743109923030471e-01, 0.000000000000000e+00
277, 1.094949096707764e-01, 3.992588823316331e-02, 2.769485772975293e-01, 0.000000000000000e+00, 0.000000000000000e+00, 6.299885856057816e+04, 0.000000000000000e+00, 2.519954342423126e+04, 3.169741741082560e+02, 0.000000000000000e+00, -9.781091086148167e-01, 0.000000000000000e+00, 0.000000000000000e+00, 1.925151921776461e-05, 4.997531089688601e-03, 8.327557815241632e-04, -3.771263799123957e+02, 6.743930964880300e-01, 0.000000000000000e+00
278, 1.093212807173786e-01, 3.989694005995186e-02, 2.769544682653285e-01, 0.000000000000000e+00, 0.000000000000000e+00, 6.300015836851043e+04, 0.000000000000000e+00, 2.520006334740417e+04, 3.169739716501312e+02, 0.000000000000000e+00, -9.780738274731821e-01, 0.000000000000000e+00, 0.000000000000000e+00, 1.925150989317215e-05, 4.998447313914439e-03, 8.338028003261880e-04, -3.772777044357348e+02, 6.744742689487352e-01, 0.000000000000000e+00
279, 1.091506234205373e-01, 3.986845703072490e-02, 2.769602611184789e-01, 0.000000000000000e+00, 0.000000000000000e+00, 6.300143580412507e+04, 0.000000000000000e+00, 2.520057432165002e+04, 3.169737689303264e+02, 0.000000000000000e+00, -9.780391535911952e-01, 0.000000000000000e+00, 0.000000000000000e+00, 1.925150055652457e-05, 4.999348116392853e-03, 8.348345089821617e-04, -3.774264478212089e+02, 6.745541140126489e-01, 0.000000000000000e+00
280, 1.089827443434323e-01, 3.984040832002574e-02, 2.769659494628351e-01, 0.000000000000000e+00, 0.000000000000000e+00, 6.300268934895699e+04, 0.000000000000000e+00, 2.520107573958279e+04, 3.169735656268520e+02, 0.000000000000000e+00, -9.780051281850854e-01, 0.000000000000000e+00, 0.000000000000000e+00, 1.925149119299202e-05, 5.000233395922974e-03, 8.358509529969156e-04, -3.775725839012255e+02, 6.746326199445073e-01, 0.000000000000000e+00
281, 1.088175984121124e-01, 3.981278777518761e-02, 2.769715379322585e-01, 0.000000000000000e+00, 0.000000000000000e+00, 6.300392001829266e+04, 0.000000000000000e+00, 2.520156800731706e+04, 3.169733615443200e+02, 0.000000000000000e+00, -9.779717236965766e-01, 0.000000000000000e+00, 0.000000000000000e+00, 1.925148179357548e-05, 5.001106010949079e-03, 8.368531243327790e-04, -3.777165859065395e+02, 6.747099914712609e-01, 0.000000000000000e+00
282, 1.086551415708430e-01, 3.978558936534227e-02, 2.769770279765922e-01, 0.000000000000000e+00, 0.000000000000000e+00, 6.300512818470231e+04, 0.000000000000000e+00, 2.520205127388092e+04, 3.169731568977206e+02, 0.000000000000000e+00, -9.779389300128649e-01, 0.000000000000000e+00, 0.000000000000000e+00, 1.925147236817671e-05, 5.001965997481554e-03, 8.378411638013669e-04, -3.778583907591280e+02, 6.747862341666789e-01, 0.000000000000000e+00
283, 1.084953303667038e-01, 3.975880711351236e-02, 2.769824222905866e-01, 0.000000000000000e+00, 0.000000000000000e+00, 6.300631447134328e+04, 0.000000000000000e+00, 2.520252578853731e+04, 3.169729517380401e+02, 0.000000000000000e+00, -9.779067302193720e-01, 0.000000000000000e+00, 0.000000000000000e+00, 1.925146291914398e-05, 5.002812972627496e-03, 8.388151411653083e-04, -3.779979649153187e+02, 6.748613271489921e-01, 0.000000000000000e+00
284, 1.083381219328139e-01, 3.973243509515857e-02, 2.769877200846278e-01, 0.000000000000000e+00, 0.000000000000000e+00, 6.300747870857219e+04, 0.000000000000000e+00, 2.520299148342887e+04, 3.169727461152681e+02, 0.000000000000000e+00, -9.778751289207882e-01, 0.000000000000000e+00, 0.000000000000000e+00, 1.925145344877962e-05, 5.003647977641495e-03, 8.397753646193128e-04, -3.781354544784635e+02, 6.749353413371642e-01, 0.000000000000000e+00
285, 1.081834741677775e-01, 3.970646746965004e-02, 2.769929284413143e-01, 0.000000000000000e+00, 0.000000000000000e+00, 6.300862253223366e+04, 0.000000000000000e+00, 2.520344901289346e+04, 3.169725401536704e+02, 0.000000000000000e+00, -9.778440817148099e-01, 0.000000000000000e+00, 0.000000000000000e+00, 1.925144396280693e-05, 5.004468845874269e-03, 8.407216042988206e-04, -3.782705330227870e+02, 6.750081407599752e-01, 0.000000000000000e+00
286, 1.080313455203782e-01, 3.968089844550263e-02, 2.769980375766975e-01, 0.000000000000000e+00, 0.000000000000000e+00, 6.300974369218422e+04, 0.000000000000000e+00, 2.520389747687368e+04, 3.169723337295502e+02, 0.000000000000000e+00, -9.778136496778692e-01, 0.000000000000000e+00, 0.000000000000000e+00, 1.925143445552878e-05, 5.005279093562638e-03, 8.416542733746728e-04, -3.784036648801704e+02, 6.750799491608270e-01, 0.000000000000000e+00
287, 1.078818134886240e-01, 3.965574222636736e-02, 2.770030552510729e-01, 0.000000000000000e+00, 0.000000000000000e+00, 6.301084402493462e+04, 0.000000000000000e+00, 2.520433760997384e+04, 3.169721272011274e+02, 0.000000000000000e+00, -9.777837829609118e-01, 0.000000000000000e+00, 0.000000000000000e+00, 1.925142494344371e-05, 5.006080071672763e-03, 8.425737788557837e-04, -3.785351320809094e+02, 6.751508675907136e-01, 0.000000000000000e+00
288, 1.077348197453294e-01, 3.963099016612357e-02, 2.770079873222693e-01, 0.000000000000000e+00, 0.000000000000000e+00, 6.301192495081679e+04, 0.000000000000000e+00, 2.520476998032671e+04, 3.169719210100293e+02, 0.000000000000000e+00, -9.777544430113712e-01, 0.000000000000000e+00, 0.000000000000000e+00, 1.925141544689175e-05, 5.006866824103954e-03, 8.434793863712479e-04, -3.786641682646177e+02, 6.752205697842616e-01, 0.000000000000000e+00
289, 1.075902185603434e-01, 3.960661882847888e-02, 2.770128310848669e-01, 0.000000000000000e+00, 0.000000000000000e+00, 6.301298578695125e+04, 0.000000000000000e+00, 2.520519431478049e+04, 3.169717148166601e+02, 0.000000000000000e+00, -9.777256483648841e-01, 0.000000000000000e+00, 0.000000000000000e+00, 1.925140595023214e-05, 5.007640030404748e-03, 8.443713870230408e-04, -3.787909229635947e+02, 6.752891020500806e-01, 0.000000000000000e+00
290, 1.074479711758735e-01, 3.958262272697330e-02, 2.770175890913539e-01, 0.000000000000000e+00, 0.000000000000000e+00, 6.301402709456472e+04, 0.000000000000000e+00, 2.520561083782588e+04, 3.169715085232600e+02, 0.000000000000000e+00, -9.776973837878769e-01, 0.000000000000000e+00, 0.000000000000000e+00, 1.925139644896234e-05, 5.008401757615724e-03, 8.452505385497062e-04, -3.789156978829573e+02, 6.753566118146086e-01, 0.000000000000000e+00
291, 1.073080394870004e-01, 3.955899644807619e-02, 2.770222624568258e-01, 0.000000000000000e+00, 0.000000000000000e+00, 6.301504915081977e+04, 0.000000000000000e+00, 2.520601966032790e+04, 3.169713022478927e+02, 0.000000000000000e+00, -9.776696417572295e-01, 0.000000000000000e+00, 0.000000000000000e+00, 1.925138694852002e-05, 5.009151844078568e-03, 8.461169436239366e-04, -3.790384358124272e+02, 6.754230910484171e-01, 0.000000000000000e+00
292, 1.071703860247087e-01, 3.953573464950833e-02, 2.770268521336109e-01, 0.000000000000000e+00, 0.000000000000000e+00, 6.301605217577510e+04, 0.000000000000000e+00, 2.520642087031004e+04, 3.169710960076214e+02, 0.000000000000000e+00, -9.776424162998109e-01, 0.000000000000000e+00, 0.000000000000000e+00, 1.925137744969107e-05, 5.009889859522510e-03, 8.469706580344680e-04, -3.791590831972084e+02, 6.754885135478571e-01, 0.000000000000000e+00
293, 1.070349741355797e-01, 3.951283209180005e-02, 2.770313566767801e-01, 0.000000000000000e+00, 0.000000000000000e+00, 6.301703583925861e+04, 0.000000000000000e+00, 2.520681433570344e+04, 3.169708897947609e+02, 0.000000000000000e+00, -9.776157163775987e-01, 0.000000000000000e+00, 0.000000000000000e+00, 1.925136795212152e-05, 5.010616746870472e-03, 8.478119693485127e-04, -3.792777888649902e+02, 6.755529428119966e-01, 0.000000000000000e+00
294, 1.069017675709783e-01, 3.949028356997752e-02, 2.770357815351447e-01, 0.000000000000000e+00, 0.000000000000000e+00, 6.301800139341185e+04, 0.000000000000000e+00, 2.520720055736473e+04, 3.169706836729346e+02, 0.000000000000000e+00, -9.775895080032764e-01, 0.000000000000000e+00, 0.000000000000000e+00, 1.925135845874170e-05, 5.011329932126557e-03, 8.486405692534379e-04, -3.793941523423633e+02, 6.756162135331996e-01, 0.000000000000000e+00
295, 1.067707304747524e-01, 3.946808391241785e-02, 2.770401146926393e-01, 0.000000000000000e+00, 0.000000000000000e+00, 6.301894606262923e+04, 0.000000000000000e+00, 2.520757842505169e+04, 3.169704774292824e+02, 0.000000000000000e+00, -9.775638665160773e-01, 0.000000000000000e+00, 0.000000000000000e+00, 1.925134895974787e-05, 5.012033434932734e-03, 8.494569455878453e-04, -3.795087282416976e+02, 6.756785804902807e-01, 0.000000000000000e+00
296, 1.066419475082466e-01, 3.944624835757208e-02, 2.770443652209278e-01, 0.000000000000000e+00, 0.000000000000000e+00, 6.301987197822788e+04, 0.000000000000000e+00, 2.520794879129114e+04, 3.169702714044494e+02, 0.000000000000000e+00, -9.775387340649158e-01, 0.000000000000000e+00, 0.000000000000000e+00, 1.925133947082918e-05, 5.012726600503017e-03, 8.502612507390465e-04, -3.796215021587442e+02, 6.757400120562177e-01, 0.000000000000000e+00
297, 1.065153324497001e-01, 3.942476316873406e-02, 2.770485308254946e-01, 0.000000000000000e+00, 0.000000000000000e+00, 6.302077865559512e+04, 0.000000000000000e+00, 2.520831146223805e+04, 3.169700657859731e+02, 0.000000000000000e+00, -9.775141238038019e-01, 0.000000000000000e+00, 0.000000000000000e+00, 1.925133000062308e-05, 5.013405244356786e-03, 8.510527755357254e-04, -3.797318186002988e+02, 6.758002238489554e-01, 0.000000000000000e+00
298, 1.063907778394613e-01, 3.940361094181744e-02, 2.770526096886726e-01, 0.000000000000000e+00, 0.000000000000000e+00, 6.302166559970548e+04, 0.000000000000000e+00, 2.520866623988218e+04, 3.169698601634498e+02, 0.000000000000000e+00, -9.774900491693870e-01, 0.000000000000000e+00, 0.000000000000000e+00, 1.925132053022756e-05, 5.014070379861569e-03, 8.518319516364452e-04, -3.798399143955099e+02, 6.758592864695639e-01, 0.000000000000000e+00
299, 1.062682503210897e-01, 3.938278680305039e-02, 2.770565996733226e-01, 0.000000000000000e+00, 0.000000000000000e+00, 6.302253230420735e+04, 0.000000000000000e+00, 2.520901292168294e+04, 3.169696544350265e+02, 0.000000000000000e+00, -9.774665239057482e-01, 0.000000000000000e+00, 0.000000000000000e+00, 1.925131105495153e-05, 5.014723199674469e-03, 8.525992996939935e-04, -3.799459123314309e+02, 6.759172816824621e-01, 0.000000000000000e+00
300, 1.061477172412634e-01, 3.936228596981895e-02, 2.770604987114826e-01, 0.000000000000000e+00, 0.000000000000000e+00, 6.302337829842082e+04, 0.000000000000000e+00, 2.520935131936832e+04, 3.169694485991144e+02, 0.000000000000000e+00, -9.774435607887165e-01, 0.000000000000000e+00, 0.000000000000000e+00, 1.925130157472183e-05, 5.015363481393247e-03, 8.533549037970341e-04, -3.800497763173754e+02, 6.759741935772023e-01, 0.000000000000000e+00
301, 1.060291462416234e-01, 3.934210368217842e-02, 2.770643029550844e-01, 0.000000000000000e+00, 0.000000000000000e+00, 6.302420270659118e+04, 0.000000000000000e+00, 2.520968108263646e+04, 3.169692426533565e+02, 0.000000000000000e+00, -9.774211835892084e-01, 0.000000000000000e+00, 0.000000000000000e+00, 1.925129208942990e-05, 5.015991223195563e-03, 8.540988831587370e-04, -3.801514996157130e+02, 6.760300189523927e-01, 0.000000000000000e+00
302, 1.059125058362421e-01, 3.932223530198566e-02, 2.770680068950173e-01, 0.000000000000000e+00, 0.000000000000000e+00, 6.302500428141213e+04, 0.000000000000000e+00, 2.521000171256485e+04, 3.169690366270071e+02, 0.000000000000000e+00, -9.773994261632941e-01, 0.000000000000000e+00, 0.000000000000000e+00, 1.925128260042309e-05, 5.016608706790267e-03, 8.548317469717527e-04, -3.802514429700869e+02, 6.760849063805814e-01, 0.000000000000000e+00
303, 1.057977646090768e-01, 3.930267617711922e-02, 2.770716115876036e-01, 0.000000000000000e+00, 0.000000000000000e+00, 6.302578330979127e+04, 0.000000000000000e+00, 2.521031332391650e+04, 3.169688307543309e+02, 0.000000000000000e+00, -9.773782807233418e-01, 0.000000000000000e+00, 0.000000000000000e+00, 1.925127311849100e-05, 5.017215989471133e-03, 8.555536234071850e-04, -3.803495834152349e+02, 6.761388621887294e-01, 0.000000000000000e+00
304, 1.056848919909532e-01, 3.928342177462644e-02, 2.770751017862320e-01, 0.000000000000000e+00, 0.000000000000000e+00, 6.302653635228420e+04, 0.000000000000000e+00, 2.521061454091368e+04, 3.169686251795208e+02, 0.000000000000000e+00, -9.773578406273932e-01, 0.000000000000000e+00, 0.000000000000000e+00, 1.925126365027476e-05, 5.017823173091522e-03, 8.562660357421610e-04, -3.804473965728051e+02, 6.761925461741237e-01, 0.000000000000000e+00
305, 1.055739760657481e-01, 3.926448779896587e-02, 2.770784893218439e-01, 0.000000000000000e+00, 0.000000000000000e+00, 6.302726631018400e+04, 0.000000000000000e+00, 2.521090652407359e+04, 3.169684209589145e+02, 0.000000000000000e+00, -9.773380271246359e-01, 0.000000000000000e+00, 0.000000000000000e+00, 1.925125424442648e-05, 5.018437936764431e-03, 8.569706189477645e-04, -3.805461167347357e+02, 6.762464910411576e-01, 0.000000000000000e+00
306, 1.054649115757448e-01, 3.924585694769166e-02, 2.770817725270328e-01, 0.000000000000000e+00, 0.000000000000000e+00, 6.302797303634370e+04, 0.000000000000000e+00, 2.521118921453747e+04, 3.169682192596653e+02, 0.000000000000000e+00, -9.773188442091312e-01, 0.000000000000000e+00, 0.000000000000000e+00, 1.925124495470213e-05, 5.019074857034231e-03, 8.576697949153328e-04, -3.806479204745450e+02, 6.763016748808262e-01, 0.000000000000000e+00
307, 1.053576216475525e-01, 3.922751671270626e-02, 2.770849736456659e-01, 0.000000000000000e+00, 0.000000000000000e+00, 6.302866188709702e+04, 0.000000000000000e+00, 2.521146475483880e+04, 3.169680215725883e+02, 0.000000000000000e+00, -9.773001464920380e-01, 0.000000000000000e+00, 0.000000000000000e+00, 1.925123584976480e-05, 5.019761917064483e-03, 8.583686785447959e-04, -3.807571218249029e+02, 6.763600115995210e-01, 0.000000000000000e+00
308, 1.052520776178954e-01, 3.920946279072426e-02, 2.770881093457307e-01, 0.000000000000000e+00, 0.000000000000000e+00, 6.302933725141492e+04, 0.000000000000000e+00, 2.521173490056596e+04, 3.169678309021207e+02, 0.000000000000000e+00, -9.772818148419816e-01, 0.000000000000000e+00, 0.000000000000000e+00, 1.925122706799104e-05, 5.020554649016263e-03, 8.590790687289556e-04, -3.808825516193954e+02, 6.764252827654150e-01, 0.000000000000000e+00
309, 1.051482513512302e-01, 3.919169086242509e-02, 2.770913123493408e-01, 0.000000000000000e+00, 0.000000000000000e+00, 6.303003060651218e+04, 0.000000000000000e+00, 2.521201224260487e+04, 3.169676537194111e+02, 0.000000000000000e+00, -9.772629948619043e-01, 0.000000000000000e+00, 0.000000000000000e+00, 1.925121890742513e-05, 5.021494786448103e-03, 8.598166792449896e-04, -3.810313142846386e+02, 6.765005455702814e-01, 0.000000000000000e+00
310, 1.050461140391146e-01, 3.917419621615154e-02, 2.770947684020128e-01, 0.000000000000000e+00, 0.000000000000000e+00, 6.303078586055768e+04, 0.000000000000000e+00, 2.521231434422306e+04, 3.169674983548422e+02, 0.000000000000000e+00, -9.772424947370109e-01, 0.000000000000000e+00, 0.000000000000000e+00, 1.925121175174311e-05, 5.022554354791346e-03, 8.605829999024662e-04, -3.811983057967092e+02, 6.765841970626140e-01, 0.000000000000000e+00
311, 1.049456362646342e-01, 3.915697404569579e-02, 2.770985809167813e-01, 0.000000000000000e+00, 0.000000000000000e+00, 6.303162756354122e+04, 0.000000000000000e+00, 2.521265102541649e+04, 3.169673699706023e+02, 0.000000000000000e+00, -9.772196480983347e-01, 0.000000000000000e+00, 0.000000000000000e+00, 1.925120583870251e-05, 5.023666185608394e-03, 8.613643907099356e-04, -3.813730982685566e+02, 6.766718056430217e-01, 0.000000000000000e+00
312, 1.048467875153735e-01, 3.914001942905401e-02, 2.771028101977382e-01, 0.000000000000000e+00, 0.000000000000000e+00, 6.303256981443427e+04, 0.000000000000000e+00, 2.521302792577370e+04, 3.169672704850029e+02, 0.000000000000000e+00, -9.771940722525598e-01, 0.000000000000000e+00, 0.000000000000000e+00, 1.925120125665652e-05, 5.024779188555569e-03, 8.621484311791538e-04, -3.815479331380614e+02, 6.767599597196154e-01, 0.000000000000000e+00
313, 1.047495367200554e-01, 3.912332741001902e-02, 2.771074728235322e-01, 0.000000000000000e+00, 0.000000000000000e+00, 6.303361639610646e+04, 0.000000000000000e+00, 2.521344655844257e+04, 3.169671999561327e+02, 0.000000000000000e+00, -9.771656645199313e-01, 0.000000000000000e+00, 0.000000000000000e+00, 1.925119800828116e-05, 5.025853940579078e-03, 8.629247968348680e-04, -3.817166633628702e+02, 6.768459854122871e-01, 0.000000000000000e+00
314, 1.046539043149328e-01, 3.910690193329686e-02, 2.771125545799533e-01, 0.000000000000000e+00, 0.000000000000000e+00, 6.303476376739496e+04, 0.000000000000000e+00, 2.521390550695798e+04, 3.169671568348126e+02, 0.000000000000000e+00, -9.771345210194705e-01, 0.000000000000000e+00, 0.000000000000000e+00, 1.925119602222572e-05, 5.026860475800754e-03, 8.636852354302342e-04, -3.818747274292829e+02, 6.769278161546247e-01, 0.000000000000000e+00
315, 1.045598625109600e-01, 3.909073871679267e-02, 2.771180224131933e-01, 0.000000000000000e+00, 0.000000000000000e+00, 6.303600388180384e+04, 0.000000000000000e+00, 2.521440155272153e+04, 3.169671384660182e+02, 0.000000000000000e+00, -9.771008601600341e-01, 0.000000000000000e+00, 0.000000000000000e+00, 1.925119517620697e-05, 5.027773006875059e-03, 8.644226170794494e-04, -3.820181760277866e+02, 6.770036511064061e-01, 0.000000000000000e+00
316, 1.044673108637933e-01, 3.907482101016382e-02, 2.771238200497392e-01, 0.000000000000000e+00, 0.000000000000000e+00, 6.303732317385363e+04, 0.000000000000000e+00, 2.521492926954145e+04, 3.169671410020053e+02, 0.000000000000000e+00, -9.770650501541781e-01, 0.000000000000000e+00, 0.000000000000000e+00, 1.925119529300792e-05, 5.028574483076942e-03, 8.651316087227072e-04, -3.821444474382108e+02, 6.770722555218335e-01, 0.000000000000000e+00
317, 1.043762162849515e-01, 3.905914364835385e-02, 2.771298840526197e-01, 0.000000000000000e+00, 0.000000000000000e+00, 6.303870634349738e+04, 0.000000000000000e+00, 2.521548253739895e+04, 3.169671600667471e+02, 0.000000000000000e+00, -9.770275062964324e-01, 0.000000000000000e+00, 0.000000000000000e+00, 1.925119617108019e-05, 5.029255414351266e-03, 8.658087602410021e-04, -3.822520314252151e+02, 6.771329016799318e-01, 0.000000000000000e+00
318, 1.042865455073823e-01, 3.904370144747823e-02, 2.771361382283892e-01, 0.000000000000000e+00, 0.000000000000000e+00, 6.304013513889915e+04, 0.000000000000000e+00, 2.521605405555965e+04, 3.169671910327260e+02, 0.000000000000000e+00, -9.769887240027683e-01, 0.000000000000000e+00, 0.000000000000000e+00, 1.925119759729236e-05, 5.029808252866028e-03, 8.664510930589777e-04, -3.823397355788916e+02, 6.771849787351446e-01, 0.000000000000000e+00
319, 1.041982655567816e-01, 3.902848927840931e-02, 2.771425032700251e-01, 0.000000000000000e+00, 0.000000000000000e+00, 6.304159055103792e+04, 0.000000000000000e+00, 2.521663622041516e+04, 3.169672290267472e+02, 0.000000000000000e+00, -9.769492192416954e-01, 0.000000000000000e+00, 0.000000000000000e+00, 1.925119934719770e-05, 5.030229689916330e-03, 8.670566869905164e-04, -3.824070926525407e+02, 6.772281612087091e-01, 0.000000000000000e+00
320, 1.041113433750190e-01, 3.901350199540447e-02, 2.771488958982218e-01, 0.000000000000000e+00, 0.000000000000000e+00, 6.304305267860732e+04, 0.000000000000000e+00, 2.521722107144292e+04, 3.169672692328415e+02, 0.000000000000000e+00, -9.769095322013390e-01, 0.000000000000000e+00, 0.000000000000000e+00, 1.925120119898525e-05, 5.030516690299022e-03, 8.676239711537701e-04, -3.824538546526377e+02, 6.772621401143883e-01, 0.000000000000000e+00
321, 1.040257461230049e-01, 3.899873448273927e-02, 2.771552353137516e-01, 0.000000000000000e+00, 0.000000000000000e+00, 6.304450219967288e+04, 0.000000000000000e+00, 2.521780087986914e+04, 3.169673069120909e+02, 0.000000000000000e+00, -9.768701873437283e-01, 0.000000000000000e+00, 0.000000000000000e+00, 1.925120293439282e-05, 5.030674011922213e-03, 8.681529946904080e-04, -3.824806657381321e+02, 6.772871366932778e-01, 0.000000000000000e+00
322, 1.039414410117147e-01, 3.898418162100572e-02, 2.771614408144545e-01, 0.000000000000000e+00, 0.000000000000000e+00, 6.304591986005735e+04, 0.000000000000000e+00, 2.521836794402294e+04, 3.169673375556968e+02, 0.000000000000000e+00, -9.768317072917355e-01, 0.000000000000000e+00, 0.000000000000000e+00, 1.925120434575699e-05, 5.030708872996626e-03, 8.686444775370038e-04, -3.824884868532747e+02, 6.773035399495360e-01, 0.000000000000000e+00
323, 1.038583955476178e-01, 3.896983832579747e-02, 2.771674356461634e-01, 0.000000000000000e+00, 0.000000000000000e+00, 6.304728736055789e+04, 0.000000000000000e+00, 2.521891494422315e+04, 3.169673569414706e+02, 0.000000000000000e+00, -9.767945887470282e-01, 0.000000000000000e+00, 0.000000000000000e+00, 1.925120523861489e-05, 5.030628423260134e-03, 8.690993446020409e-04, -3.824784119214569e+02, 6.773117407606180e-01, 0.000000000000000e+00
324, 1.037765773621039e-01, 3.895569951543757e-02, 2.771731457997703e-01, 0.000000000000000e+00, 0.000000000000000e+00, 6.304858709730131e+04, 0.000000000000000e+00, 2.521943483892052e+04, 3.169673612040633e+02, 0.000000000000000e+00, -9.767593095376974e-01, 0.000000000000000e+00, 0.000000000000000e+00, 1.925120543493873e-05, 5.030441688185348e-03, 8.695190287933261e-04, -3.824518235994877e+02, 6.773122608873767e-01, 0.000000000000000e+00
325, 1.036959549347247e-01, 3.894176023390920e-02, 2.771785033789765e-01, 0.000000000000000e+00, 0.000000000000000e+00, 6.304980294199604e+04, 0.000000000000000e+00, 2.521992117679841e+04, 3.169673469061925e+02, 0.000000000000000e+00, -9.767263074396062e-01, 0.000000000000000e+00, 0.000000000000000e+00, 1.925120477641631e-05, 5.030159517427139e-03, 8.699054378596133e-04, -3.824103975592060e+02, 6.773057533077674e-01, 0.000000000000000e+00
326, 1.036164965013154e-01, 3.892801546072427e-02, 2.771834451057034e-01, 0.000000000000000e+00, 0.000000000000000e+00, 6.305091991132120e+04, 0.000000000000000e+00, 2.522036796452848e+04, 3.169673110855886e+02, 0.000000000000000e+00, -9.766959891502772e-01, 0.000000000000000e+00, 0.000000000000000e+00, 1.925120312661319e-05, 5.029795175900551e-03, 8.702610259076136e-04, -3.823561664822559e+02, 6.772930398818318e-01, 0.000000000000000e+00
327, 1.035381711965136e-01, 3.891446030755334e-02, 2.771879153311185e-01, 0.000000000000000e+00, 0.000000000000000e+00, 6.305192486324347e+04, 0.000000000000000e+00, 2.522076994529738e+04, 3.169672513121679e+02, 0.000000000000000e+00, -9.766687113885211e-01, 0.000000000000000e+00, 0.000000000000000e+00, 1.925120037360590e-05, 5.029364865138792e-03, 8.705888654000571e-04, -3.822916223578413e+02, 6.772751499012544e-01, 0.000000000000000e+00
328, 1.034609484242434e-01, 3.890108990897678e-02, 2.771918653704823e-01, 0.000000000000000e+00, 0.000000000000000e+00, 6.305280635980185e+04, 0.000000000000000e+00, 2.522112254392073e+04, 3.169671657587214e+02, 0.000000000000000e+00, -9.766447846189158e-01, 0.000000000000000e+00, 0.000000000000000e+00, 1.925119643323768e-05, 5.028888912830029e-03, 8.708928291689078e-04, -3.822198742302588e+02, 6.772533991634013e-01, 0.000000000000000e+00
329, 1.033847981257121e-01, 3.888789946879473e-02, 2.771952568776029e-01, 0.000000000000000e+00, 0.000000000000000e+00, 6.305355544971031e+04, 0.000000000000000e+00, 2.522142217988412e+04, 3.169670532762835e+02, 0.000000000000000e+00, -9.766244518093512e-01, 0.000000000000000e+00, 0.000000000000000e+00, 1.925119125258966e-05, 5.028393171631369e-03, 8.711778173437895e-04, -3.821448799285742e+02, 6.772294880722862e-01, 0.000000000000000e+00
330, 1.033096907188970e-01, 3.887488424981243e-02, 2.771980626674988e-01, 0.000000000000000e+00, 0.000000000000000e+00, 6.305416587320664e+04, 0.000000000000000e+00, 2.522166634928265e+04, 3.169669134831084e+02, 0.000000000000000e+00, -9.766078828707437e-01, 0.000000000000000e+00, 0.000000000000000e+00, 1.925118481407898e-05, 5.027911336146158e-03, 8.714501441198864e-04, -3.820717770203574e+02, 6.772056585290143e-01, 0.000000000000000e+00
331, 1.032355969709186e-01, 3.886203955219022e-02, 2.772002718550126e-01, 0.000000000000000e+00, 0.000000000000000e+00, 6.305463525653958e+04, 0.000000000000000e+00, 2.522185410261582e+04, 3.169667468933418e+02, 0.000000000000000e+00, -9.765951422346552e-01, 0.000000000000000e+00, 0.000000000000000e+00, 1.925117714138504e-05, 5.027487698262389e-03, 8.717180036745276e-04, -3.820072898393767e+02, 6.771848855311062e-01, 0.000000000000000e+00
332, 1.031624881945090e-01, 3.884936074813589e-02, 2.772018928925938e-01, 0.000000000000000e+00, 0.000000000000000e+00, 6.305496584896682e+04, 0.000000000000000e+00, 2.522198633958672e+04, 3.169665551482292e+02, 0.000000000000000e+00, -9.765861688486961e-01, 0.000000000000000e+00, 0.000000000000000e+00, 1.925116831009844e-05, 5.027182676776131e-03, 8.719921687622590e-04, -3.819604402487532e+02, 6.771712500288735e-01, 0.000000000000000e+00
333, 1.030904516351357e-01, 3.883686330452377e-02, 2.772029500988221e-01, 0.000000000000000e+00, 0.000000000000000e+00, 6.305516392398992e+04, 0.000000000000000e+00, 2.522206556959596e+04, 3.169663419757335e+02, 0.000000000000000e+00, -9.765807924290184e-01, 0.000000000000000e+00, 0.000000000000000e+00, 1.925115849191859e-05, 5.027095311185896e-03, 8.722929934384164e-04, -3.819466523136725e+02, 6.771714819510163e-01, 0.000000000000000e+00
334, 1.030193653203675e-01, 3.882452631143112e-02, 2.772035805891673e-01, 0.000000000000000e+00, 0.000000000000000e+00, 6.305526217754358e+04, 0.000000000000000e+00, 2.522210487101743e+04, 3.169661149471506e+02, 0.000000000000000e+00, -9.765781254984227e-01, 0.000000000000000e+00, 0.000000000000000e+00, 1.925114803555922e-05, 5.027319146770461e-03, 8.726521238794758e-04, -3.819812750274417e+02, 6.771922131879177e-01, 0.000000000000000e+00
335, 1.029491926411556e-01, 3.881234328550071e-02, 2.772040397166263e-01, 0.000000000000000e+00, 0.000000000000000e+00, 6.305532087498803e+04, 0.000000000000000e+00, 2.522212834999520e+04, 3.169658850223219e+02, 0.000000000000000e+00, -9.765765322531444e-01, 0.000000000000000e+00, 0.000000000000000e+00, 1.925113744580235e-05, 5.027820323332334e-03, 8.730794555249900e-04, -3.820591786087942e+02, 6.772316354390492e-01, 0.000000000000000e+00
336, 1.028799051426340e-01, 3.880030909438422e-02, 2.772044872436969e-01, 0.000000000000000e+00, 0.000000000000000e+00, 6.305537810820844e+04, 0.000000000000000e+00, 2.522215124328337e+04, 3.169656610022237e+02, 0.000000000000000e+00, -9.765749787518113e-01, 0.000000000000000e+00, 0.000000000000000e+00, 1.925112712799881e-05, 5.028501536188367e-03, 8.735581762323906e-04, -3.821653416475655e+02, 6.772833753119810e-01, 0.000000000000000e+00
337, 1.028114733055522e-01, 3.878841849383548e-02, 2.772050471493046e-01, 0.000000000000000e+00, 0.000000000000000e+00, 6.305546312546751e+04, 0.000000000000000e+00, 2.522218525018700e+04, 3.169654481495384e+02, 0.000000000000000e+00, -9.765726710985922e-01, 0.000000000000000e+00, 0.000000000000000e+00, 1.925111732453494e-05, 5.029303080102950e-03, 8.740732496875705e-04, -3.822902262774168e+02, 6.773435002421160e-01, 0.000000000000000e+00
338, 1.027438666939771e-01, 3.877666614286466e-02, 2.772058001408056e-01, 0.000000000000000e+00, 0.000000000000000e+00, 6.305559501298906e+04, 0.000000000000000e+00, 2.522223800519562e+04, 3.169652501231357e+02, 0.000000000000000e+00, -9.765690912294349e-01, 0.000000000000000e+00, 0.000000000000000e+00, 1.925110820392975e-05, 5.030168568228720e-03, 8.746106790135205e-04, -3.824247858977427e+02, 6.774082570151192e-01, 0.000000000000000e+00
339, 1.026770544210036e-01, 3.876504667432434e-02, 2.772067847158576e-01, 0.000000000000000e+00, 0.000000000000000e+00, 6.305578284050934e+04, 0.000000000000000e+00, 2.522231313620373e+04, 3.169650684953509e+02, 0.000000000000000e+00, -9.765639929613127e-01, 0.000000000000000e+00, 0.000000000000000e+00, 1.925109983860177e-05, 5.031058660924878e-03, 8.751593936060394e-04, -3.825629502467565e+02, 6.774749927452038e-01, 0.000000000000000e+00
340, 1.026111795344959e-01, 3.875358503372697e-02, 2.772080323876194e-01, 0.000000000000000e+00, 0.000000000000000e+00, 6.305603400995769e+04, 0.000000000000000e+00, 2.522241360398307e+04, 3.169649044411348e+02, 0.000000000000000e+00, -9.765571753810677e-01, 0.000000000000000e+00, 0.000000000000000e+00, 1.925109228266701e-05, 5.031939505713948e-03, 8.757105867464603e-04, -3.826994871516235e+02, 6.775414301338500e-01, 0.000000000000000e+00
341, 1.025461039729290e-01, 3.874225731177579e-02, 2.772095415112419e-01, 0.000000000000000e+00, 0.000000000000000e+00, 6.305634812186921e+04, 0.000000000000000e+00, 2.522253924874768e+04, 3.169647578334712e+02, 0.000000000000000e+00, -9.765486493315148e-01, 0.000000000000000e+00, 0.000000000000000e+00, 1.925108553027601e-05, 5.032781016224995e-03, 8.762558974889052e-04, -3.828300622139580e+02, 6.776055081526344e-01, 0.000000000000000e+00
342, 1.024817444302208e-01, 3.873104912900600e-02, 2.772113014828809e-01, 0.000000000000000e+00, 0.000000000000000e+00, 6.305672246382092e+04, 0.000000000000000e+00, 2.522268898552836e+04, 3.169646271625476e+02, 0.000000000000000e+00, -9.765384884369014e-01, 0.000000000000000e+00, 0.000000000000000e+00, 1.925107951189106e-05, 5.033570884851545e-03, 8.767911932433468e-04, -3.829528854284448e+02, 6.776663667737911e-01, 0.000000000000000e+00
343, 1.024180686494872e-01, 3.871995500460938e-02, 2.772133042086964e-01, 0.000000000000000e+00, 0.000000000000000e+00, 6.305715489410200e+04, 0.000000000000000e+00, 2.522286195764079e+04, 3.169645109173056e+02, 0.000000000000000e+00, -9.765267508304324e-01, 0.000000000000000e+00, 0.000000000000000e+00, 1.925107415791688e-05, 5.034292763569393e-03, 8.773117871125626e-04, -3.830649101082425e+02, 6.777228784839047e-01, 0.000000000000000e+00
344, 1.023550747213369e-01, 3.870897476148448e-02, 2.772154989806344e-01, 0.000000000000000e+00, 0.000000000000000e+00, 6.305763344139437e+04, 0.000000000000000e+00, 2.522305337655774e+04, 3.169644069018134e+02, 0.000000000000000e+00, -9.765137614537855e-01, 0.000000000000000e+00, 0.000000000000000e+00, 1.925106936721451e-05, 5.034943858035192e-03, 8.778148691933126e-04, -3.831657219592931e+02, 6.777747713908855e-01, 0.000000000000000e+00
345, 1.022929817175110e-01, 3.869814678351964e-02, 2.772178786337455e-01, 0.000000000000000e+00, 0.000000000000000e+00, 6.305815626573482e+04, 0.000000000000000e+00, 2.522326250629392e+04, 3.169643140595812e+02, 0.000000000000000e+00, -9.764995702497259e-01, 0.000000000000000e+00, 0.000000000000000e+00, 1.925106509112486e-05, 5.035514801168909e-03, 8.782983028257508e-04, -3.832539732815155e+02, 6.778214011022365e-01, 0.000000000000000e+00
346, 1.022314937235251e-01, 3.868741967031199e-02, 2.772203878618918e-01, 0.000000000000000e+00, 0.000000000000000e+00, 6.305871035816995e+04, 0.000000000000000e+00, 2.522348414326798e+04, 3.169642302362117e+02, 0.000000000000000e+00, -9.764845303248282e-01, 0.000000000000000e+00, 0.000000000000000e+00, 1.925106123042178e-05, 5.035996234265397e-03, 8.787587289964762e-04, -3.833287377439516e+02, 6.778620577612856e-01, 0.000000000000000e+00
347, 1.021705784497720e-01, 3.867678796294478e-02, 2.772230099132755e-01, 0.000000000000000e+00, 0.000000000000000e+00, 6.305929130690968e+04, 0.000000000000000e+00, 2.522371652276387e+04, 3.169641524091929e+02, 0.000000000000000e+00, -9.764687614298554e-01, 0.000000000000000e+00, 0.000000000000000e+00, 1.925105764589576e-05, 5.036397075749386e-03, 8.791973911374036e-04, -3.833908956751109e+02, 6.778973235768099e-01, 0.000000000000000e+00
348, 1.021103393371474e-01, 3.866626990415455e-02, 2.772256868624082e-01, 0.000000000000000e+00, 0.000000000000000e+00, 6.305988554457956e+04, 0.000000000000000e+00, 2.522395421783182e+04, 3.169640786121353e+02, 0.000000000000000e+00, -9.764526318288003e-01, 0.000000000000000e+00, 0.000000000000000e+00, 1.925105424697970e-05, 5.036717525314464e-03, 8.796134837556415e-04, -3.834401751071831e+02, 6.779271343380180e-01, 0.000000000000000e+00
349, 1.020508559079462e-01, 3.865587959125821e-02, 2.772283965453021e-01, 0.000000000000000e+00, 0.000000000000000e+00, 6.306048773749000e+04, 0.000000000000000e+00, 2.522419509499599e+04, 3.169640073767710e+02, 0.000000000000000e+00, -9.764362862958665e-01, 0.000000000000000e+00, 0.000000000000000e+00, 1.925105096604873e-05, 5.036957162227755e-03, 8.800068683739024e-04, -3.834771373817945e+02, 6.779514359482400e-01, 0.000000000000000e+00
350, 1.019918682152106e-01, 3.864557181249912e-02, 2.772311021536387e-01, 0.000000000000000e+00, 0.000000000000000e+00, 6.306108908587372e+04, 0.000000000000000e+00, 2.522443563434948e+04, 3.169639365564786e+02, 0.000000000000000e+00, -9.764199636862172e-01, 0.000000000000000e+00, 0.000000000000000e+00, 1.925104770423462e-05, 5.037110424937616e-03, 8.803758902228342e-04, -3.835009857821379e+02, 6.779698076441930e-01, 0.000000000000000e+00
351, 1.019333984592935e-01, 3.863535061785930e-02, 2.772337588787427e-01, 0.000000000000000e+00, 0.000000000000000e+00, 6.306167881121126e+04, 0.000000000000000e+00, 2.522467152448450e+04, 3.169638632058565e+02, 0.000000000000000e+00, -9.764039565649781e-01, 0.000000000000000e+00, 0.000000000000000e+00, 1.925104432587918e-05, 5.037199452720431e-03, 8.807240873496973e-04, -3.835144851247716e+02, 6.779836854875172e-01, 0.000000000000000e+00
352, 1.018757397330522e-01, 3.862526744448188e-02, 2.772363448127428e-01, 0.000000000000000e+00, 0.000000000000000e+00, 6.306225182644444e+04, 0.000000000000000e+00, 2.522490073057777e+04, 3.169637868035707e+02, 0.000000000000000e+00, -9.763884030119504e-01, 0.000000000000000e+00, 0.000000000000000e+00, 1.925104080697093e-05, 5.037220577916258e-03, 8.810517000440527e-04, -3.835173732549216e+02, 6.779928039305113e-01, 0.000000000000000e+00
353, 1.018185016588700e-01, 3.861525421354726e-02, 2.772388302671691e-01, 0.000000000000000e+00, 0.000000000000000e+00, 6.306280103430798e+04, 0.000000000000000e+00, 2.522512041372318e+04, 3.169637056201180e+02, 0.000000000000000e+00, -9.763734956706891e-01, 0.000000000000000e+00, 0.000000000000000e+00, 1.925103706785301e-05, 5.037168390594651e-03, 8.813566995512127e-04, -3.835091954028528e+02, 6.779967567857398e-01, 0.000000000000000e+00
354, 1.017617491304010e-01, 3.860532243301072e-02, 2.772411724964841e-01, 0.000000000000000e+00, 0.000000000000000e+00, 6.306331616361813e+04, 0.000000000000000e+00, 2.522532646544725e+04, 3.169636169013808e+02, 0.000000000000000e+00, -9.763595133355297e-01, 0.000000000000000e+00, 0.000000000000000e+00, 1.925103298167716e-05, 5.037068276868896e-03, 8.816439158884115e-04, -3.834932190382895e+02, 6.779972083603865e-01, 0.000000000000000e+00
355, 1.017057407274729e-01, 3.859551753664481e-02, 2.772433661331315e-01, 0.000000000000000e+00, 0.000000000000000e+00, 6.306379599651219e+04, 0.000000000000000e+00, 2.522551839860487e+04, 3.169635206628967e+02, 0.000000000000000e+00, -9.763464890633463e-01, 0.000000000000000e+00, 0.000000000000000e+00, 1.925102854915887e-05, 5.036912176151430e-03, 8.819128578368347e-04, -3.834684984461441e+02, 6.779936173965488e-01, 0.000000000000000e+00
356, 1.016500805701665e-01, 3.858577038690732e-02, 2.772453715093556e-01, 0.000000000000000e+00, 0.000000000000000e+00, 6.306423117281972e+04, 0.000000000000000e+00, 2.522569246912788e+04, 3.169634152106289e+02, 0.000000000000000e+00, -9.763346769205203e-01, 0.000000000000000e+00, 0.000000000000000e+00, 1.925102369227458e-05, 5.036701576788067e-03, 8.821626045054219e-04, -3.834354253542604e+02, 6.779860284079458e-01, 0.000000000000000e+00
357, 1.015949946909701e-01, 3.857612071304696e-02, 2.772471655532826e-01, 0.000000000000000e+00, 0.000000000000000e+00, 6.306461610068014e+04, 0.000000000000000e+00, 2.522584644027205e+04, 3.169632988167829e+02, 0.000000000000000e+00, -9.763242286888812e-01, 0.000000000000000e+00, 0.000000000000000e+00, 1.925101833144592e-05, 5.036459023046802e-03, 8.823983123347409e-04, -3.833972718084903e+02, 6.779759446589668e-01, 0.000000000000000e+00
358, 1.015404682905246e-01, 3.856656608282689e-02, 2.772487541015725e-01, 0.000000000000000e+00, 0.000000000000000e+00, 6.306495216249457e+04, 0.000000000000000e+00, 2.522598086499782e+04, 3.169631717564944e+02, 0.000000000000000e+00, -9.763151068454318e-01, 0.000000000000000e+00, 0.000000000000000e+00, 1.925101247934474e-05, 5.036164874889542e-03, 8.826168035072395e-04, -3.833511744191441e+02, 6.779620538589947e-01, 0.000000000000000e+00
359, 1.014862204514306e-01, 3.855705740316905e-02, 2.772500727171613e-01, 0.000000000000000e+00, 0.000000000000000e+00, 6.306522420488077e+04, 0.000000000000000e+00, 2.522608968195230e+04, 3.169630315363844e+02, 0.000000000000000e+00, -9.763077227037292e-01, 0.000000000000000e+00, 0.000000000000000e+00, 1.925100602113145e-05, 5.035845355967489e-03, 8.828216741538430e-04, -3.833008634397776e+02, 6.779460373571210e-01, 0.000000000000000e+00
360, 1.014327521278486e-01, 3.854768262705231e-02, 2.772511578720802e-01, 0.000000000000000e+00, 0.000000000000000e+00, 6.306544065491713e+04, 0.000000000000000e+00, 2.522617626196684e+04, 3.169628788141328e+02, 0.000000000000000e+00, -9.763018475246354e-01, 0.000000000000000e+00, 0.000000000000000e+00, 1.925099898709689e-05, 5.035494164266299e-03, 8.830139293619890e-04, -3.832456300624484e+02, 6.779275335253662e-01, 0.000000000000000e+00
361, 1.013795460731154e-01, 3.853835120296593e-02, 2.772519519053784e-01, 0.000000000000000e+00, 0.000000000000000e+00, 6.306558823601821e+04, 0.000000000000000e+00, 2.522623529440728e+04, 3.169627127821421e+02, 0.000000000000000e+00, -9.762978416791558e-01, 0.000000000000000e+00, 0.000000000000000e+00, 1.925099134004455e-05, 5.035110507321107e-03, 8.831918092200189e-04, -3.831854594545833e+02, 6.779064060818502e-01, 0.000000000000000e+00
362, 1.013268687853679e-01, 3.852910998586086e-02, 2.772524654877654e-01, 0.000000000000000e+00, 0.000000000000000e+00, 6.306566909900757e+04, 0.000000000000000e+00, 2.522626763960302e+04, 3.169625320508102e+02, 0.000000000000000e+00, -9.762956467867338e-01, 0.000000000000000e+00, 0.000000000000000e+00, 1.925098301597205e-05, 5.034712070811052e-03, 8.833599921077085e-04, -3.831230948724260e+02, 6.778838761117461e-01, 0.000000000000000e+00
363, 1.012746539091800e-01, 3.851994746114258e-02, 2.772526901599051e-01, 0.000000000000000e+00, 0.000000000000000e+00, 6.306568146660131e+04, 0.000000000000000e+00, 2.522627258664052e+04, 3.169623373581327e+02, 0.000000000000000e+00, -9.762953110888081e-01, 0.000000000000000e+00, 0.000000000000000e+00, 1.925097404886921e-05, 5.034282082640913e-03, 8.835154469509409e-04, -3.830556928846625e+02, 6.778588024305395e-01, 0.000000000000000e+00
364, 1.012227559342379e-01, 3.851083820237924e-02, 2.772525831085842e-01, 0.000000000000000e+00, 0.000000000000000e+00, 6.306561525748231e+04, 0.000000000000000e+00, 2.522624610299291e+04, 3.169621269808818e+02, 0.000000000000000e+00, -9.762971082260985e-01, 0.000000000000000e+00, 0.000000000000000e+00, 1.925096435936747e-05, 5.033845866703796e-03, 8.836623126892907e-04, -3.829873749554902e+02, 6.778328381305544e-01, 0.000000000000000e+00
365, 1.011714831519590e-01, 3.850183643582675e-02, 2.772521949206914e-01, 0.000000000000000e+00, 0.000000000000000e+00, 6.306548222731031e+04, 0.000000000000000e+00, 2.522619289092411e+04, 3.169619021690153e+02, 0.000000000000000e+00, -9.763007191106172e-01, 0.000000000000000e+00, 0.000000000000000e+00, 1.925095400503638e-05, 5.033380585153079e-03, 8.837981285360633e-04, -3.829146121771975e+02, 6.778045200249122e-01, 0.000000000000000e+00
366, 1.011203528672197e-01, 3.849285751575006e-02, 2.772514315222477e-01, 0.000000000000000e+00, 0.000000000000000e+00, 6.306526061666970e+04, 0.000000000000000e+00, 2.522610424666787e+04, 3.169616611084912e+02, 0.000000000000000e+00, -9.763067343657982e-01, 0.000000000000000e+00, 0.000000000000000e+00, 1.925094290232447e-05, 5.032912789883624e-03, 8.839258415125199e-04, -3.828412706951359e+02, 6.777755087007125e-01, 0.000000000000000e+00
367, 1.010699743054910e-01, 3.848400853053986e-02, 2.772503884124067e-01, 0.000000000000000e+00, 0.000000000000000e+00, 6.306497243844302e+04, 0.000000000000000e+00, 2.522598897537720e+04, 3.169614052561961e+02, 0.000000000000000e+00, -9.763145564882666e-01, 0.000000000000000e+00, 0.000000000000000e+00, 1.925093111833191e-05, 5.032421309133703e-03, 8.840442689727470e-04, -3.827644683916974e+02, 6.777445159889771e-01, 0.000000000000000e+00
368, 1.010196988266368e-01, 3.847517564409025e-02, 2.772489442794336e-01, 0.000000000000000e+00, 0.000000000000000e+00, 6.306458988300049e+04, 0.000000000000000e+00, 2.522583595320019e+04, 3.169611335286618e+02, 0.000000000000000e+00, -9.763249403245364e-01, 0.000000000000000e+00, 0.000000000000000e+00, 1.925091860315568e-05, 5.031925610955728e-03, 8.841547033842981e-04, -3.826869493263515e+02, 6.777126881147812e-01, 0.000000000000000e+00
369, 1.009700696285214e-01, 3.846645437794260e-02, 2.772472067601767e-01, 0.000000000000000e+00, 0.000000000000000e+00, 6.306413752062670e+04, 0.000000000000000e+00, 2.522565500825068e+04, 3.169608463598614e+02, 0.000000000000000e+00, -9.763372189547734e-01, 0.000000000000000e+00, 0.000000000000000e+00, 1.925090537678272e-05, 5.031409916386931e-03, 8.842568026886654e-04, -3.826067196223853e+02, 6.776791158510208e-01, 0.000000000000000e+00
370, 1.009206075017056e-01, 3.845776060941528e-02, 2.772450524012421e-01, 0.000000000000000e+00, 0.000000000000000e+00, 6.306358719283801e+04, 0.000000000000000e+00, 2.522543487713520e+04, 3.169605433608885e+02, 0.000000000000000e+00, -9.763521566945552e-01, 0.000000000000000e+00, 0.000000000000000e+00, 1.925089142129988e-05, 5.030890170222067e-03, 8.843517285203133e-04, -3.825255632100898e+02, 6.776447084959983e-01, 0.000000000000000e+00
371, 1.008717123642701e-01, 3.844916471076441e-02, 2.772425875939376e-01, 0.000000000000000e+00, 0.000000000000000e+00, 6.306296319127992e+04, 0.000000000000000e+00, 2.522518527651196e+04, 3.169602249891674e+02, 0.000000000000000e+00, -9.763690941872452e-01, 0.000000000000000e+00, 0.000000000000000e+00, 1.925087675777413e-05, 5.030351233520590e-03, 8.844386048412759e-04, -3.824419487704343e+02, 6.776085922767107e-01, 0.000000000000000e+00
372, 1.008230190100107e-01, 3.844060255713694e-02, 2.772396900667044e-01, 0.000000000000000e+00, 0.000000000000000e+00, 6.306223764993386e+04, 0.000000000000000e+00, 2.522489505997354e+04, 3.169598909740305e+02, 0.000000000000000e+00, -9.763887878099388e-01, 0.000000000000000e+00, 0.000000000000000e+00, 1.925086137373802e-05, 5.029808491044242e-03, 8.845189783245121e-04, -3.823574171006139e+02, 6.775716445715140e-01, 0.000000000000000e+00
373, 1.007748470350878e-01, 3.843213041966644e-02, 2.772364648330352e-01, 0.000000000000000e+00, 0.000000000000000e+00, 6.306143457911097e+04, 0.000000000000000e+00, 2.522457383164438e+04, 3.169595419340437e+02, 0.000000000000000e+00, -9.764105858423567e-01, 0.000000000000000e+00, 0.000000000000000e+00, 1.925084529768030e-05, 5.029246567877288e-03, 8.845915533720138e-04, -3.822704948557110e+02, 6.775329701118915e-01, 0.000000000000000e+00
374, 1.007268799108765e-01, 3.842369270117839e-02, 2.772327879724721e-01, 0.000000000000000e+00, 0.000000000000000e+00, 6.306052573952638e+04, 0.000000000000000e+00, 2.522421029581055e+04, 3.169591776069789e+02, 0.000000000000000e+00, -9.764352547932922e-01, 0.000000000000000e+00, 0.000000000000000e+00, 1.925082851752215e-05, 5.028681468283760e-03, 8.846582049549393e-04, -3.821827444276411e+02, 6.774934881466494e-01, 0.000000000000000e+00
375, 1.006794203897424e-01, 3.841534272585274e-02, 2.772287669662976e-01, 0.000000000000000e+00, 0.000000000000000e+00, 6.305953576172715e+04, 0.000000000000000e+00, 2.522381430469086e+04, 3.169587989074316e+02, 0.000000000000000e+00, -9.764621261071862e-01, 0.000000000000000e+00, 0.000000000000000e+00, 1.925081107538678e-05, 5.028097020954173e-03, 8.847173705556106e-04, -3.820926296681133e+02, 6.774522509090816e-01, 0.000000000000000e+00
376, 1.006321376821113e-01, 3.840702235946374e-02, 2.772242704998432e-01, 0.000000000000000e+00, 0.000000000000000e+00, 6.305843471346733e+04, 0.000000000000000e+00, 2.522337388538693e+04, 3.169584055170196e+02, 0.000000000000000e+00, -9.764920122454663e-01, 0.000000000000000e+00, 0.000000000000000e+00, 1.925079295660900e-05, 5.027511311468321e-03, 8.847712788987004e-04, -3.820019740947375e+02, 6.774103090245907e-01, 0.000000000000000e+00
377, 1.005853800151130e-01, 3.839879294259532e-02, 2.772194156575399e-01, 0.000000000000000e+00, 0.000000000000000e+00, 6.305724949967526e+04, 0.000000000000000e+00, 2.522289979987010e+04, 3.169579988028021e+02, 0.000000000000000e+00, -9.765241829182458e-01, 0.000000000000000e+00, 0.000000000000000e+00, 1.925077422415162e-05, 5.026906513956155e-03, 8.848181641788799e-04, -3.819090489534443e+02, 6.773666147386801e-01, 0.000000000000000e+00
378, 1.005387415556973e-01, 3.839058310624000e-02, 2.772140552112721e-01, 0.000000000000000e+00, 0.000000000000000e+00, 6.305594654835477e+04, 0.000000000000000e+00, 2.522237861934190e+04, 3.169575783450716e+02, 0.000000000000000e+00, -9.765595493819672e-01, 0.000000000000000e+00, 0.000000000000000e+00, 1.925075485868255e-05, 5.026304587428052e-03, 8.848607270726282e-04, -3.818161877474128e+02, 6.773224588516807e-01, 0.000000000000000e+00
379, 1.004926753713306e-01, 3.838247266254196e-02, 2.772083258484874e-01, 0.000000000000000e+00, 0.000000000000000e+00, 6.305455734914706e+04, 0.000000000000000e+00, 2.522182293965882e+04, 3.169571461430908e+02, 0.000000000000000e+00, -9.765972569022776e-01, 0.000000000000000e+00, 0.000000000000000e+00, 1.925073495228282e-05, 5.025685306184097e-03, 8.848970499792375e-04, -3.817213962422405e+02, 6.772766568251258e-01, 0.000000000000000e+00
380, 1.004466420574089e-01, 3.837436669606413e-02, 2.772020541407279e-01, 0.000000000000000e+00, 0.000000000000000e+00, 6.305304234409981e+04, 0.000000000000000e+00, 2.522121693763992e+04, 3.169567016439664e+02, 0.000000000000000e+00, -9.766383792145225e-01, 0.000000000000000e+00, 0.000000000000000e+00, 1.925071447948608e-05, 5.025076278466837e-03, 8.849304521665328e-04, -3.816276990456744e+02, 6.772308455035950e-01, 0.000000000000000e+00
381, 1.004012570883683e-01, 3.836637363876697e-02, 2.771954077621787e-01, 0.000000000000000e+00, 0.000000000000000e+00, 6.305144024839289e+04, 0.000000000000000e+00, 2.522057609935715e+04, 3.169562477380854e+02, 0.000000000000000e+00, -9.766818654590242e-01, 0.000000000000000e+00, 0.000000000000000e+00, 1.925069357341712e-05, 5.024455573219797e-03, 8.849590207573991e-04, -3.815329283007787e+02, 6.771837637095466e-01, 0.000000000000000e+00
382, 1.003558723092714e-01, 3.835837939032413e-02, 2.771881896005269e-01, 0.000000000000000e+00, 0.000000000000000e+00, 6.304970621582076e+04, 0.000000000000000e+00, 2.521988248632829e+04, 3.169557843691554e+02, 0.000000000000000e+00, -9.767289329120361e-01, 0.000000000000000e+00, 0.000000000000000e+00, 1.925067223148228e-05, 5.023855357274287e-03, 8.849867232787621e-04, -3.814410046774839e+02, 6.771373252941196e-01, 0.000000000000000e+00
383, 1.003110771770005e-01, 3.835048782626015e-02, 2.771805741342593e-01, 0.000000000000000e+00, 0.000000000000000e+00, 6.304788046952306e+04, 0.000000000000000e+00, 2.521915218780922e+04, 3.169553142282564e+02, 0.000000000000000e+00, -9.767784897828002e-01, 0.000000000000000e+00, 0.000000000000000e+00, 1.925065057762703e-05, 5.023256234547851e-03, 8.850119742141201e-04, -3.813499147516654e+02, 6.770904473889992e-01, 0.000000000000000e+00
384, 1.002663635144474e-01, 3.834260946907826e-02, 2.771723767366968e-01, 0.000000000000000e+00, 0.000000000000000e+00, 6.304592127923389e+04, 0.000000000000000e+00, 2.521836851169355e+04, 3.169548386456291e+02, 0.000000000000000e+00, -9.768316687705298e-01, 0.000000000000000e+00, 0.000000000000000e+00, 1.925062867311928e-05, 5.022692514811912e-03, 8.850395471990898e-04, -3.812640330890027e+02, 6.770452051798179e-01, 0.000000000000000e+00
385, 1.002220888651758e-01, 3.833480735707533e-02, 2.771637467635390e-01, 0.000000000000000e+00, 0.000000000000000e+00, 6.304386312704101e+04, 0.000000000000000e+00, 2.521754525081640e+04, 3.169543601794894e+02, 0.000000000000000e+00, -9.768875339158486e-01, 0.000000000000000e+00, 0.000000000000000e+00, 1.925060663578558e-05, 5.022152845073691e-03, 8.850685897777730e-04, -3.811824112493253e+02, 6.770010218135887e-01, 0.000000000000000e+00
386, 1.001780363745321e-01, 3.832704332054086e-02, 2.771545423752242e-01, 0.000000000000000e+00, 0.000000000000000e+00, 6.304167433924324e+04, 0.000000000000000e+00, 2.521666973569729e+04, 3.169538817895283e+02, 0.000000000000000e+00, -9.769469449491130e-01, 0.000000000000000e+00, 0.000000000000000e+00, 1.925058460194410e-05, 5.021672380668232e-03, 8.851048332832762e-04, -3.811097096952064e+02, 6.769600858929696e-01, 0.000000000000000e+00
387, 1.001342470979432e-01, 3.831932463202919e-02, 2.771448709128760e-01, 0.000000000000000e+00, 0.000000000000000e+00, 6.303937989808930e+04, 0.000000000000000e+00, 2.521575195923572e+04, 3.169534063207320e+02, 0.000000000000000e+00, -9.770092237684018e-01, 0.000000000000000e+00, 0.000000000000000e+00, 1.925056270263029e-05, 5.021251999356428e-03, 8.851486672206216e-04, -3.810466069451992e+02, 6.769225857951462e-01, 0.000000000000000e+00
388, 1.000908459749878e-01, 3.831167335584661e-02, 2.771346503457409e-01, 0.000000000000000e+00, 0.000000000000000e+00, 6.303696209945327e+04, 0.000000000000000e+00, 2.521478483978130e+04, 3.169529385705955e+02, 0.000000000000000e+00, -9.770748509230024e-01, 0.000000000000000e+00, 0.000000000000000e+00, 1.925054115880947e-05, 5.020929757364278e-03, 8.852072685960175e-04, -3.809985689200349e+02, 6.768909833331139e-01, 0.000000000000000e+00
389, 1.000475085863690e-01, 3.830403233266967e-02, 2.771239383343959e-01, 0.000000000000000e+00, 0.000000000000000e+00, 6.303443474141172e+04, 0.000000000000000e+00, 2.521377389656468e+04, 3.169524819696652e+02, 0.000000000000000e+00, -9.771434518868919e-01, 0.000000000000000e+00, 0.000000000000000e+00, 1.925052012848802e-05, 5.020720260608549e-03, 8.852824692308982e-04, -3.809677855680736e+02, 6.768663228165614e-01, 0.000000000000000e+00
390, 1.000047491865315e-01, 3.829649227155568e-02, 2.771127207747913e-01, 0.000000000000000e+00, 0.000000000000000e+00, 6.303179601766587e+04, 0.000000000000000e+00, 2.521271840706634e+04, 3.169520435656555e+02, 0.000000000000000e+00, -9.772150756890711e-01, 0.000000000000000e+00, 0.000000000000000e+00, 1.925049993627406e-05, 5.020676393540809e-03, 8.853848561070196e-04, -3.809624591512654e+02, 6.768521498998505e-01, 0.000000000000000e+00
391, 9.996198994165562e-02, 3.828895131429505e-02, 2.771010682545449e-01, 0.000000000000000e+00, 0.000000000000000e+00, 6.302906318659558e+04, 0.000000000000000e+00, 2.521162527463823e+04, 3.169516294058858e+02, 0.000000000000000e+00, -9.772892538792949e-01, 0.000000000000000e+00, 0.000000000000000e+00, 1.925048086069980e-05, 5.020803510797732e-03, 8.855142023384939e-04, -3.809834302313897e+02, 6.768488935370229e-01, 0.000000000000000e+00
392, 9.991970347896885e-02, 3.828149284333016e-02, 2.770888609420697e-01, 0.000000000000000e+00, 0.000000000000000e+00, 6.302621024708633e+04, 0.000000000000000e+00, 2.521048409883453e+04, 3.169512458057016e+02, 0.000000000000000e+00, -9.773666922149149e-01, 0.000000000000000e+00, 0.000000000000000e+00, 1.925046319264296e-05, 5.021233250935678e-03, 8.856949415245702e-04, -3.810511108830920e+02, 6.768652778097187e-01, 0.000000000000000e+00
393, 9.987757644212027e-02, 3.827406162369545e-02, 2.770764771320658e-01, 0.000000000000000e+00, 0.000000000000000e+00, 6.302332572822128e+04, 0.000000000000000e+00, 2.520933029128850e+04, 3.169509052533140e+02, 0.000000000000000e+00, -9.774449877200423e-01, 0.000000000000000e+00, 0.000000000000000e+00, 1.925044750729507e-05, 5.021861932509710e-03, 8.859082076928271e-04, -3.811488693679939e+02, 6.768947493679397e-01, 0.000000000000000e+00
394, 9.983566805482900e-02, 3.826666812831749e-02, 2.770632963714551e-01, 0.000000000000000e+00, 0.000000000000000e+00, 6.302026933193368e+04, 0.000000000000000e+00, 2.520810773277347e+04, 3.169506119229755e+02, 0.000000000000000e+00, -9.775279485542062e-01, 0.000000000000000e+00, 0.000000000000000e+00, 1.925043399691943e-05, 5.023053127370156e-03, 8.862183923520211e-04, -3.813363301948376e+02, 6.769610421557507e-01, 0.000000000000000e+00
395, 9.979416387216768e-02, 3.825934512522910e-02, 2.770506362887658e-01, 0.000000000000000e+00, 0.000000000000000e+00, 6.301734552583665e+04, 0.000000000000000e+00, 2.520693821033466e+04, 3.169503897730809e+02, 0.000000000000000e+00, -9.776073104464214e-01, 0.000000000000000e+00, 0.000000000000000e+00, 1.925042376500907e-05, 5.024413174484934e-03, 8.865565355644619e-04, -3.815433329980120e+02, 6.770391923336234e-01, 0.000000000000000e+00
396, 9.975265983510510e-02, 3.825202134726145e-02, 2.770364344836976e-01, 0.000000000000000e+00, 0.000000000000000e+00, 6.301408471672376e+04, 0.000000000000000e+00, 2.520563388668949e+04, 3.169502363788646e+02, 0.000000000000000e+00, -9.776958197294467e-01, 0.000000000000000e+00, 0.000000000000000e+00, 1.925041669988607e-05, 5.026836934852049e-03, 8.870797580803716e-04, -3.819286058380727e+02, 6.771869510653192e-01, 0.000000000000000e+00
397, 9.971171269283967e-02, 3.824479506658194e-02, 2.770244900598802e-01, 0.000000000000000e+00, 0.000000000000000e+00, 6.301136034021060e+04, 0.000000000000000e+00, 2.520454413608423e+04, 3.169501985291676e+02, 0.000000000000000e+00, -9.777697684346670e-01, 0.000000000000000e+00, 0.000000000000000e+00, 1.925041495658172e-05, 5.029160326254148e-03, 8.875837810362747e-04, -3.822743939623008e+02, 6.773304513760893e-01, 0.000000000000000e+00
398, 9.967082227686569e-02, 3.823757804367582e-02, 2.770088864297799e-01, 0.000000000000000e+00, 0.000000000000000e+00, 6.300782161479486e+04, 0.000000000000000e+00, 2.520312864591794e+04, 3.169502510498164e+02, 0.000000000000000e+00, -9.778658212971703e-01, 0.000000000000000e+00, 0.000000000000000e+00, 1.925041737560966e-05, 5.033605082250242e-03, 8.884599392274115e-04, -3.829924478542073e+02, 6.776120606965111e-01, 0.000000000000000e+00
399, 9.963018500937965e-02, 3.823040496654258e-02, 2.769997392987039e-01, 0.000000000000000e+00, 0.000000000000000e+00, 6.300578896524852e+04, 0.000000000000000e+00, 2.520231558609940e+04, 3.169504921939056e+02, 0.000000000000000e+00, -9.779209942152278e-01, 0.000000000000000e+00, 0.000000000000000e+00, 1.925042848236803e-05, 5.036915383991768e-03, 8.891341329728813e-04, -3.834721346865680e+02, 6.778247631072514e-01, 0.000000000000000e+00
400, 9.958989913939602e-02, 3.822329320500250e-02, 2.769808575661868e-01, 0.000000000000000e+00, 0.000000000000000e+00, 6.300156138471465e+04, 0.000000000000000e+00, 2.520062455388585e+04, 3.169508303638700e+02, 0.000000000000000e+00, -9.780357449132995e-01, 0.000000000000000e+00, 0.000000000000000e+00, 1.925044405799503e-05, 5.044951635723012e-03, 8.906411151778243e-04, -3.848190889530169e+02, 6.783430895329359e-01, 0.000000000000000e+00
401, 9.954961336640865e-02, 3.821618076319456e-02, 2.769799523812206e-01, 0.000000000000000e+00, 0.000000000000000e+00, 6.300148533892854e+04, 0.000000000000000e+00, 2.520059413557141e+04, 3.169514836002558e+02, 0.000000000000000e+00, -9.780378090506877e-01, 0.000000000000000e+00, 0.000000000000000e+00, 1.925047414510949e-05, 5.048557581225132e-03, 8.913638907513201e-04, -3.852903900504987e+02, 6.785847642706008e-01, 0.000000000000000e+00
402, 9.950985373603138e-02, 3.820916053818986e-02, 2.769514643226067e-01, 0.000000000000000e+00, 0.000000000000000e+00, 6.299514076982680e+04, 0.000000000000000e+00, 2.519805630793072e+04, 3.169521642757287e+02, 0.000000000000000e+00, -9.782100219103966e-01, 0.000000000000000e+00, 0.000000000000000e+00, 1.925050549599563e-05, 5.063054158514978e-03, 8.940084413270678e-04, -3.878757650545683e+02, 6.795237057451107e-01, 0.000000000000000e+00
403, 9.947016357748902e-02, 3.820215192215671e-02, 2.769729391541041e-01, 0.000000000000000e+00, 0.000000000000000e+00, 6.300027673262746e+04, 0.000000000000000e+00, 2.520011069305097e+04, 3.169534286436064e+02, 0.000000000000000e+00, -9.780706146745268e-01, 0.000000000000000e+00, 0.000000000000000e+00, 1.925056373078568e-05, 5.063797673604119e-03, 8.942228068187808e-04, -3.877176796088617e+02, 6.795993050038105e-01, 0.000000000000000e+00
404, 9.943065048282788e-02, 3.819517392972840e-02, 2.769153103435200e-01, 0.000000000000000e+00, 0.000000000000000e+00, 6.298736382093309e+04, 0.000000000000000e+00, 2.519494552837323e+04, 3.169544116009627e+02, 0.000000000000000e+00, -9.784211143561281e-01, 0.000000000000000e+00, 0.000000000000000e+00, 1.925060900417166e-05, 5.091960415494508e-03, 8.992779311654598e-04, -3.930943366509618e+02, 6.814154032947525e-01, 0.000000000000000e+00
405, 9.939154709388859e-02, 3.818826766875353e-02, 2.769963965069844e-01, 0.000000000000000e+00, 0.000000000000000e+00, 6.300624090170106e+04, 0.000000000000000e+00, 2.520249636068042e+04, 3.169565906443714e+02, 0.000000000000000e+00, -9.779087271459199e-01, 0.000000000000000e+00, 0.000000000000000e+00, 1.925070936705051e-05, 5.079510544344313e-03, 8.971594601846225e-04, -3.903488560775689e+02, 6.806793244168482e-01, 0.000000000000000e+00
406, 9.935244376335152e-02, 3.818136080785067e-02, 2.768536930597697e-01, 0.000000000000000e+00, 0.000000000000000e+00, 6.297394487728299e+04, 0.000000000000000e+00, 2.518957795091319e+04, 3.169574142274614e+02, 0.000000000000000e+00, -9.787853494402140e-01, 0.000000000000000e+00, 0.000000000000000e+00, 1.925074729973971e-05, 5.139759171305728e-03, 9.078800147117075e-04, -4.025448364580282e+02, 6.845278450668333e-01, 0.000000000000000e+00
407, 9.931372996829621e-02, 3.817452215835645e-02, 2.770931621840415e-01, 0.000000000000000e+00, 0.000000000000000e+00, 6.302912345459976e+04, 0.000000000000000e+00, 2.521164938183990e+04, 3.169609758009921e+02, 0.000000000000000e+00, -9.772876180037637e-01, 0.000000000000000e+00, 0.000000000000000e+00, 1.925091133856157e-05, 5.086244154444969e-03, 8.985043277656094e-04, -3.918238405848385e+02, 6.812448452713751e-01, 0.000000000000000e+00
408, 9.927520477686595e-02, 3.816771624783307e-02, 2.767123481896933e-01, 0.000000000000000e+00, 0.000000000000000e+00, 6.294236775352354e+04, 0.000000000000000e+00, 2.517694710140941e+04, 3.169603026715438e+02, 0.000000000000000e+00, -9.796424583623181e-01, 0.000000000000000e+00, 0.000000000000000e+00, 1.925088033566018e-05, 5.233658863349186e-03, 9.246235609755474e-04, -4.221877174316183e+02, 6.905740197881556e-01, 0.000000000000000e+00
409, 1.009959304110239e-01, -3.887936482955418e-02, 4.446138806937647e-01, 0.000000000000000e+00, 0.000000000000000e+00, 1.024042760455626e+05, 0.000000000000000e+00, 4.096171041822504e+04, 3.209411549685399e+02, 0.000000000000000e+00, 9.148592996128899e-02, 0.000000000000000e+00, 0.000000000000000e+00, 1.943366371000204e-05, 3.845717861938726e-03, -6.530498330561994e-04, -2.161891212839684e+02, 7.392693123516612e-01, 0.000000000000000e+00
410, 1.010343880819842e-01, -3.888589512623987e-02, 4.449791829044243e-01, 0.000000000000000e+00, 0.000000000000000e+00, 1.024886605826973e+05, 0.000000000000000e+00, 4.099546423307889e+04, 3.209419299142182e+02, 0.000000000000000e+00, 9.377640898707605e-02, 0.000000000000000e+00, 0.000000000000000e+00, 1.943369918243596e-05, 3.754647447825681e-03, -6.375287375465983e-04, -2.030835733152479e+02, 7.307878793065160e-01, 0.000000000000000e+00
411, 1.010730342748486e-01, -3.889245685208018e-02, 4.447181128519641e-01, 0.000000000000000e+00, 0.000000000000000e+00, 1.024283364192071e+05, 0.000000000000000e+00, 4.097133456768283e+04, 3.209413223939368e+02, 0.000000000000000e+00, 9.213900910418167e-02, 0.000000000000000e+00, 0.000000000000000e+00, 1.943367137375096e-05, 3.788753709286367e-03, -6.432620552958350e-04, -2.085881912695510e+02, 7.339110781406157e-01, 0.000000000000000e+00
412, 1.011120690663305e-01, -3.889908395652081e-02, 4.448805394346586e-01, 0.000000000000000e+00, 0.000000000000000e+00, 1.024658316689896e+05, 0.000000000000000e+00, 4.098633266759584e+04, 3.209415881436011e+02, 0.000000000000000e+00, 9.315675579225650e-02, 0.000000000000000e+00, 0.000000000000000e+00, 1.943368353820190e-05, 3.747743359056580e-03, -6.362410762134910e-04, -2.024092798135754e+02, 7.300869566927813e-01, 0.000000000000000e+00
413, 1.011511039128455e-01, -3.890571045718062e-02, 4.447606395192720e-01, 0.000000000000000e+00, 0.000000000000000e+00, 1.024380578875896e+05, 0.000000000000000e+00, 4.097522315503584e+04, 3.209410925678924e+02, 0.000000000000000e+00, 9.240288232297406e-02, 0.000000000000000e+00, 0.000000000000000e+00, 1.943366085366728e-05, 3.761606323507067e-03, -6.385347150927163e-04, -2.045738110450452e+02, 7.313643027227829e-01, 0.000000000000000e+00
414, 1.011905481911209e-01, -3.891240583054989e-02, 4.448314419201911e-01, 0.000000000000000e+00, 0.000000000000000e+00, 1.024543508594875e+05, 0.000000000000000e+00, 4.098174034379501e+04, 3.209410475771931e+02, 0.000000000000000e+00, 9.284512816169167e-02, 0.000000000000000e+00, 0.000000000000000e+00, 1.943365879425741e-05, 3.741437651316738e-03, -6.350505597194994e-04, -2.015654280248040e+02, 7.294851379317229e-01, 0.000000000000000e+00
415, 1.012301687654938e-01, -3.891913048007230e-02, 4.447753958191895e-01, 0.000000000000000e+00, 0.000000000000000e+00, 1.024413361396679e+05, 0.000000000000000e+00, 4.097653445586714e+04, 3.209407152229682e+02, 0.000000000000000e+00, 9.249186506651273e-02, 0.000000000000000e+00, 0.000000000000000e+00, 1.943364358102937e-05, 3.746370642910344e-03, -6.358259981403368e-04, -2.023596445506844e+02, 7.299465687634048e-01, 0.000000000000000e+00
416, 1.012698592774666e-01, -3.892586633818407e-02, 4.448044570631908e-01, 0.000000000000000e+00, 0.000000000000000e+00, 1.024480000705317e+05, 0.000000000000000e+00, 4.097920002821268e+04, 3.209406228127132e+02, 0.000000000000000e+00, 9.267274647430612e-02, 0.000000000000000e+00, 0.000000000000000e+00, 1.943363935102825e-05, 3.736342133342712e-03, -6.340608079536018e-04, -2.008891391419201e+02, 7.290190164970294e-01, 0.000000000000000e+00
417, 1.013100744233985e-01, -3.893269054609489e-02, 4.447766164899020e-01, 0.000000000000000e+00, 0.000000000000000e+00, 1.024415245869321e+05, 0.000000000000000e+00, 4.097660983477283e+04, 3.209404248036358e+02, 0.000000000000000e+00, 9.249698015656163e-02, 0.000000000000000e+00, 0.000000000000000e+00, 1.943363028732847e-05, 3.737934181101087e-03, -6.342667683767845e-04, -2.011504631956732e+02, 7.291779868318121e-01, 0.000000000000000e+00
418, 1.013502896606633e-01, -3.893951406892460e-02, 4.447864370833969e-01, 0.000000000000000e+00, 0.000000000000000e+00, 1.024437636803251e+05, 0.000000000000000e+00, 4.097750547213002e+04, 3.209403533798604e+02, 0.000000000000000e+00, 9.255775665220300e-02, 0.000000000000000e+00, 0.000000000000000e+00, 1.943362701796425e-05, 3.733036594371517e-03, -6.333699055596350e-04, -2.004313652409927e+02, 7.287344442371533e-01, 0.000000000000000e+00
419, 1.013908563300728e-01, -3.894639650029806e-02, 4.447706024795764e-01, 0.000000000000000e+00, 0.000000000000000e+00, 1.024400819300018e+05, 0.000000000000000e+00, 4.097603277200070e+04, 3.209402446514516e+02, 0.000000000000000e+00, 9.245782161457620e-02, 0.000000000000000e+00, 0.000000000000000e+00, 1.943362204101062e-05, 3.733645307746960e-03, -6.334061207779676e-04, -2.005113072635816e+02, 7.288072202008018e-01, 0.000000000000000e+00
420, 1.014316750456244e-01, -3.895332095113413e-02, 4.447711635159319e-01, 0.000000000000000e+00, 0.000000000000000e+00, 1.024401976832161e+05, 0.000000000000000e+00, 4.097607907328643e+04, 3.209402024652187e+02, 0.000000000000000e+00, 9.246096354458536e-02, 0.000000000000000e+00, 0.000000000000000e+00, 1.943362010997023e-05, 3.731415784516403e-03, -6.329594718980282e-04, -2.001684121311660e+02, 7.286162491744198e-01, 0.000000000000000e+00
421, 1.014725510515898e-01, -3.896025436304356e-02, 4.447600019183190e-01, 0.000000000000000e+00, 0.000000000000000e+00, 1.024376091145452e+05, 0.000000000000000e+00, 4.097504364581806e+04, 3.209401466443969e+02, 0.000000000000000e+00, 9.239070111915892e-02, 0.000000000000000e+00, 0.000000000000000e+00, 1.943361755481746e-05, 3.731877561970830e-03, -6.329676040521324e-04, -2.002011560852359e+02, 7.286783881963157e-01, 0.000000000000000e+00
422, 1.015139823035330e-01, -3.896728117007738e-02, 4.447557193834972e-01, 0.000000000000000e+00, 0.000000000000000e+00, 1.024366158577797e+05, 0.000000000000000e+00, 4.097464634311187e+04, 3.209401250304432e+02, 0.000000000000000e+00, 9.236374080313683e-02, 0.000000000000000e+00, 0.000000000000000e+00, 1.943361656545622e-05, 3.731079777671063e-03, -6.327609309183990e-04, -2.000528979117215e+02, 7.286230916773887e-01, 0.000000000000000e+00
423, 1.015554136939923e-01, -3.897430719650447e-02, 4.447458872098339e-01, 0.000000000000000e+00, 0.000000000000000e+00, 1.024343426048365e+05, 0.000000000000000e+00, 4.097373704193459e+04, 3.209400977843531e+02, 0.000000000000000e+00, 9.230203710286777e-02, 0.000000000000000e+00, 0.000000000000000e+00, 1.943361531828846e-05, 3.731629036220484e-03, -6.327807058929112e-04, -2.000844329221744e+02, 7.286947237648296e-01, 0.000000000000000e+00
424, 1.015972491959567e-01, -3.898140092379725e-02, 4.447387439894439e-01, 0.000000000000000e+00, 0.000000000000000e+00, 1.024326933026672e+05, 0.000000000000000e+00, 4.097307732106688e+04, 3.209400850382553e+02, 0.000000000000000e+00, 9.225726951683604e-02, 0.000000000000000e+00, 0.000000000000000e+00, 1.943361473484612e-05, 3.731642108432205e-03, -6.327081435797395e-04, -2.000386242875331e+02, 7.287161205907069e-01, 0.000000000000000e+00
425, 1.016393023384994e-01, -3.898853070106123e-02, 4.447288073713927e-01, 0.000000000000000e+00, 0.000000000000000e+00, 1.024303992147572e+05, 0.000000000000000e+00, 4.097215968590285e+04, 3.209400678817252e+02, 0.000000000000000e+00, 9.219500028576899e-02, 0.000000000000000e+00, 0.000000000000000e+00, 1.943361394951977e-05, 3.732310024107199e-03, -6.327448412939691e-04, -2.000772362318013e+02, 7.287990986340735e-01, 0.000000000000000e+00
426, 1.016815151240556e-01, -3.899568666934279e-02, 4.447197399907070e-01, 0.000000000000000e+00, 0.000000000000000e+00, 1.024283063817791e+05, 0.000000000000000e+00, 4.097132255271163e+04, 3.209400540184596e+02, 0.000000000000000e+00, 9.213819378776032e-02, 0.000000000000000e+00, 0.000000000000000e+00, 1.943361331493994e-05, 3.732746501260931e-03, -6.327403498375019e-04, -2.000839165415311e+02, 7.288600975056335e-01, 0.000000000000000e+00
427, 1.017241993557037e-01, -3.900292165108901e-02, 4.447090659094174e-01, 0.000000000000000e+00, 0.000000000000000e+00, 1.024258414427369e+05, 0.000000000000000e+00, 4.097033657709475e+04, 3.209400337338438e+02, 0.000000000000000e+00, 9.207128708461636e-02, 0.000000000000000e+00, 0.000000000000000e+00, 1.943361238642794e-05, 3.733503630636108e-03, -6.327886994173865e-04, -2.001303870147933e+02, 7.289510013602637e-01, 0.000000000000000e+00
428, 1.017668837413791e-01, -3.901015573156196e-02, 4.446984963898064e-01, 0.000000000000000e+00, 0.000000000000000e+00, 1.024233995116348e+05, 0.000000000000000e+00, 4.096935980465393e+04, 3.209400100803767e+02, 0.000000000000000e+00, 9.200500489404445e-02, 0.000000000000000e+00, 0.000000000000000e+00, 1.943361130370944e-05, 3.734150550932573e-03, -6.328159522115546e-04, -2.001632261349824e+02, 7.290311214686637e-01, 0.000000000000000e+00
429, 1.018101454062560e-01, -3.901748668564701e-02, 4.446868481637903e-01, 0.000000000000000e+00, 0.000000000000000e+00, 1.024207064918370e+05, 0.000000000000000e+00, 4.096828259673480e+04, 3.209399781532772e+02, 0.000000000000000e+00, 9.193190731512349e-02, 0.000000000000000e+00, 0.000000000000000e+00, 1.943360984227199e-05, 3.734947925018744e-03, -6.328671671829888e-04, -2.002142238450778e+02, 7.291249431190483e-01, 0.000000000000000e+00
430, 1.018534703769121e-01, -3.902482737889033e-02, 4.446749762963436e-01, 0.000000000000000e+00, 0.000000000000000e+00, 1.024179596589807e+05, 0.000000000000000e+00, 4.096718386359228e+04, 3.209399390053989e+02, 0.000000000000000e+00, 9.185734906952094e-02, 0.000000000000000e+00, 0.000000000000000e+00, 1.943360805030906e-05, 3.735698946497140e-03, -6.329080516315555e-04, -2.002596469679165e+02, 7.292139335290760e-01, 0.000000000000000e+00
431, 1.018971828682037e-01, -3.903223271075482e-02, 4.446623137376163e-01, 0.000000000000000e+00, 0.000000000000000e+00, 1.024150277079971e+05, 0.000000000000000e+00, 4.096601108319882e+04, 3.209398904373878e+02, 0.000000000000000e+00, 9.177776609779774e-02, 0.000000000000000e+00, 0.000000000000000e+00, 1.943360582714692e-05, 3.736507222574495e-03, -6.329567211574195e-04, -2.003121904101608e+02, 7.293077426450940e-01, 0.000000000000000e+00
432, 1.019411580524991e-01, -3.903968149272426e-02, 4.446492850123138e-01, 0.000000000000000e+00, 0.000000000000000e+00, 1.024120084533253e+05, 0.000000000000000e+00, 4.096480338133010e+04, 3.209398325658277e+02, 0.000000000000000e+00, 9.169581341151077e-02, 0.000000000000000e+00, 0.000000000000000e+00, 1.943360317812198e-05, 3.737295221641745e-03, -6.329996923841695e-04, -2.003627062073496e+02, 7.293991387124903e-01, 0.000000000000000e+00
433, 1.019853547259835e-01, -3.904716670861734e-02, 4.446356082959727e-01, 0.000000000000000e+00, 0.000000000000000e+00, 1.024088366704001e+05, 0.000000000000000e+00, 4.096353466816002e+04, 3.209397644040677e+02, 0.000000000000000e+00, 9.160972059745727e-02, 0.000000000000000e+00, 0.000000000000000e+00, 1.943360005807098e-05, 3.738097094909443e-03, -6.330425767243299e-04, -2.004152272314511e+02, 7.294912153311184e-01, 0.000000000000000e+00
434, 1.020299899153564e-01, -3.905472506969152e-02, 4.446215161750488e-01, 0.000000000000000e+00, 0.000000000000000e+00, 1.024055658820887e+05, 0.000000000000000e+00, 4.096222635283547e+04, 3.209396858047455e+02, 0.000000000000000e+00, 9.152094044555502e-02, 0.000000000000000e+00, 0.000000000000000e+00, 1.943359646024835e-05, 3.738886077436466e-03, -6.330811913941737e-04, -2.004667655027087e+02, 7.295815489190313e-01, 0.000000000000000e+00
435, 1.020747057452820e-01, -3.906229593389413e-02, 4.446068580081475e-01, 0.000000000000000e+00, 0.000000000000000e+00, 1.024021612590324e+05, 0.000000000000000e+00, 4.096086450361296e+04, 3.209395963481583e+02, 0.000000000000000e+00, 9.142852757033063e-02, 0.000000000000000e+00, 0.000000000000000e+00, 1.943359236544236e-05, 3.739670487733879e-03, -6.331160856041300e-04, -2.005182049392788e+02, 7.296708106648622e-01, 0.000000000000000e+00
436, 1.021200108540878e-01, -3.906996537081937e-02, 4.445917688171575e-01, 0.000000000000000e+00, 0.000000000000000e+00, 1.023986538395612e+05, 0.000000000000000e+00, 4.095946153582447e+04, 3.209394958448503e+02, 0.000000000000000e+00, 9.133332445603658e-02, 0.000000000000000e+00, 0.000000000000000e+00, 1.943358776498062e-05, 3.740442754511986e-03, -6.331469317397703e-04, -2.005688371303080e+02, 7.297583785966402e-01, 0.000000000000000e+00
437, 1.021653161572911e-01, -3.907763361130626e-02, 4.445761613431758e-01, 0.000000000000000e+00, 0.000000000000000e+00, 1.023950234752323e+05, 0.000000000000000e+00, 4.095800939009291e+04, 3.209393841337901e+02, 0.000000000000000e+00, 9.123478420644053e-02, 0.000000000000000e+00, 0.000000000000000e+00, 1.943358265149178e-05, 3.741205676946685e-03, -6.331728338910661e-04, -2.006187397397300e+02, 7.298444310787338e-01, 0.000000000000000e+00
438, 1.022112675034472e-01, -3.908540991898799e-02, 4.445601345832139e-01, 0.000000000000000e+00, 0.000000000000000e+00, 1.023912929321128e+05, 0.000000000000000e+00, 4.095651717284510e+04, 3.209392611037957e+02, 0.000000000000000e+00, 9.113352476886799e-02, 0.000000000000000e+00, 0.000000000000000e+00, 1.943357701988630e-05, 3.741952774402164e-03, -6.331939650843478e-04, -2.006675575185462e+02, 7.299284277628109e-01, 0.000000000000000e+00
439, 1.022572528073546e-01, -3.909319065745301e-02, 4.445436044359926e-01, 0.000000000000000e+00, 0.000000000000000e+00, 1.023874428194699e+05, 0.000000000000000e+00, 4.095497712778796e+04, 3.209391266890495e+02, 0.000000000000000e+00, 9.102901981387446e-02, 0.000000000000000e+00, 0.000000000000000e+00, 1.943357086715117e-05, 3.742693967964461e-03, -6.332105503025493e-04, -2.007158411599165e+02, 7.300112434930560e-01, 0.000000000000000e+00
440, 1.023038076898546e-01, -3.910106640142061e-02, 4.445266965617682e-01, 0.000000000000000e+00, 0.000000000000000e+00, 1.023835021203159e+05, 0.000000000000000e+00, 4.095340084812635e+04, 3.209389810160641e+02, 0.000000000000000e+00, 9.092205603750397e-02, 0.000000000000000e+00, 0.000000000000000e+00, 1.943356419907705e-05, 3.743414247047234e-03, -6.332211977376664e-04, -2.007625217862535e+02, 7.300915270574606e-01, 0.000000000000000e+00
441, 1.023504832393228e-01, -3.910896114981652e-02, 4.445092915963845e-01, 0.000000000000000e+00, 0.000000000000000e+00, 1.023794432993244e+05, 0.000000000000000e+00, 4.095177731972974e+04, 3.209388239472682e+02, 0.000000000000000e+00, 9.081188603875558e-02, 0.000000000000000e+00, 0.000000000000000e+00, 1.943355700936637e-05, 3.744131292498338e-03, -6.332276769564067e-04, -2.008090444110391e+02, 7.301708841858670e-01, 0.000000000000000e+00
442, 1.023976805941925e-01, -3.911694269327558e-02, 4.444915307222855e-01, 0.000000000000000e+00, 0.000000000000000e+00, 1.023752989388997e+05, 0.000000000000000e+00, 4.095011957555988e+04, 3.209386556853840e+02, 0.000000000000000e+00, 9.069939421323518e-02, 0.000000000000000e+00, 0.000000000000000e+00, 1.943354930729824e-05, 3.744827349903892e-03, -6.332278470449706e-04, -2.008539082086847e+02, 7.302477059062438e-01, 0.000000000000000e+00
443, 1.024450567358389e-01, -3.912495296091775e-02, 4.444732877224252e-01, 0.000000000000000e+00, 0.000000000000000e+00, 1.023710399366053e+05, 0.000000000000000e+00, 4.094841597464213e+04, 3.209384761279048e+02, 0.000000000000000e+00, 9.058379062332034e-02, 0.000000000000000e+00, 0.000000000000000e+00, 1.943354108818005e-05, 3.745519987906310e-03, -6.332236640976420e-04, -2.008986185017959e+02, 7.303235840884000e-01, 0.000000000000000e+00
444, 1.024929366276438e-01, -3.913304683228010e-02, 4.444547004069886e-01, 0.000000000000000e+00, 0.000000000000000e+00, 1.023666981030246e+05, 0.000000000000000e+00, 4.094667924120984e+04, 3.209382854928673e+02, 0.000000000000000e+00, 9.046593871481001e-02, 0.000000000000000e+00, 0.000000000000000e+00, 1.943353236199188e-05, 3.746193633132314e-03, -6.332131953243770e-04, -2.009418572673501e+02, 7.303971183644187e-01, 0.000000000000000e+00
445, 1.025410239430185e-01, -3.914117414643447e-02, 4.444356498933069e-01, 0.000000000000000e+00, 0.000000000000000e+00, 1.023622460451404e+05, 0.000000000000000e+00, 4.094489841805617e+04, 3.209380837407926e+02, 0.000000000000000e+00, 9.034509494945263e-02, 0.000000000000000e+00, 0.000000000000000e+00, 1.943352312692616e-05, 3.746862377291440e-03, -6.331978783014660e-04, -2.009848043713406e+02, 7.304695685659386e-01, 0.000000000000000e+00
446, 1.025896280055938e-01, -3.914938711094606e-02, 4.444162593426760e-01, 0.000000000000000e+00, 0.000000000000000e+00, 1.023577121949858e+05, 0.000000000000000e+00, 4.094308487799432e+04, 3.209378710752749e+02, 0.000000000000000e+00, 9.022203106787093e-02, 0.000000000000000e+00, 0.000000000000000e+00, 1.943351339230178e-05, 3.747514654753682e-03, -6.331764440957887e-04, -2.010265124406841e+02, 7.305399135599968e-01, 0.000000000000000e+00
447, 1.026384371923133e-01, -3.915763299462551e-02, 4.443964287178990e-01, 0.000000000000000e+00, 0.000000000000000e+00, 1.023530735236466e+05, 0.000000000000000e+00, 4.094122940945863e+04, 3.209376475307165e+02, 0.000000000000000e+00, 9.009612198818863e-02, 0.000000000000000e+00, 0.000000000000000e+00, 1.943350315969303e-05, 3.748159766812827e-03, -6.331494303199357e-04, -2.010677261147320e+02, 7.306089605347208e-01, 0.000000000000000e+00
448, 1.026878078173894e-01, -3.916597191409606e-02, 4.443762550513813e-01, 0.000000000000000e+00, 0.000000000000000e+00, 1.023483524352448e+05, 0.000000000000000e+00, 4.093934097409793e+04, 3.209374132796662e+02, 0.000000000000000e+00, 8.996797583333282e-02, 0.000000000000000e+00, 0.000000000000000e+00, 1.943349243699767e-05, 3.748790823040955e-03, -6.331165168944310e-04, -2.011078913855084e+02, 7.306761254267493e-01, 0.000000000000000e+00
449, 1.027373497454160e-01, -3.917433789336582e-02, 4.443556707106772e-01, 0.000000000000000e+00, 0.000000000000000e+00, 1.023435333940412e+05, 0.000000000000000e+00, 4.093741335761646e+04, 3.209371684496190e+02, 0.000000000000000e+00, 8.983717091129141e-02, 0.000000000000000e+00, 0.000000000000000e+00, 1.943348123005121e-05, 3.749411700701610e-03, -6.330770478809691e-04, -2.011473366260574e+02, 7.307417097161693e-01, 0.000000000000000e+00
450, 1.027875313367729e-01, -3.918280993464306e-02, 4.443347310120499e-01, 0.000000000000000e+00, 0.000000000000000e+00, 1.023386291937548e+05, 0.000000000000000e+00, 4.093545167750189e+04, 3.209369132057183e+02, 0.000000000000000e+00, 8.970405448646135e-02, 0.000000000000000e+00, 0.000000000000000e+00, 1.943346954641241e-05, 3.750020645802477e-03, -6.330319325028706e-04, -2.011858123259317e+02, 7.308056010673366e-01, 0.000000000000000e+00
451, 1.028378170578408e-01, -3.919129753784374e-02, 4.443134209621633e-01, 0.000000000000000e+00, 0.000000000000000e+00, 1.023336364202150e+05, 0.000000000000000e+00, 4.093345456808600e+04, 3.209366476684204e+02, 0.000000000000000e+00, 8.956853388681593e-02, 0.000000000000000e+00, 0.000000000000000e+00, 1.943345739159455e-05, 3.750616090961503e-03, -6.329790993858174e-04, -2.012233838123974e+02, 7.308676072566781e-01, 0.000000000000000e+00
452, 1.028888551994022e-01, -3.919991002853642e-02, 4.442917264959836e-01, 0.000000000000000e+00, 0.000000000000000e+00, 1.023285518273631e+05, 0.000000000000000e+00, 4.093142073094525e+04, 3.209363718148082e+02, 0.000000000000000e+00, 8.943052100344490e-02, 0.000000000000000e+00, 0.000000000000000e+00, 1.943344476454802e-05, 3.751197553549976e-03, -6.329200613516778e-04, -2.012597763257070e+02, 7.309276883707984e-01, 0.000000000000000e+00
453, 1.029400302169672e-01, -3.920854343279373e-02, 4.442696740581500e-01, 0.000000000000000e+00, 0.000000000000000e+00, 1.023233816193440e+05, 0.000000000000000e+00, 4.092935264773761e+04, 3.209360859985323e+02, 0.000000000000000e+00, 8.929018423762526e-02, 0.000000000000000e+00, 0.000000000000000e+00, 1.943343168146041e-05, 3.751771601465330e-03, -6.328540054450931e-04, -2.012956975245756e+02, 7.309864776389702e-01, 0.000000000000000e+00
454, 1.029918369352488e-01, -3.921728112969642e-02, 4.442472799895683e-01, 0.000000000000000e+00, 0.000000000000000e+00, 1.023181296548530e+05, 0.000000000000000e+00, 4.092725186194119e+04, 3.209357905156853e+02, 0.000000000000000e+00, 8.914762832727186e-02, 0.000000000000000e+00, 0.000000000000000e+00, 1.943341815588457e-05, 3.752319487331592e-03, -6.327790907901928e-04, -2.013291373442745e+02, 7.310421774171979e-01, 0.000000000000000e+00
455, 1.030439512397277e-01, -3.922606833985944e-02, 4.442245165812587e-01, 0.000000000000000e+00, 0.000000000000000e+00, 1.023127895666290e+05, 0.000000000000000e+00, 4.092511582665161e+04, 3.209354854099486e+02, 0.000000000000000e+00, 8.900268044359395e-02, 0.000000000000000e+00, 0.000000000000000e+00, 1.943340418981940e-05, 3.752866086738574e-03, -6.326983031687356e-04, -2.013628676452413e+02, 7.310971698575932e-01, 0.000000000000000e+00
456, 1.030965358415338e-01, -3.923493239111078e-02, 4.442014452633493e-01, 0.000000000000000e+00, 0.000000000000000e+00, 1.023073756810987e+05, 0.000000000000000e+00, 4.092295027243946e+04, 3.209351712374364e+02, 0.000000000000000e+00, 8.885572945379873e-02, 0.000000000000000e+00, 0.000000000000000e+00, 1.943338980872016e-05, 3.753378279623235e-03, -6.326063438554763e-04, -2.013932291803689e+02, 7.311482805196915e-01, 0.000000000000000e+00
457, 1.031496383423775e-01, -3.924388118115043e-02, 4.441779967740084e-01, 0.000000000000000e+00, 0.000000000000000e+00, 1.023018720399338e+05, 0.000000000000000e+00, 4.092074881597351e+04, 3.209348479768493e+02, 0.000000000000000e+00, 8.870634219540234e-02, 0.000000000000000e+00, 0.000000000000000e+00, 1.943337501161128e-05, 3.753890661618779e-03, -6.325090463124008e-04, -2.014239263008748e+02, 7.311988207430909e-01, 0.000000000000000e+00
458, 1.032030125707338e-01, -3.925287310929135e-02, 4.441542831251252e-01, 0.000000000000000e+00, 0.000000000000000e+00, 1.022963046045646e+05, 0.000000000000000e+00, 4.091852184182584e+04, 3.209345161378768e+02, 0.000000000000000e+00, 8.855522334859116e-02, 0.000000000000000e+00, 0.000000000000000e+00, 1.943335982182295e-05, 3.754363502433241e-03, -6.323986020764740e-04, -2.014508805930855e+02, 7.312449956038087e-01, 0.000000000000000e+00
459, 1.032571537059911e-01, -3.926199145885981e-02, 4.441301641250472e-01, 0.000000000000000e+00, 0.000000000000000e+00, 1.022906409812974e+05, 0.000000000000000e+00, 4.091625639251897e+04, 3.209341753884880e+02, 0.000000000000000e+00, 8.840149363999815e-02, 0.000000000000000e+00, 0.000000000000000e+00, 1.943334422415598e-05, 3.754827622364191e-03, -6.322813639459211e-04, -2.014773205520466e+02, 7.312897058783319e-01, 0.000000000000000e+00
460, 1.033115715534893e-01, -3.927115352815170e-02, 4.441057677817176e-01, 0.000000000000000e+00, 0.000000000000000e+00, 1.022849109538101e+05, 0.000000000000000e+00, 4.091396438152402e+04, 3.209338266717630e+02, 0.000000000000000e+00, 8.824596149841554e-02, 0.000000000000000e+00, 0.000000000000000e+00, 1.943332826177888e-05, 3.755267633977377e-03, -6.321531690391812e-04, -2.015012462939260e+02, 7.313315349507178e-01, 0.000000000000000e+00
461, 1.033665604444510e-01, -3.928040873911058e-02, 4.440810751388880e-01, 0.000000000000000e+00, 0.000000000000000e+00, 1.022791102467037e+05, 0.000000000000000e+00, 4.091164409868146e+04, 3.209334702698151e+02, 0.000000000000000e+00, 8.808851087519620e-02, 0.000000000000000e+00, 0.000000000000000e+00, 1.943331194760470e-05, 3.755670936208129e-03, -6.320126740368062e-04, -2.015217798600493e+02, 7.313692495141685e-01, 0.000000000000000e+00
462, 1.034221085999694e-01, -3.928975494864691e-02, 4.440560450358546e-01, 0.000000000000000e+00, 0.000000000000000e+00, 1.022732294714645e+05, 0.000000000000000e+00, 4.090929178858581e+04, 3.209331064676391e+02, 0.000000000000000e+00, 8.792888693462633e-02, 0.000000000000000e+00, 0.000000000000000e+00, 1.943329529467841e-05, 3.756063208809932e-03, -6.318639502939853e-04, -2.015413033413401e+02, 7.314053114618104e-01, 0.000000000000000e+00
463, 1.034780028759330e-01, -3.929915614858479e-02, 4.440307940867984e-01, 0.000000000000000e+00, 0.000000000000000e+00, 1.022672956906672e+05, 0.000000000000000e+00, 4.090691827626687e+04, 3.209327359048776e+02, 0.000000000000000e+00, 8.776782424563789e-02, 0.000000000000000e+00, 0.000000000000000e+00, 1.943327833227888e-05, 3.756408615100303e-03, -6.317000754900402e-04, -2.015562413889885e+02, 7.314363137955864e-01, 0.000000000000000e+00
464, 1.035346554184146e-01, -3.930868149285251e-02, 4.440051951084916e-01, 0.000000000000000e+00, 0.000000000000000e+00, 1.022612795671746e+05, 0.000000000000000e+00, 4.090451182686984e+04, 3.209323584390124e+02, 0.000000000000000e+00, 8.760452650005332e-02, 0.000000000000000e+00, 0.000000000000000e+00, 1.943326105388187e-05, 3.756728910941808e-03, -6.315256298880724e-04, -2.015690177584103e+02, 7.314642817120771e-01, 0.000000000000000e+00
465, 1.035917756578562e-01, -3.931828194378362e-02, 4.439793390624046e-01, 0.000000000000000e+00, 0.000000000000000e+00, 1.022552024314584e+05, 0.000000000000000e+00, 4.090208097258335e+04, 3.209319752626778e+02, 0.000000000000000e+00, 8.743957267832762e-02, 0.000000000000000e+00, 0.000000000000000e+00, 1.943324351407937e-05, 3.757022916758025e-03, -6.313396536011909e-04, -2.015788047002657e+02, 7.314891634051277e-01, 0.000000000000000e+00
466, 1.036493141564260e-01, -3.932794903780561e-02, 4.439532969610206e-01, 0.000000000000000e+00, 0.000000000000000e+00, 1.022490807720361e+05, 0.000000000000000e+00, 4.089963230881443e+04, 3.209315867925434e+02, 0.000000000000000e+00, 8.727341033406527e-02, 0.000000000000000e+00, 0.000000000000000e+00, 1.943322573194388e-05, 3.757261842457462e-03, -6.311370324092682e-04, -2.015833602249556e+02, 7.315082101948304e-01, 0.000000000000000e+00
467, 1.037076808543963e-01, -3.933775145771488e-02, 4.439269185980050e-01, 0.000000000000000e+00, 0.000000000000000e+00, 1.022428799345285e+05, 0.000000000000000e+00, 4.089715197381139e+04, 3.209311928399296e+02, 0.000000000000000e+00, 8.710509883132134e-02, 0.000000000000000e+00, 0.000000000000000e+00, 1.943320769883819e-05, 3.757472112084456e-03, -6.309230591522747e-04, -2.015852983799874e+02, 7.315238816452451e-01, 0.000000000000000e+00
468, 1.037665443112424e-01, -3.934763333770068e-02, 4.439003352181216e-01, 0.000000000000000e+00, 0.000000000000000e+00, 1.022366306176947e+05, 0.000000000000000e+00, 4.089465224707786e+04, 3.209307948821154e+02, 0.000000000000000e+00, 8.693547143725834e-02, 0.000000000000000e+00, 0.000000000000000e+00, 1.943318948238407e-05, 3.757646383885760e-03, -6.306957449742151e-04, -2.015832457501191e+02, 7.315355595704911e-01, 0.000000000000000e+00
469, 1.038259009161014e-01, -3.935759390223221e-02, 4.438735894152041e-01, 0.000000000000000e+00, 0.000000000000000e+00, 1.022303428409866e+05, 0.000000000000000e+00, 4.089213713639465e+04, 3.209303935754851e+02, 0.000000000000000e+00, 8.676480011336872e-02, 0.000000000000000e+00, 0.000000000000000e+00, 1.943317111262710e-05, 3.757763167316768e-03, -6.304517487725226e-04, -2.015754648209264e+02, 7.315411907488767e-01, 0.000000000000000e+00
470, 1.038860337861943e-01, -3.936768046283580e-02, 4.438465933186367e-01, 0.000000000000000e+00, 0.000000000000000e+00, 1.022239963073054e+05, 0.000000000000000e+00, 4.088959852292213e+04, 3.209299887328736e+02, 0.000000000000000e+00, 8.659253392838945e-02, 0.000000000000000e+00, 0.000000000000000e+00, 1.943315258099951e-05, 3.757840214453008e-03, -6.301946084678486e-04, -2.015640766110836e+02, 7.315424381521731e-01, 0.000000000000000e+00
471, 1.039468179136895e-01, -3.937787183732352e-02, 4.438193880833391e-01, 0.000000000000000e+00, 0.000000000000000e+00, 1.022176009030085e+05, 0.000000000000000e+00, 4.088704036120339e+04, 3.209295816333827e+02, 0.000000000000000e+00, 8.641894123118708e-02, 0.000000000000000e+00, 0.000000000000000e+00, 1.943313394605183e-05, 3.757875030746557e-03, -6.299238333274657e-04, -2.015480680102579e+02, 7.315390909864642e-01, 0.000000000000000e+00
472, 1.040081719882663e-01, -3.938815420499471e-02, 4.437920688352041e-01, 0.000000000000000e+00, 0.000000000000000e+00, 1.022111789232655e+05, 0.000000000000000e+00, 4.088447156930617e+04, 3.209291734893253e+02, 0.000000000000000e+00, 8.624462718734743e-02, 0.000000000000000e+00, 0.000000000000000e+00, 1.943311526327742e-05, 3.757860583366320e-03, -6.296389579661056e-04, -2.015269877815204e+02, 7.315305534633522e-01, 0.000000000000000e+00
473, 1.040701281724457e-01, -3.939853278019442e-02, 4.437646019312091e-01, 0.000000000000000e+00, 0.000000000000000e+00, 1.022047226338735e+05, 0.000000000000000e+00, 4.088188905354938e+04, 3.209287643448457e+02, 0.000000000000000e+00, 8.606938186469819e-02, 0.000000000000000e+00, 0.000000000000000e+00, 1.943309653469690e-05, 3.757790729305213e-03, -6.293390472167600e-04, -2.015005903613604e+02, 7.315162015686174e-01, 0.000000000000000e+00
474, 1.041330108971975e-01, -3.940906170242123e-02, 4.437369277857836e-01, 0.000000000000000e+00, 0.000000000000000e+00, 1.021982183413078e+05, 0.000000000000000e+00, 4.087928733652311e+04, 3.209283542928812e+02, 0.000000000000000e+00, 8.589283357510506e-02, 0.000000000000000e+00, 0.000000000000000e+00, 1.943307776456441e-05, 3.757680795511224e-03, -6.290280691962145e-04, -2.014702696614250e+02, 7.314974979206701e-01, 0.000000000000000e+00
475, 1.041965452216136e-01, -3.941969473531487e-02, 4.437091126723500e-01, 0.000000000000000e+00, 0.000000000000000e+00, 1.021916817300674e+05, 0.000000000000000e+00, 4.087667269202695e+04, 3.209279446545419e+02, 0.000000000000000e+00, 8.571540804841180e-02, 0.000000000000000e+00, 0.000000000000000e+00, 1.943305901335373e-05, 3.757533421564141e-03, -6.287066818258935e-04, -2.014359247181346e+02, 7.314747578666689e-01, 0.000000000000000e+00
476, 1.042607602480263e-01, -3.943043659425960e-02, 4.436812223019365e-01, 0.000000000000000e+00, 0.000000000000000e+00, 1.021851282759128e+05, 0.000000000000000e+00, 4.087405131036512e+04, 3.209275365027361e+02, 0.000000000000000e+00, 8.553752534860463e-02, 0.000000000000000e+00, 0.000000000000000e+00, 1.943304033017737e-05, 3.757341243250450e-03, -6.283754957087953e-04, -2.013970200482975e+02, 7.314473463705650e-01, 0.000000000000000e+00
477, 1.043256881806871e-01, -3.944129252632490e-02, 4.436532120998811e-01, 0.000000000000000e+00, 0.000000000000000e+00, 1.021785477035257e+05, 0.000000000000000e+00, 4.087141908141026e+04, 3.209271298084835e+02, 0.000000000000000e+00, 8.535890656911890e-02, 0.000000000000000e+00, 0.000000000000000e+00, 1.943302171370889e-05, 3.757120362368013e-03, -6.280384076322149e-04, -2.013555697966268e+02, 7.314168132563549e-01, 0.000000000000000e+00
478, 1.043914466680290e-01, -3.945228207249867e-02, 4.436250656955030e-01, 0.000000000000000e+00, 0.000000000000000e+00, 1.021719361776724e+05, 0.000000000000000e+00, 4.086877447106895e+04, 3.209267243679452e+02, 0.000000000000000e+00, 8.517944760886864e-02, 0.000000000000000e+00, 0.000000000000000e+00, 1.943300315461766e-05, 3.756874795543614e-03, -6.276976985303836e-04, -2.013119304292403e+02, 7.313835614345390e-01, 0.000000000000000e+00
479, 1.044581063970679e-01, -3.946341692870432e-02, 4.435967392364228e-01, 0.000000000000000e+00, 0.000000000000000e+00, 1.021652835439055e+05, 0.000000000000000e+00, 4.086611341756218e+04, 3.209263200089885e+02, 0.000000000000000e+00, 8.499887284213081e-02, 0.000000000000000e+00, 0.000000000000000e+00, 1.943298464502436e-05, 3.756629170488571e-03, -6.273596387336408e-04, -2.012685978538389e+02, 7.313499864604835e-01, 0.000000000000000e+00
480, 1.045255572420199e-01, -3.947467863000566e-02, 4.435682630472833e-01, 0.000000000000000e+00, 0.000000000000000e+00, 1.021585967988158e+05, 0.000000000000000e+00, 4.086343871952633e+04, 3.209259167705829e+02, 0.000000000000000e+00, 8.481737217982127e-02, 0.000000000000000e+00, 0.000000000000000e+00, 1.943296618671296e-05, 3.756396697872411e-03, -6.270287353133009e-04, -2.012269247041332e+02, 7.313174373139126e-01, 0.000000000000000e+00
481, 1.045938300813875e-01, -3.948607232348177e-02, 4.435396024425571e-01, 0.000000000000000e+00, 0.000000000000000e+00, 1.021518677003084e+05, 0.000000000000000e+00, 4.086074708012336e+04, 3.209255138556537e+02, 0.000000000000000e+00, 8.463472190386949e-02, 0.000000000000000e+00, 0.000000000000000e+00, 1.943294774319726e-05, 3.756202589350249e-03, -6.267122626183462e-04, -2.011898115296552e+02, 7.312883901625634e-01, 0.000000000000000e+00
482, 1.046629553620849e-01, -3.949760313544889e-02, 4.435106916905745e-01, 0.000000000000000e+00, 0.000000000000000e+00, 1.021450805780043e+05, 0.000000000000000e+00, 4.085803223120170e+04, 3.209251095932416e+02, 0.000000000000000e+00, 8.445049666769519e-02, 0.000000000000000e+00, 0.000000000000000e+00, 1.943292923798870e-05, 3.756082686457158e-03, -6.264193179057729e-04, -2.011612603637688e+02, 7.312663327654639e-01, 0.000000000000000e+00
483, 1.047329626018288e-01, -3.950927609875211e-02, 4.434814436987773e-01, 0.000000000000000e+00, 0.000000000000000e+00, 1.021382146227049e+05, 0.000000000000000e+00, 4.085528584908194e+04, 3.209247016229908e+02, 0.000000000000000e+00, 8.426413163993927e-02, 0.000000000000000e+00, 0.000000000000000e+00, 1.943291056304122e-05, 3.756080782266571e-03, -6.261606817748992e-04, -2.011458453316112e+02, 7.312555160899450e-01, 0.000000000000000e+00
484, 1.048038802729171e-01, -3.952109614408234e-02, 4.434517470543118e-01, 0.000000000000000e+00, 0.000000000000000e+00, 1.021312429174168e+05, 0.000000000000000e+00, 4.085249716696671e+04, 3.209242859917298e+02, 0.000000000000000e+00, 8.407489620322819e-02, 0.000000000000000e+00, 0.000000000000000e+00, 1.943289153739683e-05, 3.756256599433993e-03, -6.259472737501627e-04, -2.011503744496111e+02, 7.312616841127754e-01, 0.000000000000000e+00
485, 1.048757894187552e-01, -3.953307693724833e-02, 4.434213972437188e-01, 0.000000000000000e+00, 0.000000000000000e+00, 1.021241167065008e+05, 0.000000000000000e+00, 4.084964668260032e+04, 3.209238574981461e+02, 0.000000000000000e+00, 8.388146696618282e-02, 0.000000000000000e+00, 0.000000000000000e+00, 1.943287192296301e-05, 3.756636761599355e-03, -6.257728889321649e-04, -2.011780431123420e+02, 7.312870992117753e-01, 0.000000000000000e+00
486, 1.049487244110402e-01, -3.954522398515675e-02, 4.433902784153839e-01, 0.000000000000000e+00, 0.000000000000000e+00, 1.021168082587261e+05, 0.000000000000000e+00, 4.084672330349042e+04, 3.209234128392696e+02, 0.000000000000000e+00, 8.368309121029766e-02, 0.000000000000000e+00, 0.000000000000000e+00, 1.943285156854390e-05, 3.757159000528147e-03, -6.256145621070362e-04, -2.012213479029411e+02, 7.313254099089473e-01, 0.000000000000000e+00
487, 1.050226410595186e-01, -3.955752959547173e-02, 4.433584246312602e-01, 0.000000000000000e+00, 0.000000000000000e+00, 1.021093251082028e+05, 0.000000000000000e+00, 4.084373004328110e+04, 3.209229510330118e+02, 0.000000000000000e+00, 8.347997343656254e-02, 0.000000000000000e+00, 0.000000000000000e+00, 1.943283042918248e-05, 3.757747329822773e-03, -6.254565744608676e-04, -2.012717532628976e+02, 7.313692012806861e-01, 0.000000000000000e+00
488, 1.050975679450730e-01, -3.956999818064030e-02, 4.433258338035523e-01, 0.000000000000000e+00, 0.000000000000000e+00, 1.021016666708953e+05, 0.000000000000000e+00, 4.084066666835809e+04, 3.209224717490090e+02, 0.000000000000000e+00, 8.327209779229408e-02, 0.000000000000000e+00, 0.000000000000000e+00, 1.943280848975449e-05, 3.758362341268944e-03, -6.252920684714408e-04, -2.013251592223381e+02, 7.314146321079650e-01, 0.000000000000000e+00
489, 1.051735342579017e-01, -3.958263423189787e-02, 4.432925195406114e-01, 0.000000000000000e+00, 0.000000000000000e+00, 1.020938361192616e+05, 0.000000000000000e+00, 4.083753444770463e+04, 3.209219751015500e+02, 0.000000000000000e+00, 8.305955038863166e-02, 0.000000000000000e+00, 0.000000000000000e+00, 1.943278575548982e-05, 3.758976248024157e-03, -6.251160268306132e-04, -2.013786098405281e+02, 7.314590039366654e-01, 0.000000000000000e+00
490, 1.052505694195438e-01, -3.959544225570481e-02, 4.432584987027426e-01, 0.000000000000000e+00, 0.000000000000000e+00, 1.020858374744126e+05, 0.000000000000000e+00, 4.083433498976501e+04, 3.209214615182775e+02, 0.000000000000000e+00, 8.284244037199155e-02, 0.000000000000000e+00, 0.000000000000000e+00, 1.943276224596219e-05, 3.759569980254113e-03, -6.249249124409468e-04, -2.014300599197833e+02, 7.315004700042698e-01, 0.000000000000000e+00
491, 1.053287034463983e-01, -3.960842683372309e-02, 4.432237962339061e-01, 0.000000000000000e+00, 0.000000000000000e+00, 1.020776766981710e+05, 0.000000000000000e+00, 4.083107067926840e+04, 3.209209316752062e+02, 0.000000000000000e+00, 8.262092956621983e-02, 0.000000000000000e+00, 0.000000000000000e+00, 1.943273799211469e-05, 3.760129619008996e-03, -6.247160839718262e-04, -2.014780249559870e+02, 7.315376921659921e-01, 0.000000000000000e+00
492, 1.054079668706103e-01, -3.962159260934164e-02, 4.431884369400197e-01, 0.000000000000000e+00, 0.000000000000000e+00, 1.020693597822835e+05, 0.000000000000000e+00, 4.082774391291341e+04, 3.209203864425710e+02, 0.000000000000000e+00, 8.239518060738965e-02, 0.000000000000000e+00, 0.000000000000000e+00, 1.943271303378100e-05, 3.760645210258969e-03, -6.244876089017355e-04, -2.015214283787143e+02, 7.315697187977979e-01, 0.000000000000000e+00
493, 1.054883904485207e-01, -3.963494423926192e-02, 4.431524517306345e-01, 0.000000000000000e+00, 0.000000000000000e+00, 1.020608941756620e+05, 0.000000000000000e+00, 4.082435767026478e+04, 3.209198268526723e+02, 0.000000000000000e+00, 8.216539568392260e-02, 0.000000000000000e+00, 0.000000000000000e+00, 1.943268741821355e-05, 3.761109130345603e-03, -6.242380031575469e-04, -2.015594621411226e+02, 7.315958309499694e-01, 0.000000000000000e+00
494, 1.055700058790211e-01, -3.964848651311804e-02, 4.431158692752564e-01, 0.000000000000000e+00, 0.000000000000000e+00, 1.020522868549525e+05, 0.000000000000000e+00, 4.082091474198100e+04, 3.209192540753779e+02, 0.000000000000000e+00, 8.193176416536928e-02, 0.000000000000000e+00, 0.000000000000000e+00, 1.943266119896212e-05, 3.761515731465797e-03, -6.239661900631950e-04, -2.015915063488358e+02, 7.316155011753724e-01, 0.000000000000000e+00
495, 1.056528446097243e-01, -3.966222415611773e-02, 4.430787243872208e-01, 0.000000000000000e+00, 0.000000000000000e+00, 1.020435462484758e+05, 0.000000000000000e+00, 4.081741849939030e+04, 3.209186693964457e+02, 0.000000000000000e+00, 8.169451482458411e-02, 0.000000000000000e+00, 0.000000000000000e+00, 1.943263443488157e-05, 3.761860495833761e-03, -6.236713732017215e-04, -2.016170893724512e+02, 7.316283183541044e-01, 0.000000000000000e+00
496, 1.057369389420510e-01, -3.967616201378264e-02, 4.430410477546120e-01, 0.000000000000000e+00, 0.000000000000000e+00, 1.020346798656409e+05, 0.000000000000000e+00, 4.081387194625634e+04, 3.209180742001430e+02, 0.000000000000000e+00, 8.145385149208795e-02, 0.000000000000000e+00, 0.000000000000000e+00, 1.943260718933632e-05, 3.762140128837322e-03, -6.233530749246509e-04, -2.016358395416028e+02, 7.316339885691071e-01, 0.000000000000000e+00
497, 1.058223212889515e-01, -3.969030493075835e-02, 4.430028767569473e-01, 0.000000000000000e+00, 0.000000000000000e+00, 1.020256967803934e+05, 0.000000000000000e+00, 4.081027871215733e+04, 3.209174699451067e+02, 0.000000000000000e+00, 8.121002046516067e-02, 0.000000000000000e+00, 0.000000000000000e+00, 1.943257952909528e-05, 3.762352119771273e-03, -6.230110815761498e-04, -2.016475066039596e+02, 7.316323015796397e-01, 0.000000000000000e+00
498, 1.059090243845440e-01, -3.970465778829766e-02, 4.429642421607305e-01, 0.000000000000000e+00, 0.000000000000000e+00, 1.020166045614160e+05, 0.000000000000000e+00, 4.080664182456638e+04, 3.209168581464303e+02, 0.000000000000000e+00, 8.096322718320789e-02, 0.000000000000000e+00, 0.000000000000000e+00, 1.943255152351197e-05, 3.762495178170917e-03, -6.226455400727242e-04, -2.016519303043714e+02, 7.316231626433006e-01, 0.000000000000000e+00
499, 1.059970810327711e-01, -3.971922546617985e-02, 4.429251822888401e-01, 0.000000000000000e+00, 0.000000000000000e+00, 1.020074125248537e+05, 0.000000000000000e+00, 4.080296500994148e+04, 3.209162403425035e+02, 0.000000000000000e+00, 8.071372451761265e-02, 0.000000000000000e+00, 0.000000000000000e+00, 1.943252324300655e-05, 3.762568887653491e-03, -6.222569227500654e-04, -2.016490924902678e+02, 7.316065708817699e-01, 0.000000000000000e+00
500, 1.060865242168126e-01, -3.973401286529799e-02, 4.428857250769838e-01, 0.000000000000000e+00, 0.000000000000000e+00, 1.019981275913378e+05, 0.000000000000000e+00, 4.079925103653511e+04, 3.209156180620127e+02, 0.000000000000000e+00, 8.046170031749042e-02, 0.000000000000000e+00, 0.000000000000000e+00, 1.943249475755527e-05, 3.762574576658500e-03, -6.218461952035082e-04, -2.016391139941077e+02, 7.315826895602505e-01, 0.000000000000000e+00
501, 1.061773868834094e-01, -3.974902487743615e-02, 4.428459062553923e-01, 0.000000000000000e+00, 0.000000000000000e+00, 1.019887584627202e+05, 0.000000000000000e+00, 4.079550338508806e+04, 3.209149927906390e+02, 0.000000000000000e+00, 8.020739078025423e-02, 0.000000000000000e+00, 0.000000000000000e+00, 1.943246613516605e-05, 3.762514791863033e-03, -6.214147495137637e-04, -2.016223169482153e+02, 7.315518102143520e-01, 0.000000000000000e+00
502, 1.062697022794758e-01, -3.976426644733638e-02, 4.428057459935582e-01, 0.000000000000000e+00, 0.000000000000000e+00, 1.019793102354333e+05, 0.000000000000000e+00, 4.079172409417330e+04, 3.209143659463656e+02, 0.000000000000000e+00, 7.995093424015384e-02, 0.000000000000000e+00, 0.000000000000000e+00, 1.943243744074808e-05, 3.762394752933570e-03, -6.209646649779005e-04, -2.015992259531069e+02, 7.315144751823786e-01, 0.000000000000000e+00
503, 1.063635034320071e-01, -3.977974249422973e-02, 4.427652722156622e-01, 0.000000000000000e+00, 0.000000000000000e+00, 1.019697897039389e+05, 0.000000000000000e+00, 4.078791588157554e+04, 3.209137386711859e+02, 0.000000000000000e+00, 7.969251512164310e-02, 0.000000000000000e+00, 0.000000000000000e+00, 1.943240872657712e-05, 3.762221782633583e-03, -6.204986272671422e-04, -2.015706963788552e+02, 7.314714420016132e-01, 0.000000000000000e+00
504, 1.064588231279887e-01, -3.979545791707682e-02, 4.427244849977615e-01, 0.000000000000000e+00, 0.000000000000000e+00, 1.019601971063770e+05, 0.000000000000000e+00, 4.078407884255080e+04, 3.209131116580485e+02, 0.000000000000000e+00, 7.943213988864088e-02, 0.000000000000000e+00, 0.000000000000000e+00, 1.943238002437361e-05, 3.762002940615242e-03, -6.200192713352282e-04, -2.015375042039803e+02, 7.314234201546901e-01, 0.000000000000000e+00
505, 1.065558136159464e-01, -3.981143731797088e-02, 4.426833588171747e-01, 0.000000000000000e+00, 0.000000000000000e+00, 1.019505266779679e+05, 0.000000000000000e+00, 4.078021067118716e+04, 3.209124852617822e+02, 0.000000000000000e+00, 7.916965206571097e-02, 0.000000000000000e+00, 0.000000000000000e+00, 1.943235135038025e-05, 3.761757552063867e-03, -6.195320385293114e-04, -2.015017297656709e+02, 7.313723020905458e-01, 0.000000000000000e+00
506, 1.066544068113580e-01, -3.982766901956915e-02, 4.426418943296885e-01, 0.000000000000000e+00, 0.000000000000000e+00, 1.019407786575155e+05, 0.000000000000000e+00, 4.077631146300620e+04, 3.209118597574397e+02, 0.000000000000000e+00, 7.890505813479305e-02, 0.000000000000000e+00, 0.000000000000000e+00, 1.943232271718801e-05, 3.761504402397542e-03, -6.190420560707146e-04, -2.014653525081756e+02, 7.313199478468319e-01, 0.000000000000000e+00
507, 1.067546247189811e-01, -3.984415625721068e-02, 4.426000869592891e-01, 0.000000000000000e+00, 0.000000000000000e+00, 1.019309518879524e+05, 0.000000000000000e+00, 4.077238075518094e+04, 3.209112348188996e+02, 0.000000000000000e+00, 7.863832668919976e-02, 0.000000000000000e+00, 0.000000000000000e+00, 1.943229410986841e-05, 3.761262136999135e-03, -6.185551557756332e-04, -2.014304681649814e+02, 7.312682111372394e-01, 0.000000000000000e+00
508, 1.068564978957753e-01, -3.986090373644063e-02, 4.425578675846691e-01, 0.000000000000000e+00, 0.000000000000000e+00, 1.019210300384205e+05, 0.000000000000000e+00, 4.076841201536819e+04, 3.209106091469199e+02, 0.000000000000000e+00, 7.836901445473719e-02, 0.000000000000000e+00, 0.000000000000000e+00, 1.943226546894703e-05, 3.761065095742956e-03, -6.180797449853223e-04, -2.014007741198067e+02, 7.312204195697315e-01, 0.000000000000000e+00
509, 1.069600558156078e-01, -3.987791605572063e-02, 4.425151638476151e-01, 0.000000000000000e+00, 0.000000000000000e+00, 1.019109956443405e+05, 0.000000000000000e+00, 4.076439825773619e+04, 3.209099802187569e+02, 0.000000000000000e+00, 7.809664738421526e-02, 0.000000000000000e+00, 0.000000000000000e+00, 1.943223667894185e-05, 3.760952858766843e-03, -6.176244236999555e-04, -2.013806597792566e+02, 7.311803990213493e-01, 0.000000000000000e+00
510, 1.070653273519142e-01, -3.989519775110735e-02, 4.424718338041784e-01, 0.000000000000000e+00, 0.000000000000000e+00, 1.019008147772136e+05, 0.000000000000000e+00, 4.076032591088543e+04, 3.209093441296579e+02, 0.000000000000000e+00, 7.782030454451624e-02, 0.000000000000000e+00, 0.000000000000000e+00, 1.943220756110705e-05, 3.760952983447072e-03, -6.171898582622300e-04, -2.013733551524433e+02, 7.311506586384759e-01, 0.000000000000000e+00
511, 1.071723406057378e-01, -3.991275297607251e-02, 4.424277715012043e-01, 0.000000000000000e+00, 0.000000000000000e+00, 1.018904620851039e+05, 0.000000000000000e+00, 4.075618483404155e+04, 3.209086978793457e+02, 0.000000000000000e+00, 7.753929779917061e-02, 0.000000000000000e+00, 0.000000000000000e+00, 1.943217797809972e-05, 3.761037067220093e-03, -6.167646293090322e-04, -2.013754203929710e+02, 7.311282508593827e-01, 0.000000000000000e+00
512, 1.072811241746388e-01, -3.993058582226831e-02, 4.423829676228181e-01, 0.000000000000000e+00, 0.000000000000000e+00, 1.018799349640449e+05, 0.000000000000000e+00, 4.075197398561794e+04, 3.209080400172392e+02, 0.000000000000000e+00, 7.725355646780344e-02, 0.000000000000000e+00, 0.000000000000000e+00, 1.943214786351601e-05, 3.761163035902082e-03, -6.163395199606113e-04, -2.013821195125078e+02, 7.311090457230168e-01, 0.000000000000000e+00
513, 1.073917070483000e-01, -3.994870042281005e-02, 4.423374020680987e-01, 0.000000000000000e+00, 0.000000000000000e+00, 1.018692284843748e+05, 0.000000000000000e+00, 4.074769139374989e+04, 3.209073695899691e+02, 0.000000000000000e+00, 7.696294674288082e-02, 0.000000000000000e+00, 0.000000000000000e+00, 1.943211717371236e-05, 3.761307492755865e-03, -6.159103172035796e-04, -2.013909859222310e+02, 7.310907494287333e-01, 0.000000000000000e+00
514, 1.075042479223574e-01, -3.996712211144373e-02, 4.422910345156359e-01, 0.000000000000000e+00, 0.000000000000000e+00, 1.018583331475773e+05, 0.000000000000000e+00, 4.074333325903089e+04, 3.209066859203458e+02, 0.000000000000000e+00, 7.666721080285036e-02, 0.000000000000000e+00, 0.000000000000000e+00, 1.943208587768759e-05, 3.761464839725327e-03, -6.154761744588513e-04, -2.014014250534821e+02, 7.310727869964190e-01, 0.000000000000000e+00
515, 1.076186937065126e-01, -3.998584150640452e-02, 4.422438699467258e-01, 0.000000000000000e+00, 0.000000000000000e+00, 1.018472500725831e+05, 0.000000000000000e+00, 4.073890002903323e+04, 3.209059889114893e+02, 0.000000000000000e+00, 7.636637901923976e-02, 0.000000000000000e+00, 0.000000000000000e+00, 1.943205397100493e-05, 3.761630893691671e-03, -6.150361272523911e-04, -2.014129726194614e+02, 7.310547538035194e-01, 0.000000000000000e+00
516, 1.077350341290167e-01, -4.000485623761891e-02, 4.421959349457031e-01, 0.000000000000000e+00, 0.000000000000000e+00, 1.018359854384799e+05, 0.000000000000000e+00, 4.073439417539194e+04, 3.209052787344132e+02, 0.000000000000000e+00, 7.606061911318679e-02, 0.000000000000000e+00, 0.000000000000000e+00, 1.943202146149085e-05, 3.761797316857774e-03, -6.145888831870744e-04, -2.014247335511635e+02, 7.310358640910282e-01, 0.000000000000000e+00
517, 1.078533005343585e-01, -4.002417072410791e-02, 4.421472201948562e-01, 0.000000000000000e+00, 0.000000000000000e+00, 1.018245370714152e+05, 0.000000000000000e+00, 4.072981482856605e+04, 3.209045552928005e+02, 0.000000000000000e+00, 7.574987207905420e-02, 0.000000000000000e+00, 0.000000000000000e+00, 1.943198834473427e-05, 3.761965502445202e-03, -6.141346555683399e-04, -2.014369302984859e+02, 7.310162468863231e-01, 0.000000000000000e+00
518, 1.079735243367689e-01, -4.004378937017929e-02, 4.420977195271039e-01, 0.000000000000000e+00, 0.000000000000000e+00, 1.018129035286254e+05, 0.000000000000000e+00, 4.072516141145016e+04, 3.209038185074718e+02, 0.000000000000000e+00, 7.543409875540646e-02, 0.000000000000000e+00, 0.000000000000000e+00, 1.943195461710860e-05, 3.762134446149173e-03, -6.136731802177932e-04, -2.014494241136560e+02, 7.309957994940018e-01, 0.000000000000000e+00
519, 1.080957378209497e-01, -4.006371669536316e-02, 4.420474289319717e-01, 0.000000000000000e+00, 0.000000000000000e+00, 1.018010838575119e+05, 0.000000000000000e+00, 4.072043354300476e+04, 3.209030682785724e+02, 0.000000000000000e+00, 7.511327328552285e-02, 0.000000000000000e+00, 0.000000000000000e+00, 1.943192027404071e-05, 3.762304563673821e-03, -6.132044253381979e-04, -2.014623006337124e+02, 7.309745590055600e-01, 0.000000000000000e+00
520, 1.082199735658622e-01, -4.008395723945823e-02, 4.419963365014689e-01, 0.000000000000000e+00, 0.000000000000000e+00, 1.017890753026382e+05, 0.000000000000000e+00, 4.071563012105526e+04, 3.209023045561964e+02, 0.000000000000000e+00, 7.478732087762485e-02, 0.000000000000000e+00, 0.000000000000000e+00, 1.943188531324393e-05, 3.762476282812924e-03, -6.127283588822724e-04, -2.014755667951294e+02, 7.309525570662349e-01, 0.000000000000000e+00
521, 1.083462648520346e-01, -4.010451562805372e-02, 4.419444396246022e-01, 0.000000000000000e+00, 0.000000000000000e+00, 1.017768772071201e+05, 0.000000000000000e+00, 4.071075088284803e+04, 3.209015271562337e+02, 0.000000000000000e+00, 7.445622370168052e-02, 0.000000000000000e+00, 0.000000000000000e+00, 1.943184972628807e-05, 3.762649726683099e-03, -6.122448985747653e-04, -2.014892885284470e+02, 7.309298035828895e-01, 0.000000000000000e+00
522, 1.084746454799786e-01, -4.012539654195888e-02, 4.418917177800986e-01, 0.000000000000000e+00, 0.000000000000000e+00, 1.017644847180379e+05, 0.000000000000000e+00, 4.070579388721515e+04, 3.209007356690844e+02, 0.000000000000000e+00, 7.411985003318700e-02, 0.000000000000000e+00, 0.000000000000000e+00, 1.943181349442064e-05, 3.762821087200522e-03, -6.117529755545381e-04, -2.015030374778521e+02, 7.309059069179296e-01, 0.000000000000000e+00
523, 1.086053211088767e-01, -4.014663254838731e-02, 4.418381196522761e-01, 0.000000000000000e+00, 0.000000000000000e+00, 1.017518858721389e+05, 0.000000000000000e+00, 4.070075434885556e+04, 3.208999296259294e+02, 0.000000000000000e+00, 7.377787514939183e-02, 0.000000000000000e+00, 0.000000000000000e+00, 1.943177659617810e-05, 3.762998287746149e-03, -6.112540568860839e-04, -2.015176467260569e+02, 7.308815976982718e-01, 0.000000000000000e+00
524, 1.087381871582372e-01, -4.016820573496828e-02, 4.417836533917843e-01, 0.000000000000000e+00, 0.000000000000000e+00, 1.017390825722130e+05, 0.000000000000000e+00, 4.069563302888519e+04, 3.208991090979356e+02, 0.000000000000000e+00, 7.343035069838477e-02, 0.000000000000000e+00, 0.000000000000000e+00, 1.943173903481581e-05, 3.763181850975378e-03, -6.107478270982566e-04, -2.015331469537165e+02, 7.308569296200353e-01, 0.000000000000000e+00
525, 1.088732532852234e-01, -4.019011675961962e-02, 4.417283466968976e-01, 0.000000000000000e+00, 0.000000000000000e+00, 1.017260812777325e+05, 0.000000000000000e+00, 4.069043251109300e+04, 3.208982743298186e+02, 0.000000000000000e+00, 7.307745201188615e-02, 0.000000000000000e+00, 0.000000000000000e+00, 1.943170082153361e-05, 3.763364652778985e-03, -6.102333049572275e-04, -2.015487589822320e+02, 7.308312376005620e-01, 0.000000000000000e+00
526, 1.090105556559540e-01, -4.021237055657419e-02, 4.416721774670971e-01, 0.000000000000000e+00, 0.000000000000000e+00, 1.017128768397613e+05, 0.000000000000000e+00, 4.068515073590451e+04, 3.208974251240663e+02, 0.000000000000000e+00, 7.271903933051864e-02, 0.000000000000000e+00, 0.000000000000000e+00, 1.943166194728741e-05, 3.763551417586976e-03, -6.097112021799735e-04, -2.015650674410643e+02, 7.308049629878941e-01, 0.000000000000000e+00
527, 1.091501308403115e-01, -4.023497209125681e-02, 4.416151368929290e-01, 0.000000000000000e+00, 0.000000000000000e+00, 1.016994671939993e+05, 0.000000000000000e+00, 4.067978687759969e+04, 3.208965613579500e+02, 0.000000000000000e+00, 7.235505662226219e-02, 0.000000000000000e+00, 0.000000000000000e+00, 1.943162240645645e-05, 3.763740509222636e-03, -6.091811445319095e-04, -2.015818373208328e+02, 7.307779395063114e-01, 0.000000000000000e+00
528, 1.092920162221043e-01, -4.025792642563792e-02, 4.415572167903363e-01, 0.000000000000000e+00, 0.000000000000000e+00, 1.016858503994389e+05, 0.000000000000000e+00, 4.067434015977554e+04, 3.208956828430202e+02, 0.000000000000000e+00, 7.198545120167130e-02, 0.000000000000000e+00, 0.000000000000000e+00, 1.943158219041134e-05, 3.763932849418944e-03, -6.086431718257689e-04, -2.015992270224898e+02, 7.307502498605665e-01, 0.000000000000000e+00
529, 1.094362498195422e-01, -4.028123868792720e-02, 4.414983990682317e-01, 0.000000000000000e+00, 0.000000000000000e+00, 1.016720222569515e+05, 0.000000000000000e+00, 4.066880890278061e+04, 3.208947894641990e+02, 0.000000000000000e+00, 7.161010909032824e-02, 0.000000000000000e+00, 0.000000000000000e+00, 1.943154129388134e-05, 3.764128608929120e-03, -6.080972006413126e-04, -2.016171918247308e+02, 7.307218954733561e-01, 0.000000000000000e+00
530, 1.095828703021704e-01, -4.030491407411086e-02, 4.414386807263332e-01, 0.000000000000000e+00, 0.000000000000000e+00, 1.016579819863336e+05, 0.000000000000000e+00, 4.066319279453344e+04, 3.208938809282892e+02, 0.000000000000000e+00, 7.122900911089239e-02, 0.000000000000000e+00, 0.000000000000000e+00, 1.943149970344183e-05, 3.764327466394890e-03, -6.075430674498048e-04, -2.016357787145045e+02, 7.306928427814001e-01, 0.000000000000000e+00
531, 1.097319168090602e-01, -4.032895781740226e-02, 4.413780329621843e-01, 0.000000000000000e+00, 0.000000000000000e+00, 1.016437227935259e+05, 0.000000000000000e+00, 4.065748911741035e+04, 3.208929567145954e+02, 0.000000000000000e+00, 7.084196684983675e-02, 0.000000000000000e+00, 0.000000000000000e+00, 1.943145739525373e-05, 3.764524506815970e-03, -6.069794206485613e-04, -2.016543960933940e+02, 7.306625846469991e-01, 0.000000000000000e+00
532, 1.098836532636173e-01, -4.035341131920767e-02, 4.413163941233202e-01, 0.000000000000000e+00, 0.000000000000000e+00, 1.016292302919475e+05, 0.000000000000000e+00, 4.065169211677901e+04, 3.208920162145333e+02, 0.000000000000000e+00, 7.044859180716227e-02, 0.000000000000000e+00, 0.000000000000000e+00, 1.943141434145444e-05, 3.764730359534266e-03, -6.064082851570822e-04, -2.016741972243189e+02, 7.306321068413459e-01, 0.000000000000000e+00
533, 1.100379084561773e-01, -4.037824577491315e-02, 4.412537764427868e-01, 0.000000000000000e+00, 0.000000000000000e+00, 1.016145073328172e+05, 0.000000000000000e+00, 4.064580293312686e+04, 3.208910595226928e+02, 0.000000000000000e+00, 7.004896137449371e-02, 0.000000000000000e+00, 0.000000000000000e+00, 1.943137054637081e-05, 3.764944071203451e-03, -6.058289559254359e-04, -2.016950448985627e+02, 7.306013213568243e-01, 0.000000000000000e+00
534, 1.101947182508659e-01, -4.040346576168696e-02, 4.411902179336677e-01, 0.000000000000000e+00, 0.000000000000000e+00, 1.015995627634473e+05, 0.000000000000000e+00, 4.063982510537892e+04, 3.208900869210041e+02, 0.000000000000000e+00, 6.964331569753206e-02, 0.000000000000000e+00, 0.000000000000000e+00, 1.943132602290567e-05, 3.765156121090569e-03, -6.052402077511410e-04, -2.017159145238018e+02, 7.305693413923436e-01, 0.000000000000000e+00
535, 1.103541246533123e-01, -4.042907680308119e-02, 4.411256808098364e-01, 0.000000000000000e+00, 0.000000000000000e+00, 1.015843877799538e+05, 0.000000000000000e+00, 4.063375511198151e+04, 3.208890980731337e+02, 0.000000000000000e+00, 6.923141580936734e-02, 0.000000000000000e+00, 0.000000000000000e+00, 1.943128075565916e-05, 3.765373999733313e-03, -6.046431406147667e-04, -2.017376846973079e+02, 7.305368626994335e-01, 0.000000000000000e+00
536, 1.105161704329015e-01, -4.045508450046756e-02, 4.410601612949331e-01, 0.000000000000000e+00, 0.000000000000000e+00, 1.015689814720706e+05, 0.000000000000000e+00, 4.062759258882823e+04, 3.208880928369998e+02, 0.000000000000000e+00, 6.881323700233072e-02, 0.000000000000000e+00, 0.000000000000000e+00, 1.943123473812363e-05, 3.765594460123586e-03, -6.040371156755070e-04, -2.017599418645140e+02, 7.305035668652793e-01, 0.000000000000000e+00
537, 1.106808989434964e-01, -4.048149450281226e-02, 4.409936452506950e-01, 0.000000000000000e+00, 0.000000000000000e+00, 1.015533405068928e+05, 0.000000000000000e+00, 4.062133620275713e+04, 3.208870709549496e+02, 0.000000000000000e+00, 6.838868881021876e-02, 0.000000000000000e+00, 0.000000000000000e+00, 1.943118795850078e-05, 3.765819303660997e-03, -6.034223045991427e-04, -2.017829411221271e+02, 7.304696168285609e-01, 0.000000000000000e+00
538, 1.108483541407314e-01, -4.050831250807114e-02, 4.409261143064008e-01, 0.000000000000000e+00, 0.000000000000000e+00, 1.015374606042588e+05, 0.000000000000000e+00, 4.061498424170353e+04, 3.208860322554222e+02, 0.000000000000000e+00, 6.795765505510434e-02, 0.000000000000000e+00, 0.000000000000000e+00, 1.943114040893329e-05, 3.766048277707689e-03, -6.027985479930112e-04, -2.018065954085281e+02, 7.304349726131570e-01, 0.000000000000000e+00
539, 1.110185809958179e-01, -4.053554432793734e-02, 4.408575615926206e-01, 0.000000000000000e+00, 0.000000000000000e+00, 1.015213400623145e+05, 0.000000000000000e+00, 4.060853602492579e+04, 3.208849763443775e+02, 0.000000000000000e+00, 6.752008954296627e-02, 0.000000000000000e+00, 0.000000000000000e+00, 1.943109207137904e-05, 3.766280621601656e-03, -6.021655587484931e-04, -2.018309074546696e+02, 7.303995541473588e-01, 0.000000000000000e+00
540, 1.111916469455658e-01, -4.056319931136770e-02, 4.407879507230378e-01, 0.000000000000000e+00, 0.000000000000000e+00, 1.015049703161443e+05, 0.000000000000000e+00, 4.060198812645772e+04, 3.208839026189278e+02, 0.000000000000000e+00, 6.707575979330603e-02, 0.000000000000000e+00, 0.000000000000000e+00, 1.943104291823508e-05, 3.766512316468964e-03, -6.015221245137881e-04, -2.018553615619286e+02, 7.303629351301729e-01, 0.000000000000000e+00
541, 1.113678213067953e-01, -4.059131894279959e-02, 4.407172179745150e-01, 0.000000000000000e+00, 0.000000000000000e+00, 1.014883364816847e+05, 0.000000000000000e+00, 4.059533459267386e+04, 3.208828103992327e+02, 0.000000000000000e+00, 6.662426180277436e-02, 0.000000000000000e+00, 0.000000000000000e+00, 1.943099291837544e-05, 3.766754723792968e-03, -6.008703510728857e-04, -2.018812087922941e+02, 7.303261692680701e-01, 0.000000000000000e+00
542, 1.115469142141124e-01, -4.061987132322658e-02, 4.406453775316989e-01, 0.000000000000000e+00, 0.000000000000000e+00, 1.014714418618402e+05, 0.000000000000000e+00, 4.058857674473607e+04, 3.208816997833918e+02, 0.000000000000000e+00, 6.616568522326800e-02, 0.000000000000000e+00, 0.000000000000000e+00, 1.943094207628667e-05, 3.767005422806734e-03, -6.002092887007165e-04, -2.019081510824273e+02, 7.302890279865903e-01, 0.000000000000000e+00
543, 1.117289736369507e-01, -4.064886252420321e-02, 4.405724704520698e-01, 0.000000000000000e+00, 0.000000000000000e+00, 1.014542960045977e+05, 0.000000000000000e+00, 4.058171840183907e+04, 3.208805710492410e+02, 0.000000000000000e+00, 6.570028921913472e-02, 0.000000000000000e+00, 0.000000000000000e+00, 1.943089040468333e-05, 3.767254722133475e-03, -5.995377349496518e-04, -2.019351612466321e+02, 7.302506117417367e-01, 0.000000000000000e+00
544, 1.119140482761331e-01, -4.067829867688375e-02, 4.404984522165767e-01, 0.000000000000000e+00, 0.000000000000000e+00, 1.014368885330072e+05, 0.000000000000000e+00, 4.057475541320286e+04, 3.208794237834915e+02, 0.000000000000000e+00, 6.522779212518888e-02, 0.000000000000000e+00, 0.000000000000000e+00, 1.943083788464134e-05, 3.767510899682639e-03, -5.988568846211898e-04, -2.019631854174798e+02, 7.302116860590989e-01, 0.000000000000000e+00
545, 1.121021877819954e-01, -4.070818600491745e-02, 4.404233197393336e-01, 0.000000000000000e+00, 0.000000000000000e+00, 1.014192186839234e+05, 0.000000000000000e+00, 4.056768747356936e+04, 3.208782578018937e+02, 0.000000000000000e+00, 6.474817322711326e-02, 0.000000000000000e+00, 0.000000000000000e+00, 1.943078450772149e-05, 3.767770517333888e-03, -5.981660658335194e-04, -2.019918022583173e+02, 7.301719147455915e-01, 0.000000000000000e+00
546, 1.122934425798480e-01, -4.073853079479241e-02, 4.403470543606115e-01, 0.000000000000000e+00, 0.000000000000000e+00, 1.014012820653007e+05, 0.000000000000000e+00, 4.056051282612026e+04, 3.208770727848856e+02, 0.000000000000000e+00, 6.426131331007170e-02, 0.000000000000000e+00, 0.000000000000000e+00, 1.943073025929004e-05, 3.768035698929207e-03, -5.974654905925174e-04, -2.020212908008104e+02, 7.301314879686065e-01, 0.000000000000000e+00
547, 1.124878638906988e-01, -4.076933939727033e-02, 4.402696367438972e-01, 0.000000000000000e+00, 0.000000000000000e+00, 1.013830741485183e+05, 0.000000000000000e+00, 4.055322965940731e+04, 3.208758684731865e+02, 0.000000000000000e+00, 6.376708945212992e-02, 0.000000000000000e+00, 0.000000000000000e+00, 1.943067512747265e-05, 3.768306129946229e-03, -5.967549827775140e-04, -2.020515744905607e+02, 7.300903588747871e-01, 0.000000000000000e+00
548, 1.126855037525991e-01, -4.080061822886087e-02, 4.401910546877034e-01, 0.000000000000000e+00, 0.000000000000000e+00, 1.013645919708766e+05, 0.000000000000000e+00, 4.054583678835063e+04, 3.208746443627877e+02, 0.000000000000000e+00, 6.326542123569276e-02, 0.000000000000000e+00, 0.000000000000000e+00, 1.943061908919147e-05, 3.768580505232227e-03, -5.960340961973073e-04, -2.020825836327426e+02, 7.300483893229209e-01, 0.000000000000000e+00
549, 1.128864737846932e-01, -4.083238305192289e-02, 4.401112615411640e-01, 0.000000000000000e+00, 0.000000000000000e+00, 1.013458245637592e+05, 0.000000000000000e+00, 4.053832982550369e+04, 3.208733997172775e+02, 0.000000000000000e+00, 6.275601093576859e-02, 0.000000000000000e+00, 0.000000000000000e+00, 1.943056211072924e-05, 3.768857133648607e-03, -5.953020647530720e-04, -2.021140499805570e+02, 7.300053713169310e-01, 0.000000000000000e+00
550, 1.130910208632018e-01, -4.086467084870661e-02, 4.400301924780050e-01, 0.000000000000000e+00, 0.000000000000000e+00, 1.013267567512527e+05, 0.000000000000000e+00, 4.053070270050109e+04, 3.208721337291700e+02, 0.000000000000000e+00, 6.223844662722614e-02, 0.000000000000000e+00, 0.000000000000000e+00, 1.943050415511460e-05, 3.769147401371816e-03, -5.945608366844131e-04, -2.021472407629732e+02, 7.299623569183683e-01, 0.000000000000000e+00
551, 1.132989572404008e-01, -4.089744989129743e-02, 4.399478632837995e-01, 0.000000000000000e+00, 0.000000000000000e+00, 1.013073921930558e+05, 0.000000000000000e+00, 4.052295687722231e+04, 3.208708464539899e+02, 0.000000000000000e+00, 6.171282764654724e-02, 0.000000000000000e+00, 0.000000000000000e+00, 1.943044522488372e-05, 3.769446619311720e-03, -5.938089920050413e-04, -2.021816095983890e+02, 7.299188977845718e-01, 0.000000000000000e+00
552, 1.135103384895252e-01, -4.093072685165978e-02, 4.398643148761310e-01, 0.000000000000000e+00, 0.000000000000000e+00, 1.012877404075179e+05, 0.000000000000000e+00, 4.051509616300715e+04, 3.208695381736009e+02, 0.000000000000000e+00, 6.117941235362444e-02, 0.000000000000000e+00, 0.000000000000000e+00, 1.943038533293427e-05, 3.769744740841810e-03, -5.930451697444808e-04, -2.022160996147589e+02, 7.298740590314965e-01, 0.000000000000000e+00
553, 1.137252215248978e-01, -4.096450853646687e-02, 4.397795033203095e-01, 0.000000000000000e+00, 0.000000000000000e+00, 1.012677911663211e+05, 0.000000000000000e+00, 4.050711646652844e+04, 3.208682085118605e+02, 0.000000000000000e+00, 6.063792311764420e-02, 0.000000000000000e+00, 0.000000000000000e+00, 1.943032446204086e-05, 3.770049086777208e-03, -5.922703715304642e-04, -2.022515337487980e+02, 7.298285125437590e-01, 0.000000000000000e+00
554, 1.139436638376328e-01, -4.099880176501235e-02, 4.396934268979312e-01, 0.000000000000000e+00, 0.000000000000000e+00, 1.012475440374642e+05, 0.000000000000000e+00, 4.049901761498566e+04, 3.208668573298745e+02, 0.000000000000000e+00, 6.008834821264435e-02, 0.000000000000000e+00, 0.000000000000000e+00, 1.943026260583899e-05, 3.770356263457856e-03, -5.914839163042954e-04, -2.022875148792014e+02, 7.297819274975607e-01, 0.000000000000000e+00
555, 1.141657239121392e-01, -4.103361343238139e-02, 4.396060662847099e-01, 0.000000000000000e+00, 0.000000000000000e+00, 1.012269944954290e+05, 0.000000000000000e+00, 4.049079779817160e+04, 3.208654843631887e+02, 0.000000000000000e+00, 5.953056480090448e-02, 0.000000000000000e+00, 0.000000000000000e+00, 1.943019975221589e-05, 3.770668148814920e-03, -5.906859516795612e-04, -2.023242812734688e+02, 7.297344690290101e-01, 0.000000000000000e+00
556, 1.143914612526493e-01, -4.106895051101955e-02, 4.395174044008920e-01, 0.000000000000000e+00, 0.000000000000000e+00, 1.012061385419901e+05, 0.000000000000000e+00, 4.048245541679605e+04, 3.208640893796552e+02, 0.000000000000000e+00, 5.896446435719018e-02, 0.000000000000000e+00, 0.000000000000000e+00, 1.943013589053759e-05, 3.770984155700320e-03, -5.898762370977480e-04, -2.023617478374369e+02, 7.296860653944921e-01, 0.000000000000000e+00
557, 1.146209364088748e-01, -4.110482005207730e-02, 4.394274267419211e-01, 0.000000000000000e+00, 0.000000000000000e+00, 1.011849726928451e+05, 0.000000000000000e+00, 4.047398907713803e+04, 3.208626718956431e+02, 0.000000000000000e+00, 5.838995230586051e-02, 0.000000000000000e+00, 0.000000000000000e+00, 1.943007099865712e-05, 3.771301932538356e-03, -5.890540533500028e-04, -2.023997110719354e+02, 7.296364738095610e-01, 0.000000000000000e+00
558, 1.148543179326101e-01, -4.114124586374606e-02, 4.393360785896490e-01, 0.000000000000000e+00, 0.000000000000000e+00, 1.011634841222466e+05, 0.000000000000000e+00, 4.046539364889864e+04, 3.208612311674606e+02, 0.000000000000000e+00, 5.780668051316929e-02, 0.000000000000000e+00, 0.000000000000000e+00, 1.943000504252164e-05, 3.771621929083595e-03, -5.882190452333301e-04, -2.024381363662015e+02, 7.295856876295953e-01, 0.000000000000000e+00
559, 1.150918152951032e-01, -4.117825793479348e-02, 4.392433005304422e-01, 0.000000000000000e+00, 0.000000000000000e+00, 1.011416589274639e+05, 0.000000000000000e+00, 4.045666357098555e+04, 3.208597664630257e+02, 0.000000000000000e+00, 5.721427161242684e-02, 0.000000000000000e+00, 0.000000000000000e+00, 1.942993798860944e-05, 3.771954677553201e-03, -5.873729194994927e-04, -2.024782000865757e+02, 7.295346782437979e-01, 0.000000000000000e+00
560, 1.153332487616545e-01, -4.121582549774013e-02, 4.391491179983456e-01, 0.000000000000000e+00, 0.000000000000000e+00, 1.011195030388233e+05, 0.000000000000000e+00, 4.044780121552930e+04, 3.208582779870816e+02, 0.000000000000000e+00, 5.661288657255790e-02, 0.000000000000000e+00, 0.000000000000000e+00, 1.942986984628619e-05, 3.772293689689793e-03, -5.865141148469642e-04, -2.025191662474186e+02, 7.294828336996969e-01, 0.000000000000000e+00
561, 1.155786831039564e-01, -4.125395586964343e-02, 4.390535689761946e-01, 0.000000000000000e+00, 0.000000000000000e+00, 1.010970253129692e+05, 0.000000000000000e+00, 4.043881012518768e+04, 3.208567660612825e+02, 0.000000000000000e+00, 5.600276579256316e-02, 0.000000000000000e+00, 0.000000000000000e+00, 1.942980063026975e-05, 3.772630826153853e-03, -5.856415876202937e-04, -2.025602010692216e+02, 7.294294023610245e-01, 0.000000000000000e+00
562, 1.158281842894329e-01, -4.129265645248090e-02, 4.389566103553891e-01, 0.000000000000000e+00, 0.000000000000000e+00, 1.010742157304547e+05, 0.000000000000000e+00, 4.042968629218188e+04, 3.208552303601642e+02, 0.000000000000000e+00, 5.538363731108497e-02, 0.000000000000000e+00, 0.000000000000000e+00, 1.942973032565276e-05, 3.772972870379153e-03, -5.847562226985799e-04, -2.026020444882232e+02, 7.293750035001227e-01, 0.000000000000000e+00
563, 1.160818191135941e-01, -4.133193467378728e-02, 4.388582414182173e-01, 0.000000000000000e+00, 0.000000000000000e+00, 1.010510741024286e+05, 0.000000000000000e+00, 4.042042964097144e+04, 3.208536707782634e+02, 0.000000000000000e+00, 5.475549600206983e-02, 0.000000000000000e+00, 0.000000000000000e+00, 1.942965892759933e-05, 3.773316682199611e-03, -5.838573681077182e-04, -2.026443447899674e+02, 7.293193318338707e-01, 0.000000000000000e+00
564, 1.163396556228458e-01, -4.137179804904972e-02, 4.387584414362774e-01, 0.000000000000000e+00, 0.000000000000000e+00, 1.010275955972699e+05, 0.000000000000000e+00, 4.041103823890796e+04, 3.208520870979187e+02, 0.000000000000000e+00, 5.411821071913915e-02, 0.000000000000000e+00, 0.000000000000000e+00, 1.942958642613695e-05, 3.773663899764571e-03, -5.829451126721431e-04, -2.026872951934486e+02, 7.292625275621309e-01, 0.000000000000000e+00
565, 1.166017631455189e-01, -4.141225418297634e-02, 4.386571963043246e-01, 0.000000000000000e+00, 0.000000000000000e+00, 1.010037769093995e+05, 0.000000000000000e+00, 4.040151076375979e+04, 3.208504791037283e+02, 0.000000000000000e+00, 5.347169173780092e-02, 0.000000000000000e+00, 0.000000000000000e+00, 1.942951281139627e-05, 3.774013534931352e-03, -5.820191383871158e-04, -2.027307924138858e+02, 7.292044825375192e-01, 0.000000000000000e+00
566, 1.168682117276545e-01, -4.145331067900259e-02, 4.385544887656805e-01, 0.000000000000000e+00, 0.000000000000000e+00, 1.009796139369286e+05, 0.000000000000000e+00, 4.039184557477145e+04, 3.208488463548484e+02, 0.000000000000000e+00, 5.281582771905453e-02, 0.000000000000000e+00, 0.000000000000000e+00, 1.942943806318689e-05, 3.774362085766119e-03, -5.810784254374191e-04, -2.027744795765981e+02, 7.291448390571834e-01, 0.000000000000000e+00
567, 1.171392417163303e-01, -4.149500119943544e-02, 4.384502554176400e-01, 0.000000000000000e+00, 0.000000000000000e+00, 1.009550918555203e+05, 0.000000000000000e+00, 4.038203674220813e+04, 3.208471881006050e+02, 0.000000000000000e+00, 5.215021628073198e-02, 0.000000000000000e+00, 0.000000000000000e+00, 1.942936214713379e-05, 3.774712507877238e-03, -5.801231139534989e-04, -2.028186023054941e+02, 7.290838265005507e-01, 0.000000000000000e+00
568, 1.174150078174645e-01, -4.153734596636718e-02, 4.383444430370677e-01, 0.000000000000000e+00, 0.000000000000000e+00, 1.009301982178003e+05, 0.000000000000000e+00, 4.037207928712010e+04, 3.208455036933017e+02, 0.000000000000000e+00, 5.147451955939603e-02, 0.000000000000000e+00, 0.000000000000000e+00, 1.942928503357588e-05, 3.775073898063992e-03, -5.791545633919525e-04, -2.028641747433689e+02, 7.290222800686401e-01, 0.000000000000000e+00
569, 1.176953454812903e-01, -4.158031609442629e-02, 4.382370925170632e-01, 0.000000000000000e+00, 0.000000000000000e+00, 1.009049425794819e+05, 0.000000000000000e+00, 4.036197703179276e+04, 3.208437935409331e+02, 0.000000000000000e+00, 5.078899692912109e-02, 0.000000000000000e+00, 0.000000000000000e+00, 1.942920674118222e-05, 3.775437617382539e-03, -5.781711254932259e-04, -2.029102404647030e+02, 7.289593970712299e-01, 0.000000000000000e+00
570, 1.179803300327725e-01, -4.162391950157435e-02, 4.381282344110929e-01, 0.000000000000000e+00, 0.000000000000000e+00, 1.008793320897023e+05, 0.000000000000000e+00, 4.035173283588090e+04, 3.208420579697075e+02, 0.000000000000000e+00, 5.009384244143493e-02, 0.000000000000000e+00, 0.000000000000000e+00, 1.942912728487763e-05, 3.775798825686608e-03, -5.771723365084416e-04, -2.029563378590762e+02, 7.288947403219156e-01, 0.000000000000000e+00
571, 1.182700378852252e-01, -4.166816414271112e-02, 4.380178262328561e-01, 0.000000000000000e+00, 0.000000000000000e+00, 1.008533568787801e+05, 0.000000000000000e+00, 4.034134275151204e+04, 3.208402966652378e+02, 0.000000000000000e+00, 4.938878820012740e-02, 0.000000000000000e+00, 0.000000000000000e+00, 1.942904665025971e-05, 3.776163693374314e-03, -5.761589734089122e-04, -2.030031151553680e+02, 7.288288694500107e-01, 0.000000000000000e+00
572, 1.185645469685927e-01, -4.171305807111806e-02, 4.379058664885679e-01, 0.000000000000000e+00, 0.000000000000000e+00, 1.008270165713316e+05, 0.000000000000000e+00, 4.033080662853265e+04, 3.208385094893031e+02, 0.000000000000000e+00, 4.867382401602251e-02, 0.000000000000000e+00, 0.000000000000000e+00, 1.942896483099091e-05, 3.776529598796872e-03, -5.751304679753092e-04, -2.030502953879228e+02, 7.287615291413652e-01, 0.000000000000000e+00
573, 1.188639361704254e-01, -4.175860934902057e-02, 4.377923311657423e-01, 0.000000000000000e+00, 0.000000000000000e+00, 1.008003055765649e+05, 0.000000000000000e+00, 4.032012223062594e+04, 3.208366962057374e+02, 0.000000000000000e+00, 4.794879813629751e-02, 0.000000000000000e+00, 0.000000000000000e+00, 1.942888181624936e-05, 3.776897989495967e-03, -5.740868728330110e-04, -2.030980291612562e+02, 7.286928382560403e-01, 0.000000000000000e+00
574, 1.191682857628201e-01, -4.180482610863189e-02, 4.376772088213306e-01, 0.000000000000000e+00, 0.000000000000000e+00, 1.007732211928529e+05, 0.000000000000000e+00, 4.030928847714117e+04, 3.208348565615975e+02, 0.000000000000000e+00, 4.721363722974965e-02, 0.000000000000000e+00, 0.000000000000000e+00, 1.942879759444485e-05, 3.777267571303280e-03, -5.730278230773742e-04, -2.031462131851898e+02, 7.286226615995992e-01, 0.000000000000000e+00
575, 1.194776776365326e-01, -4.185171658318306e-02, 4.375604762622196e-01, 0.000000000000000e+00, 0.000000000000000e+00, 1.007457579529855e+05, 0.000000000000000e+00, 4.029830318119418e+04, 3.208329901112018e+02, 0.000000000000000e+00, 4.646819289797318e-02, 0.000000000000000e+00, 0.000000000000000e+00, 1.942871214516301e-05, 3.777633921724692e-03, -5.719520300611242e-04, -2.031943480700024e+02, 7.285505465284595e-01, 0.000000000000000e+00
576, 1.197924426897427e-01, -4.189932648342393e-02, 4.374420578147589e-01, 0.000000000000000e+00, 0.000000000000000e+00, 1.007178981543821e+05, 0.000000000000000e+00, 4.028715926175281e+04, 3.208310959228973e+02, 0.000000000000000e+00, 4.571198463363225e-02, 0.000000000000000e+00, 0.000000000000000e+00, 1.942862542574035e-05, 3.778003043404150e-03, -5.708602550741769e-04, -2.032430320400123e+02, 7.284770077255347e-01, 0.000000000000000e+00
577, 1.201126575231045e-01, -4.194766271553154e-02, 4.373219042360046e-01, 0.000000000000000e+00, 0.000000000000000e+00, 1.006896302659489e+05, 0.000000000000000e+00, 4.027585210637953e+04, 3.208291733362438e+02, 0.000000000000000e+00, 4.494469944421137e-02, 0.000000000000000e+00, 0.000000000000000e+00, 1.942853740592942e-05, 3.778382694553692e-03, -5.697534623398498e-04, -2.032931196097990e+02, 7.284027514283663e-01, 0.000000000000000e+00
578, 1.204381822393887e-01, -4.199669945326918e-02, 4.372000754125205e-01, 0.000000000000000e+00, 0.000000000000000e+00, 1.006609682798072e+05, 0.000000000000000e+00, 4.026438731192289e+04, 3.208272229546037e+02, 0.000000000000000e+00, 4.416671712275797e-02, 0.000000000000000e+00, 0.000000000000000e+00, 1.942844811334186e-05, 3.778761242468841e-03, -5.686297439797071e-04, -2.033433503447323e+02, 7.283267057840697e-01, 0.000000000000000e+00
579, 1.207691042817517e-01, -4.204644512816737e-02, 4.370765888150097e-01, 0.000000000000000e+00, 0.000000000000000e+00, 1.006319163163557e+05, 0.000000000000000e+00, 4.025276652654228e+04, 3.208252450446393e+02, 0.000000000000000e+00, 4.337814951069065e-02, 0.000000000000000e+00, 0.000000000000000e+00, 1.942835756017460e-05, 3.779137198113083e-03, -5.674891242909058e-04, -2.033936298283672e+02, 7.282487462695654e-01, 0.000000000000000e+00
580, 1.211055125171870e-01, -4.209690821921439e-02, 4.369514063576891e-01, 0.000000000000000e+00, 0.000000000000000e+00, 1.006024655348095e+05, 0.000000000000000e+00, 4.024098621392380e+04, 3.208232393308231e+02, 0.000000000000000e+00, 4.257875663949445e-02, 0.000000000000000e+00, 0.000000000000000e+00, 1.942826573380173e-05, 3.779515169701715e-03, -5.663321318561568e-04, -2.034444143795779e+02, 7.281692846533673e-01, 0.000000000000000e+00
581, 1.214474974732543e-01, -4.214809728330628e-02, 4.368245255531699e-01, 0.000000000000000e+00, 0.000000000000000e+00, 1.005726153236482e+05, 0.000000000000000e+00, 4.022904612945926e+04, 3.208212056420108e+02, 0.000000000000000e+00, 4.176852191045543e-02, 0.000000000000000e+00, 0.000000000000000e+00, 1.942817262637599e-05, 3.779893187876408e-03, -5.651583074273894e-04, -2.034955202897523e+02, 7.280881283603688e-01, 0.000000000000000e+00
582, 1.217951507828497e-01, -4.220002086700275e-02, 4.366959197374453e-01, 0.000000000000000e+00, 0.000000000000000e+00, 1.005423594876227e+05, 0.000000000000000e+00, 4.021694379504906e+04, 3.208191437505038e+02, 0.000000000000000e+00, 4.094727716376096e-02, 0.000000000000000e+00, 0.000000000000000e+00, 1.942807822746062e-05, 3.780272438017696e-03, -5.639676648042856e-04, -2.035470442428472e+02, 7.280053686826752e-01, 0.000000000000000e+00
583, 1.221485660144837e-01, -4.225268762554950e-02, 4.365655811881474e-01, 0.000000000000000e+00, 0.000000000000000e+00, 1.005116961758958e+05, 0.000000000000000e+00, 4.020467847035833e+04, 3.208170533742663e+02, 0.000000000000000e+00, 4.011497216148970e-02, 0.000000000000000e+00, 0.000000000000000e+00, 1.942798252413086e-05, 3.780651388665876e-03, -5.627598142148740e-04, -2.035988985792754e+02, 7.279208512136153e-01, 0.000000000000000e+00
584, 1.225078379219710e-01, -4.230610620542027e-02, 4.364334798544488e-01, 0.000000000000000e+00, 0.000000000000000e+00, 1.004806183486972e+05, 0.000000000000000e+00, 4.019224733947888e+04, 3.208149340761316e+02, 0.000000000000000e+00, 3.927141582068909e-02, 0.000000000000000e+00, 0.000000000000000e+00, 1.942788549635924e-05, 3.781024533848515e-03, -5.615331582172629e-04, -2.036504118624506e+02, 7.278340121237030e-01, 0.000000000000000e+00
585, 1.228734113275306e-01, -4.236033693441021e-02, 4.362995272953668e-01, 0.000000000000000e+00, 0.000000000000000e+00, 1.004491052977309e+05, 0.000000000000000e+00, 4.017964211909236e+04, 3.208127846973171e+02, 0.000000000000000e+00, 3.841604604883501e-02, 0.000000000000000e+00, 0.000000000000000e+00, 1.942778709107997e-05, 3.781401450387521e-03, -5.602891976890104e-04, -2.037026062831826e+02, 7.277457012494541e-01, 0.000000000000000e+00
586, 1.232452553763196e-01, -4.241536914385186e-02, 4.361636774762334e-01, 0.000000000000000e+00, 0.000000000000000e+00, 1.004171462385133e+05, 0.000000000000000e+00, 4.016685849540532e+04, 3.208106045884845e+02, 0.000000000000000e+00, 3.754857011891401e-02, 0.000000000000000e+00, 0.000000000000000e+00, 1.942768727855043e-05, 3.781788471118191e-03, -5.590284525963842e-04, -2.037561522971738e+02, 7.276564869502117e-01, 0.000000000000000e+00
587, 1.236232670944397e-01, -4.247118150233014e-02, 4.360260174626903e-01, 0.000000000000000e+00, 0.000000000000000e+00, 1.003847615160425e+05, 0.000000000000000e+00, 4.015390460641697e+04, 3.208083946517530e+02, 0.000000000000000e+00, 3.666954026232880e-02, 0.000000000000000e+00, 0.000000000000000e+00, 1.942758610005858e-05, 3.782170204397121e-03, -5.577487201303031e-04, -2.038094200839145e+02, 7.275649632522001e-01, 0.000000000000000e+00
588, 1.240075482834088e-01, -4.252778288260933e-02, 4.358865441157013e-01, 0.000000000000000e+00, 0.000000000000000e+00, 1.003519504661596e+05, 0.000000000000000e+00, 4.014078018646382e+04, 3.208061550184248e+02, 0.000000000000000e+00, 3.577893845158616e-02, 0.000000000000000e+00, 0.000000000000000e+00, 1.942748356160191e-05, 3.782549609608456e-03, -5.564506479546605e-04, -2.038627873495298e+02, 7.274714164847872e-01, 0.000000000000000e+00
589, 1.243982023622660e-01, -4.258518218346054e-02, 4.357452271844346e-01, 0.000000000000000e+00, 0.000000000000000e+00, 1.003187060736498e+05, 0.000000000000000e+00, 4.012748242945991e+04, 3.208038854696738e+02, 0.000000000000000e+00, 3.487657427025261e-02, 0.000000000000000e+00, 0.000000000000000e+00, 1.942737965314762e-05, 3.782929133148213e-03, -5.551344458077777e-04, -2.039164608559948e+02, 7.273760564022460e-01, 0.000000000000000e+00
590, 1.247953342133005e-01, -4.264338830111254e-02, 4.356020619282338e-01, 0.000000000000000e+00, 0.000000000000000e+00, 1.002850271935341e+05, 0.000000000000000e+00, 4.011401087741364e+04, 3.208015857761807e+02, 0.000000000000000e+00, 3.396241663976302e-02, 0.000000000000000e+00, 0.000000000000000e+00, 1.942727436418211e-05, 3.783307723586420e-03, -5.537998102790716e-04, -2.039703771379185e+02, 7.272787776782702e-01, 0.000000000000000e+00
591, 1.251990504217669e-01, -4.270241015850707e-02, 4.354570191830257e-01, 0.000000000000000e+00, 0.000000000000000e+00, 1.002509070618440e+05, 0.000000000000000e+00, 4.010036282473757e+04, 3.207992557195198e+02, 0.000000000000000e+00, 3.303628196334993e-02, 0.000000000000000e+00, 0.000000000000000e+00, 1.942716768469024e-05, 3.783686257989883e-03, -5.524467232692579e-04, -2.040245731329092e+02, 7.271796400443028e-01, 0.000000000000000e+00
592, 1.256094597195678e-01, -4.276225676366480e-02, 4.353100952597737e-01, 0.000000000000000e+00, 0.000000000000000e+00, 1.002163447439162e+05, 0.000000000000000e+00, 4.008653789756649e+04, 3.207968949658890e+02, 0.000000000000000e+00, 3.209814487112784e-02, 0.000000000000000e+00, 0.000000000000000e+00, 1.942705959937407e-05, 3.784063039818532e-03, -5.510747939367416e-04, -2.040789916799909e+02, 7.270784774321324e-01, 0.000000000000000e+00
593, 1.260266722415119e-01, -4.282293709449474e-02, 4.351612516620323e-01, 0.000000000000000e+00, 0.000000000000000e+00, 1.001813312662542e+05, 0.000000000000000e+00, 4.007253250650169e+04, 3.207945030982156e+02, 0.000000000000000e+00, 3.114776179233323e-02, 0.000000000000000e+00, 0.000000000000000e+00, 1.942695008912275e-05, 3.784431367894382e-03, -5.496820894384865e-04, -2.041327638395177e+02, 7.269746031637772e-01, 0.000000000000000e+00
594, 1.264512746853943e-01, -4.288452892673312e-02, 4.350103856573864e-01, 0.000000000000000e+00, 0.000000000000000e+00, 1.001458425294006e+05, 0.000000000000000e+00, 4.005833701176023e+04, 3.207920786148560e+02, 0.000000000000000e+00, 3.018447858696050e-02, 0.000000000000000e+00, 0.000000000000000e+00, 1.942683908516823e-05, 3.784804933783473e-03, -5.482709711044041e-04, -2.041874086744602e+02, 7.268692521775713e-01, 0.000000000000000e+00
595, 1.268830919155828e-01, -4.294699898264769e-02, 4.348574521763308e-01, 0.000000000000000e+00, 0.000000000000000e+00, 1.001098679727660e+05, 0.000000000000000e+00, 4.004394718910640e+04, 3.207896208552269e+02, 0.000000000000000e+00, 2.920800860523838e-02, 0.000000000000000e+00, 0.000000000000000e+00, 1.942672655724900e-05, 3.785188668873717e-03, -5.468414822358807e-04, -2.042433962303954e+02, 7.267628556433234e-01, 0.000000000000000e+00
596, 1.273220739417710e-01, -4.301033220835095e-02, 4.347025744359092e-01, 0.000000000000000e+00, 0.000000000000000e+00, 1.000734363839337e+05, 0.000000000000000e+00, 4.002937455357347e+04, 3.207871311006813e+02, 0.000000000000000e+00, 2.821913323861266e-02, 0.000000000000000e+00, 0.000000000000000e+00, 1.942661256401447e-05, 3.785562558996212e-03, -5.453910951740642e-04, -2.042986583686375e+02, 7.266536004746370e-01, 0.000000000000000e+00
597, 1.277683387281503e-01, -4.307453768292836e-02, 4.345457186952142e-01, 0.000000000000000e+00, 0.000000000000000e+00, 1.000365399764387e+05, 0.000000000000000e+00, 4.001461599057548e+04, 3.207846092227001e+02, 0.000000000000000e+00, 2.721764113634172e-02, 0.000000000000000e+00, 0.000000000000000e+00, 1.942649709956344e-05, 3.785935351275226e-03, -5.439212276394240e-04, -2.043541674406308e+02, 7.265423022171075e-01, 0.000000000000000e+00
598, 1.282220065035410e-01, -4.313962454389644e-02, 4.343868657851992e-01, 0.000000000000000e+00, 0.000000000000000e+00, 9.999917430355525e+04, 0.000000000000000e+00, 3.999966972142209e+04, 3.207820550434000e+02, 0.000000000000000e+00, 2.620341159938893e-02, 0.000000000000000e+00, 0.000000000000000e+00, 1.942638015573426e-05, 3.786306650874107e-03, -5.424316960099712e-04, -2.044098186219722e+02, 7.264289071029594e-01, 0.000000000000000e+00
599, 1.286831990236547e-01, -4.320560187488652e-02, 4.342260058508940e-01, 0.000000000000000e+00, 0.000000000000000e+00, 9.996133700450759e+04, 0.000000000000000e+00, 3.998453480180302e+04, 3.207794681965213e+02, 0.000000000000000e+00, 2.517638054839350e-02, 0.000000000000000e+00, 0.000000000000000e+00, 1.942626171574000e-05, 3.786676751930913e-03, -5.409224226806401e-04, -2.044657078659084e+02, 7.263134356931740e-01, 0.000000000000000e+00
600, 1.291520406117289e-01, -4.327247884753357e-02, 4.340631056706557e-01, 0.000000000000000e+00, 0.000000000000000e+00, 9.992302036855140e+04, 0.000000000000000e+00, 3.996920814742055e+04, 3.207768484076406e+02, 0.000000000000000e+00, 2.413633868792409e-02, 0.000000000000000e+00, 0.000000000000000e+00, 1.942614176699801e-05, 3.787046334588819e-03, -5.393933739067394e-04, -2.045218299810870e+02, 7.261959257040146e-01, 0.000000000000000e+00
601, 1.296286570235377e-01, -4.334026454742532e-02, 4.338981641657790e-01, 0.000000000000000e+00, 0.000000000000000e+00, 9.988422402584839e+04, 0.000000000000000e+00, 3.995368961033935e+04, 3.207741952124485e+02, 0.000000000000000e+00, 2.308327597933006e-02, 0.000000000000000e+00, 0.000000000000000e+00, 1.942602028823116e-05, 3.787413480958003e-03, -5.378440950947812e-04, -2.045781513346348e+02, 7.260761922922123e-01, 0.000000000000000e+00
602, 1.301131764925247e-01, -4.340896810614470e-02, 4.337311334236190e-01, 0.000000000000000e+00, 0.000000000000000e+00, 9.984493685981401e+04, 0.000000000000000e+00, 3.993797474392560e+04, 3.207715082555773e+02, 0.000000000000000e+00, 2.201689068126555e-02, 0.000000000000000e+00, 0.000000000000000e+00, 1.942589726314968e-05, 3.787769620685953e-03, -5.362721485661657e-04, -2.046335244569038e+02, 7.259533600808027e-01, 0.000000000000000e+00
603, 1.306063619937407e-01, -4.347868794629603e-02, 4.335618970316052e-01, 0.000000000000000e+00, 0.000000000000000e+00, 9.980513149497171e+04, 0.000000000000000e+00, 3.992205259798867e+04, 3.207687856030354e+02, 0.000000000000000e+00, 2.093643973158880e-02, 0.000000000000000e+00, 0.000000000000000e+00, 1.942577260318397e-05, 3.788132727089184e-03, -5.346808065844757e-04, -2.046899916584737e+02, 7.258290641803533e-01, 0.000000000000000e+00
604, 1.311078484719439e-01, -4.354936234640975e-02, 4.333904089288884e-01, 0.000000000000000e+00, 0.000000000000000e+00, 9.976479716220048e+04, 0.000000000000000e+00, 3.990591886488019e+04, 3.207660266374158e+02, 0.000000000000000e+00, 1.984163082028084e-02, 0.000000000000000e+00, 0.000000000000000e+00, 1.942564628004446e-05, 3.788506415186711e-03, -5.330695996778210e-04, -2.047478229643957e+02, 7.257036052737501e-01, 0.000000000000000e+00
605, 1.316176581360815e-01, -4.362098445332906e-02, 4.332168418713511e-01, 0.000000000000000e+00, 0.000000000000000e+00, 9.972397422739872e+04, 0.000000000000000e+00, 3.988958969095948e+04, 3.207632331976835e+02, 0.000000000000000e+00, 1.873355961304848e-02, 0.000000000000000e+00, 0.000000000000000e+00, 1.942551837791004e-05, 3.788864693217779e-03, -5.314355715539601e-04, -2.048043852377542e+02, 7.255746470568661e-01, 0.000000000000000e+00
606, 1.321359281468348e-01, -4.369356335485607e-02, 4.330411218941673e-01, 0.000000000000000e+00, 0.000000000000000e+00, 9.968264556032253e+04, 0.000000000000000e+00, 3.987305822412900e+04, 3.207604048670976e+02, 0.000000000000000e+00, 1.761176113768639e-02, 0.000000000000000e+00, 0.000000000000000e+00, 1.942538887767897e-05, 3.789223350779031e-03, -5.297810099632794e-04, -2.048613667390761e+02, 7.254436434169972e-01, 0.000000000000000e+00
607, 1.326627980583516e-01, -4.376710813945576e-02, 4.328632484336469e-01, 0.000000000000000e+00, 0.000000000000000e+00, 9.964081104092019e+04, 0.000000000000000e+00, 3.985632441636807e+04, 3.207575415922039e+02, 0.000000000000000e+00, 1.647623213558925e-02, 0.000000000000000e+00, 0.000000000000000e+00, 1.942525777688277e-05, 3.789578067766175e-03, -5.281052168646633e-04, -2.049182339212107e+02, 7.253101808789986e-01, 0.000000000000000e+00
608, 1.331984096821436e-01, -4.384162787063729e-02, 4.326832063558433e-01, 0.000000000000000e+00, 0.000000000000000e+00, 9.959846708460775e+04, 0.000000000000000e+00, 3.983938683384309e+04, 3.207546429621065e+02, 0.000000000000000e+00, 1.532687530913917e-02, 0.000000000000000e+00, 0.000000000000000e+00, 1.942512505668636e-05, 3.789930604671810e-03, -5.264083609686073e-04, -2.049752642739181e+02, 7.251744167771924e-01, 0.000000000000000e+00
609, 1.337429069475914e-01, -4.391713155923856e-02, 4.325009628638772e-01, 0.000000000000000e+00, 0.000000000000000e+00, 9.955560609996575e+04, 0.000000000000000e+00, 3.982224243998629e+04, 3.207517087535988e+02, 0.000000000000000e+00, 1.416348460178146e-02, 0.000000000000000e+00, 0.000000000000000e+00, 1.942499070684790e-05, 3.790280978505848e-03, -5.246903728521656e-04, -2.050323426584605e+02, 7.250363265033251e-01, 0.000000000000000e+00
610, 1.342964365591928e-01, -4.399362824601519e-02, 4.323165219698579e-01, 0.000000000000000e+00, 0.000000000000000e+00, 9.951222888474345e+04, 0.000000000000000e+00, 3.980489155389737e+04, 3.207487384714696e+02, 0.000000000000000e+00, 1.298608166710430e-02, 0.000000000000000e+00, 0.000000000000000e+00, 1.942485470467063e-05, 3.790627484665818e-03, -5.229509540945922e-04, -2.050895285810774e+02, 7.248957522617385e-01, 0.000000000000000e+00
611, 1.348591472652920e-01, -4.407112689154220e-02, 4.321298237879065e-01, 0.000000000000000e+00, 0.000000000000000e+00, 9.946832157752493e+04, 0.000000000000000e+00, 3.978732863100996e+04, 3.207457317765982e+02, 0.000000000000000e+00, 1.179429025984246e-02, 0.000000000000000e+00, 0.000000000000000e+00, 1.942471703460412e-05, 3.790960465891799e-03, -5.211873970336463e-04, -2.051454583633709e+02, 7.247517053922501e-01, 0.000000000000000e+00
612, 1.354320195454380e-01, -4.414975003785181e-02, 4.319407315976598e-01, 0.000000000000000e+00, 0.000000000000000e+00, 9.942385191973593e+04, 0.000000000000000e+00, 3.976954076789437e+04, 3.207426860313544e+02, 0.000000000000000e+00, 1.058723477422525e-02, 0.000000000000000e+00, 0.000000000000000e+00, 1.942457757585287e-05, 3.791303407593940e-03, -5.194041269512095e-04, -2.052028524511850e+02, 7.246063322223127e-01, 0.000000000000000e+00
613, 1.360144418960295e-01, -4.422940090302007e-02, 4.317491916234398e-01, 0.000000000000000e+00, 0.000000000000000e+00, 9.937880733956276e+04, 0.000000000000000e+00, 3.975152293582509e+04, 3.207396005080268e+02, 0.000000000000000e+00, 9.364573969112954e-03, 0.000000000000000e+00, 0.000000000000000e+00, 1.942443629507091e-05, 3.791658896314297e-03, -5.176001843353007e-04, -2.052617717099362e+02, 7.244598257789074e-01, 0.000000000000000e+00
614, 1.366065334928717e-01, -4.431008319342312e-02, 4.315554361744207e-01, 0.000000000000000e+00, 0.000000000000000e+00, 9.933324209037672e+04, 0.000000000000000e+00, 3.973329683615068e+04, 3.207364776249278e+02, 0.000000000000000e+00, 8.127780462752018e-03, 0.000000000000000e+00, 0.000000000000000e+00, 1.942429330296330e-05, 3.791994020929578e-03, -5.157722726867885e-04, -2.053189654513059e+02, 7.243092499765397e-01, 0.000000000000000e+00
615, 1.372084536620462e-01, -4.439180573772555e-02, 4.313593313420653e-01, 0.000000000000000e+00, 0.000000000000000e+00, 9.928712504508201e+04, 0.000000000000000e+00, 3.971485001803279e+04, 3.207333162982997e+02, 0.000000000000000e+00, 6.876009361486034e-03, 0.000000000000000e+00, 0.000000000000000e+00, 1.942414854988124e-05, 3.792334042048694e-03, -5.139238832609996e-04, -2.053770629912419e+02, 7.241569100331774e-01, 0.000000000000000e+00
616, 1.378203647345481e-01, -4.447457736994583e-02, 4.311608917736570e-01, 0.000000000000000e+00, 0.000000000000000e+00, 9.924045952493252e+04, 0.000000000000000e+00, 3.969618380997300e+04, 3.207301162620392e+02, 0.000000000000000e+00, 5.609350815272980e-03, 0.000000000000000e+00, 0.000000000000000e+00, 1.942400202361433e-05, 3.792670729089892e-03, -5.120538864268012e-04, -2.054351303913385e+02, 7.240020342240617e-01, 0.000000000000000e+00
617, 1.384424311202553e-01, -4.455840679496803e-02, 4.309600835330786e-01, 0.000000000000000e+00, 0.000000000000000e+00, 9.919323751393889e+04, 0.000000000000000e+00, 3.967729500557554e+04, 3.207268767478924e+02, 0.000000000000000e+00, 4.327587243306345e-03, 0.000000000000000e+00, 0.000000000000000e+00, 1.942385368895844e-05, 3.793008187416029e-03, -5.101628378792279e-04, -2.054937074031098e+02, 7.238449890705779e-01, 0.000000000000000e+00
618, 1.390748203731582e-01, -4.464330272379827e-02, 4.307568668724844e-01, 0.000000000000000e+00, 0.000000000000000e+00, 9.914544968679553e+04, 0.000000000000000e+00, 3.965817987471820e+04, 3.207235970755548e+02, 0.000000000000000e+00, 3.030465525554365e-03, 0.000000000000000e+00, 0.000000000000000e+00, 1.942370351473557e-05, 3.793346279228360e-03, -5.082507288616453e-04, -2.055526525986098e+02, 7.236857309652001e-01, 0.000000000000000e+00
619, 1.397177026612314e-01, -4.472927379272851e-02, 4.305512330934477e-01, 0.000000000000000e+00, 0.000000000000000e+00, 9.909709382452939e+04, 0.000000000000000e+00, 3.963883752981175e+04, 3.207202764310985e+02, 0.000000000000000e+00, 1.717925431653683e-03, 0.000000000000000e+00, 0.000000000000000e+00, 1.942355146364820e-05, 3.793683565899843e-03, -5.063172900347299e-04, -2.056120908012665e+02, 7.235241174492917e-01, 0.000000000000000e+00
620, 1.403713152217172e-01, -4.481633712344268e-02, 4.303430939077359e-01, 0.000000000000000e+00, 0.000000000000000e+00, 9.904814931483660e+04, 0.000000000000000e+00, 3.961925972593463e+04, 3.207169137549723e+02, 0.000000000000000e+00, 3.894074746266084e-04, 0.000000000000000e+00, 0.000000000000000e+00, 1.942339748715059e-05, 3.794012471286984e-03, -5.043602132310031e-04, -2.056708245273807e+02, 7.233593389975470e-01, 0.000000000000000e+00
621, 1.410367136225815e-01, -4.490461761533195e-02, 4.301322933963908e-01, 0.000000000000000e+00, 0.000000000000000e+00, 9.899857925567676e+04, 0.000000000000000e+00, 3.959943170227070e+04, 3.207135056360695e+02, 0.000000000000000e+00, -9.560899905248321e-04, 0.000000000000000e+00, 0.000000000000000e+00, 1.942324142901735e-05, 3.794358829369353e-03, -5.023842909881916e-04, -2.057318924674055e+02, 7.231937455292453e-01, 0.000000000000000e+00
622, 1.417131627901980e-01, -4.499400169593581e-02, 4.299187619143094e-01, 0.000000000000000e+00, 0.000000000000000e+00, 9.894836718772791e+04, 0.000000000000000e+00, 3.957934687509116e+04, 3.207100505502639e+02, 0.000000000000000e+00, -2.319013724937799e-03, 0.000000000000000e+00, 0.000000000000000e+00, 1.942308321942511e-05, 3.794724857276948e-03, -5.003885233135939e-04, -2.057952330737611e+02, 7.230274831423124e-01, 0.000000000000000e+00
623, 1.424008450069342e-01, -4.508449776862238e-02, 4.297027433055974e-01, 0.000000000000000e+00, 0.000000000000000e+00, 9.889756999884339e+04, 0.000000000000000e+00, 3.955902799953735e+04, 3.207065508466016e+02, 0.000000000000000e+00, -3.697819601698171e-03, 0.000000000000000e+00, 0.000000000000000e+00, 1.942292296590390e-05, 3.795076937251186e-03, -4.983699370402807e-04, -2.058576510927063e+02, 7.228575692358492e-01, 0.000000000000000e+00
624, 1.430999453893247e-01, -4.517611414531238e-02, 4.294840418093357e-01, 0.000000000000000e+00, 0.000000000000000e+00, 9.884614184525689e+04, 0.000000000000000e+00, 3.953845673810274e+04, 3.207030038363835e+02, 0.000000000000000e+00, -5.093751974200605e-03, 0.000000000000000e+00, 0.000000000000000e+00, 1.942276054530241e-05, 3.795446295025175e-03, -4.963327268362000e-04, -2.059223035690848e+02, 7.226868205589334e-01, 0.000000000000000e+00
625, 1.438106521648520e-01, -4.526885907335740e-02, 4.292626595280412e-01, 0.000000000000000e+00, 0.000000000000000e+00, 9.879408292026875e+04, 0.000000000000000e+00, 3.951763316810749e+04, 3.206994084375006e+02, 0.000000000000000e+00, -6.506805595625615e-03, 0.000000000000000e+00, 0.000000000000000e+00, 1.942259590803388e-05, 3.795824576738175e-03, -4.942758611050757e-04, -2.059883193473260e+02, 7.225144465009824e-01, 0.000000000000000e+00
626, 1.445331567554213e-01, -4.536274073139442e-02, 4.290384998882408e-01, 0.000000000000000e+00, 0.000000000000000e+00, 9.874137019636153e+04, 0.000000000000000e+00, 3.949654807854461e+04, 3.206957619043595e+02, 0.000000000000000e+00, -7.937605509938536e-03, 0.000000000000000e+00, 0.000000000000000e+00, 1.942242892833655e-05, 3.796220959893028e-03, -4.922006095644650e-04, -2.060567356568305e+02, 7.223412453360458e-01, 0.000000000000000e+00
627, 1.452676536545139e-01, -4.545776720829592e-02, 4.288114898724725e-01, 0.000000000000000e+00, 0.000000000000000e+00, 9.868798625030687e+04, 0.000000000000000e+00, 3.947519450012274e+04, 3.206920620751995e+02, 0.000000000000000e+00, -9.386624641925929e-03, 0.000000000000000e+00, 0.000000000000000e+00, 1.942225950718000e-05, 3.796638071615621e-03, -4.901071849156788e-04, -2.061277828579976e+02, 7.221674075159221e-01, 0.000000000000000e+00
628, 1.460143405269419e-01, -4.555394642309046e-02, 4.285815301853891e-01, 0.000000000000000e+00, 0.000000000000000e+00, 9.863390732305004e+04, 0.000000000000000e+00, 3.945356292922000e+04, 3.206883058419735e+02, 0.000000000000000e+00, -1.085450789192493e-02, 0.000000000000000e+00, 0.000000000000000e+00, 1.942208750219859e-05, 3.797076660760098e-03, -4.879944487415253e-04, -2.062017633300653e+02, 7.219929106971411e-01, 0.000000000000000e+00
629, 1.467736189073235e-01, -4.565131154490711e-02, 4.283485121181273e-01, 0.000000000000000e+00, 0.000000000000000e+00, 9.857910787752878e+04, 0.000000000000000e+00, 3.943164315101150e+04, 3.206844913476954e+02, 0.000000000000000e+00, -1.234194842135450e-02, 0.000000000000000e+00, 0.000000000000000e+00, 1.942191282831168e-05, 3.797527338191162e-03, -4.858591455931160e-04, -2.062772661419808e+02, 7.218167478581248e-01, 0.000000000000000e+00
630, 1.475464647828240e-01, -4.574996781164483e-02, 4.281122361953982e-01, 0.000000000000000e+00, 0.000000000000000e+00, 9.852354063437990e+04, 0.000000000000000e+00, 3.940941625375194e+04, 3.206806139460696e+02, 0.000000000000000e+00, -1.385022955051781e-02, 0.000000000000000e+00, 0.000000000000000e+00, 1.942173527270627e-05, 3.798012437370667e-03, -4.837043686902740e-04, -2.063571522396846e+02, 7.216408789318703e-01, 0.000000000000000e+00
631, 1.483321487718184e-01, -4.584980160164646e-02, 4.278726844168676e-01, 0.000000000000000e+00, 0.000000000000000e+00, 9.846720115042072e+04, 0.000000000000000e+00, 3.938688046016828e+04, 3.206766724649318e+02, 0.000000000000000e+00, -1.537947188227643e-02, 0.000000000000000e+00, 0.000000000000000e+00, 1.942155478165382e-05, 3.798522354292142e-03, -4.815261443169334e-04, -2.064392974272383e+02, 7.214643509913918e-01, 0.000000000000000e+00
632, 1.491308827143059e-01, -4.595081924448450e-02, 4.276301353565437e-01, 0.000000000000000e+00, 0.000000000000000e+00, 9.841015106365569e+04, 0.000000000000000e+00, 3.936406042546227e+04, 3.206726586574651e+02, 0.000000000000000e+00, -1.692800235470359e-02, 0.000000000000000e+00, 0.000000000000000e+00, 1.942137097745317e-05, 3.799022363012278e-03, -4.793203267163808e-04, -2.065188165328330e+02, 7.212841190131291e-01, 0.000000000000000e+00
633, 1.499428817074381e-01, -4.605302679044000e-02, 4.273845276588269e-01, 0.000000000000000e+00, 0.000000000000000e+00, 9.835237170042875e+04, 0.000000000000000e+00, 3.934094868017149e+04, 3.206685574677899e+02, 0.000000000000000e+00, -1.849632783338117e-02, 0.000000000000000e+00, 0.000000000000000e+00, 1.942118317058255e-05, 3.799530466489150e-03, -4.770889698708823e-04, -2.066020438735451e+02, 7.211018657801009e-01, 0.000000000000000e+00
634, 1.507683647930370e-01, -4.615643008114288e-02, 4.271356828189130e-01, 0.000000000000000e+00, 0.000000000000000e+00, 9.829386895373430e+04, 0.000000000000000e+00, 3.931754758149371e+04, 3.206645218910523e+02, 0.000000000000000e+00, -2.008428836269927e-02, 0.000000000000000e+00, 0.000000000000000e+00, 1.942099836718003e-05, 3.800040129990764e-03, -4.748310745594493e-04, -2.067146887813560e+02, 7.209165599773113e-01, 0.000000000000000e+00
635, 1.516075542535869e-01, -4.626103466057778e-02, 4.268831050418736e-01, 0.000000000000000e+00, 0.000000000000000e+00, 9.823464576213495e+04, 0.000000000000000e+00, 3.929385830485397e+04, 3.206609339671940e+02, 0.000000000000000e+00, -2.169180418022445e-02, 0.000000000000000e+00, 0.000000000000000e+00, 1.942083406242550e-05, 3.800550166371348e-03, -4.725464052644491e-04, -2.067870245333011e+02, 7.207270222768141e-01, 0.000000000000000e+00
636, 1.524606762990166e-01, -4.636684585878853e-02, 4.266283004781448e-01, 0.000000000000000e+00, 0.000000000000000e+00, 9.817469649851865e+04, 0.000000000000000e+00, 3.926987859940745e+04, 3.206566439812654e+02, 0.000000000000000e+00, -2.331902802462931e-02, 0.000000000000000e+00, 0.000000000000000e+00, 1.942063760636730e-05, 3.801063259352300e-03, -4.702352531123233e-04, -2.068864169047049e+02, 7.205367341511156e-01, 0.000000000000000e+00
637, 1.533279607690833e-01, -4.647386873832696e-02, 4.263705405475479e-01, 0.000000000000000e+00, 0.000000000000000e+00, 9.811402895383464e+04, 0.000000000000000e+00, 3.924561158153385e+04, 3.206522239976142e+02, 0.000000000000000e+00, -2.496574842345084e-02, 0.000000000000000e+00, 0.000000000000000e+00, 1.942043519581685e-05, 3.801568419775008e-03, -4.678957097673067e-04, -2.069569891012301e+02, 7.203430627669850e-01, 0.000000000000000e+00
638, 1.542100200785654e-01, -4.658215447854171e-02, 4.261095587242983e-01, 0.000000000000000e+00, 0.000000000000000e+00, 9.805261486574038e+04, 0.000000000000000e+00, 3.922104594629614e+04, 3.206477818267639e+02, 0.000000000000000e+00, -2.663273251134506e-02, 0.000000000000000e+00, 0.000000000000000e+00, 1.942023176782274e-05, 3.802070624495195e-03, -4.655275628101002e-04, -2.070343278375455e+02, 7.201460624166007e-01, 0.000000000000000e+00
639, 1.551076979051785e-01, -4.669178070610347e-02, 4.258452130053523e-01, 0.000000000000000e+00, 0.000000000000000e+00, 9.799042074585876e+04, 0.000000000000000e+00, 3.919616829834349e+04, 3.206433146689958e+02, 0.000000000000000e+00, -2.832088927505251e-02, 0.000000000000000e+00, 0.000000000000000e+00, 1.942002719415036e-05, 3.802588175774809e-03, -4.631338376392286e-04, -2.071184184778135e+02, 7.199473583138317e-01, 0.000000000000000e+00
640, 1.560202912504417e-01, -4.680263531849697e-02, 4.255775552958156e-01, 0.000000000000000e+00, 0.000000000000000e+00, 9.792745498700731e+04, 0.000000000000000e+00, 3.917098199480292e+04, 3.206388107456213e+02, 0.000000000000000e+00, -3.002999090538912e-02, 0.000000000000000e+00, 0.000000000000000e+00, 1.941982093536480e-05, 3.803114015672161e-03, -4.607128474016088e-04, -2.072055410467158e+02, 7.197463440859241e-01, 0.000000000000000e+00
641, 1.569480461035007e-01, -4.691472223642978e-02, 4.253068179636542e-01, 0.000000000000000e+00, 0.000000000000000e+00, 9.786376891326439e+04, 0.000000000000000e+00, 3.914550756530575e+04, 3.206342628570326e+02, 0.000000000000000e+00, -3.175864429493323e-02, 0.000000000000000e+00, 0.000000000000000e+00, 1.941961266171877e-05, 3.803627522790968e-03, -4.582634200998427e-04, -2.072925664942382e+02, 7.195412943910257e-01, 0.000000000000000e+00
642, 1.578912126416600e-01, -4.702804509648926e-02, 4.250328540269129e-01, 0.000000000000000e+00, 0.000000000000000e+00, 9.779932557518382e+04, 0.000000000000000e+00, 3.911973023007352e+04, 3.206296605616103e+02, 0.000000000000000e+00, -3.350785237543482e-02, 0.000000000000000e+00, 0.000000000000000e+00, 1.941940189498365e-05, 3.804150514063611e-03, -4.557882390755080e-04, -2.073811445400644e+02, 7.193341696601560e-01, 0.000000000000000e+00
643, 1.588500451384602e-01, -4.714260722354125e-02, 4.247556878974235e-01, 0.000000000000000e+00, 0.000000000000000e+00, 9.773412957511896e+04, 0.000000000000000e+00, 3.909365183004757e+04, 3.206250003204354e+02, 0.000000000000000e+00, -3.527749022360519e-02, 0.000000000000000e+00, 0.000000000000000e+00, 1.941918847303611e-05, 3.804675993252672e-03, -4.532865132162342e-04, -2.074705208859139e+02, 7.191243371861900e-01, 0.000000000000000e+00
644, 1.598248018686615e-01, -4.725841160345446e-02, 4.244752560460050e-01, 0.000000000000000e+00, 0.000000000000000e+00, 9.766816539079478e+04, 0.000000000000000e+00, 3.906726615631790e+04, 3.206202789444683e+02, 0.000000000000000e+00, -3.706797916598862e-02, 0.000000000000000e+00, 0.000000000000000e+00, 1.941897224977085e-05, 3.805209140161339e-03, -4.507589294809320e-04, -2.075611857381319e+02, 7.189122407510539e-01, 0.000000000000000e+00
645, 1.608157456174314e-01, -4.737546092775148e-02, 4.241915148966314e-01, 0.000000000000000e+00, 0.000000000000000e+00, 9.760142260435340e+04, 0.000000000000000e+00, 3.904056904174135e+04, 3.206154949172520e+02, 0.000000000000000e+00, -3.887960197814738e-02, 0.000000000000000e+00, 0.000000000000000e+00, 1.941875315567706e-05, 3.805751355102588e-03, -4.482057333675574e-04, -2.076534164246519e+02, 7.186979805793476e-01, 0.000000000000000e+00
646, 1.618231429952205e-01, -4.749375749617735e-02, 4.239043890463566e-01, 0.000000000000000e+00, 0.000000000000000e+00, 9.753388351937714e+04, 0.000000000000000e+00, 3.901355340775085e+04, 3.206106468591084e+02, 0.000000000000000e+00, -4.071283900014050e-02, 0.000000000000000e+00, 0.000000000000000e+00, 1.941853112750522e-05, 3.806300759775716e-03, -4.456259654461042e-04, -2.077470446774174e+02, 7.184813110361055e-01, 0.000000000000000e+00
647, 1.628478751979277e-01, -4.761337426234400e-02, 4.236137041042904e-01, 0.000000000000000e+00, 0.000000000000000e+00, 9.746550679212823e+04, 0.000000000000000e+00, 3.898620271685128e+04, 3.206057305115480e+02, 0.000000000000000e+00, -4.256881243951312e-02, 0.000000000000000e+00, 0.000000000000000e+00, 1.941830597015962e-05, 3.806863410567275e-03, -4.430198795427386e-04, -2.078425738657031e+02, 7.182626556708906e-01, 0.000000000000000e+00
648, 1.638905855325122e-01, -4.773435403066031e-02, 4.233192162847585e-01, 0.000000000000000e+00, 0.000000000000000e+00, 9.739623392387385e+04, 0.000000000000000e+00, 3.895849356954953e+04, 3.206007376797195e+02, 0.000000000000000e+00, -4.444911014784343e-02, 0.000000000000000e+00, 0.000000000000000e+00, 1.941807730825932e-05, 3.807463095773608e-03, -4.403900704518957e-04, -2.079425713146717e+02, 7.180440616319372e-01, 0.000000000000000e+00
649, 1.649506243093591e-01, -4.785658865629410e-02, 4.230209597271048e-01, 0.000000000000000e+00, 0.000000000000000e+00, 9.732607273685648e+04, 0.000000000000000e+00, 3.893042909474259e+04, 3.205956679627427e+02, 0.000000000000000e+00, -4.635351980326609e-02, 0.000000000000000e+00, 0.000000000000000e+00, 1.941784512336343e-05, 3.808085622853730e-03, -4.377330941610623e-04, -2.080454488712293e+02, 7.178242053390166e-01, 0.000000000000000e+00
650, 1.660282776986022e-01, -4.798007818155932e-02, 4.227191019900706e-01, 0.000000000000000e+00, 0.000000000000000e+00, 9.725506305831068e+04, 0.000000000000000e+00, 3.890202522332426e+04, 3.205905252716481e+02, 0.000000000000000e+00, -4.828096036121551e-02, 0.000000000000000e+00, 0.000000000000000e+00, 1.941760959451010e-05, 3.808712268123642e-03, -4.350466697030444e-04, -2.081494579480649e+02, 7.176014568891335e-01, 0.000000000000000e+00
651, 1.671238362132494e-01, -4.810482179515818e-02, 4.224135307321519e-01, 0.000000000000000e+00, 0.000000000000000e+00, 9.718317864673425e+04, 0.000000000000000e+00, 3.887327145869369e+04, 3.205853080138272e+02, 0.000000000000000e+00, -5.023214410396890e-02, 0.000000000000000e+00, 0.000000000000000e+00, 1.941737064867920e-05, 3.809352848439362e-03, -4.323307879817075e-04, -2.082554538801423e+02, 7.173766382551885e-01, 0.000000000000000e+00
652, 1.682375951902426e-01, -4.823081787674244e-02, 4.221043036002537e-01, 0.000000000000000e+00, 0.000000000000000e+00, 9.711043333255907e+04, 0.000000000000000e+00, 3.884417333302362e+04, 3.205800177648226e+02, 0.000000000000000e+00, -5.220669562727385e-02, 0.000000000000000e+00, 0.000000000000000e+00, 1.941712835794737e-05, 3.809996680780229e-03, -4.295836451768442e-04, -2.083623350276548e+02, 7.171487852366120e-01, 0.000000000000000e+00
653, 1.693698549015479e-01, -4.835806424550514e-02, 4.217914187903110e-01, 0.000000000000000e+00, 0.000000000000000e+00, 9.703682704629168e+04, 0.000000000000000e+00, 3.881473081851666e+04, 3.205746553681034e+02, 0.000000000000000e+00, -5.420461681741499e-02, 0.000000000000000e+00, 0.000000000000000e+00, 1.941688276086344e-05, 3.810643982394678e-03, -4.268051963092065e-04, -2.084701209434624e+02, 7.169179172176764e-01, 0.000000000000000e+00
654, 1.705209204787404e-01, -4.848655814072341e-02, 4.214748814769365e-01, 0.000000000000000e+00, 0.000000000000000e+00, 9.696236128990876e+04, 0.000000000000000e+00, 3.878494451596349e+04, 3.205692215533437e+02, 0.000000000000000e+00, -5.622586690571422e-02, 0.000000000000000e+00, 0.000000000000000e+00, 1.941663389076456e-05, 3.811294468594957e-03, -4.239953904390443e-04, -2.085789208074307e+02, 7.166840130381700e-01, 0.000000000000000e+00
655, 1.716911020400038e-01, -4.861629621757785e-02, 4.211546613074641e-01, 0.000000000000000e+00, 0.000000000000000e+00, 9.688702942934407e+04, 0.000000000000000e+00, 3.875481177173762e+04, 3.205637171715033e+02, 0.000000000000000e+00, -5.827062596295313e-02, 0.000000000000000e+00, 0.000000000000000e+00, 1.941638178654289e-05, 3.811940620299770e-03, -4.211522835919869e-04, -2.086878370488849e+02, 7.164463301541079e-01, 0.000000000000000e+00
656, 1.728816202839616e-01, -4.874737388075610e-02, 4.208306230130569e-01, 0.000000000000000e+00, 0.000000000000000e+00, 9.681079949480013e+04, 0.000000000000000e+00, 3.872431979792004e+04, 3.205581390971307e+02, 0.000000000000000e+00, -6.033976175653388e-02, 0.000000000000000e+00, 0.000000000000000e+00, 1.941612630496629e-05, 3.812590211560631e-03, -4.182767488110729e-04, -2.087976018219157e+02, 7.162054876741059e-01, 0.000000000000000e+00
657, 1.740928308027475e-01, -4.887978829059433e-02, 4.205025758052526e-01, 0.000000000000000e+00, 0.000000000000000e+00, 9.673362563975061e+04, 0.000000000000000e+00, 3.869345025590024e+04, 3.205524805228907e+02, 0.000000000000000e+00, -6.243451871476698e-02, 0.000000000000000e+00, 0.000000000000000e+00, 1.941586713416029e-05, 3.813261702095799e-03, -4.153708332634251e-04, -2.089101051084847e+02, 7.159630707471242e-01, 0.000000000000000e+00
658, 1.753241737439061e-01, -4.901343625601610e-02, 4.201706811311020e-01, 0.000000000000000e+00, 0.000000000000000e+00, 9.665554626148763e+04, 0.000000000000000e+00, 3.866221850459505e+04, 3.205467452709762e+02, 0.000000000000000e+00, -6.455385460651350e-02, 0.000000000000000e+00, 0.000000000000000e+00, 1.941560444909226e-05, 3.813938704639329e-03, -4.124327621885836e-04, -2.090237286993453e+02, 7.157176783959197e-01, 0.000000000000000e+00
659, 1.765759814243048e-01, -4.914831192169868e-02, 4.198350371095311e-01, 0.000000000000000e+00, 0.000000000000000e+00, 9.657658483626675e+04, 0.000000000000000e+00, 3.863063393450669e+04, 3.205409360072713e+02, 0.000000000000000e+00, -6.669713220755277e-02, 0.000000000000000e+00, 0.000000000000000e+00, 1.941533837177273e-05, 3.814616667799982e-03, -4.094632229955766e-04, -2.091382107691588e+02, 7.154689771653906e-01, 0.000000000000000e+00
660, 1.778485910982152e-01, -4.928440871697311e-02, 4.194954980321076e-01, 0.000000000000000e+00, 0.000000000000000e+00, 9.649670687788168e+04, 0.000000000000000e+00, 3.859868275115266e+04, 3.205350491801401e+02, 0.000000000000000e+00, -6.886528758905135e-02, 0.000000000000000e+00, 0.000000000000000e+00, 1.941506873943513e-05, 3.815310709136741e-03, -4.064639374471931e-04, -2.092550067463291e+02, 7.152182699053902e-01, 0.000000000000000e+00
661, 1.791423459015863e-01, -4.942171943418838e-02, 4.191520101827833e-01, 0.000000000000000e+00, 0.000000000000000e+00, 9.641589940080135e+04, 0.000000000000000e+00, 3.856635976032053e+04, 3.205290823444444e+02, 0.000000000000000e+00, -7.105867322182338e-02, 0.000000000000000e+00, 0.000000000000000e+00, 1.941479543998699e-05, 3.816021443643677e-03, -4.034350657013816e-04, -2.093742408014579e+02, 7.149655743528697e-01, 0.000000000000000e+00
662, 1.804575945970066e-01, -4.956023617588409e-02, 4.188044523349544e-01, 0.000000000000000e+00, 0.000000000000000e+00, 9.633413347611496e+04, 0.000000000000000e+00, 3.853365339044597e+04, 3.205230316604329e+02, 0.000000000000000e+00, -7.327807433342162e-02, 0.000000000000000e+00, 0.000000000000000e+00, 1.941451829745190e-05, 3.816755847505012e-03, -4.003774272725723e-04, -2.094966481388700e+02, 7.147114482894543e-01, 0.000000000000000e+00
663, 1.817946913236955e-01, -4.969995028750233e-02, 4.184526934122418e-01, 0.000000000000000e+00, 0.000000000000000e+00, 9.625137766811989e+04, 0.000000000000000e+00, 3.850055106724794e+04, 3.205168924607095e+02, 0.000000000000000e+00, -7.552434419412327e-02, 0.000000000000000e+00, 0.000000000000000e+00, 1.941423709793583e-05, 3.817521987650219e-03, -3.972915262332757e-04, -2.096233084792809e+02, 7.144565389070437e-01, 0.000000000000000e+00
664, 1.831539961712906e-01, -4.984085210953178e-02, 4.180965482516838e-01, 0.000000000000000e+00, 0.000000000000000e+00, 9.616758813834711e+04, 0.000000000000000e+00, 3.846703525533884e+04, 3.205106601754092e+02, 0.000000000000000e+00, -7.779867272683647e-02, 0.000000000000000e+00, 0.000000000000000e+00, 1.941395163200237e-05, 3.818313477182852e-03, -3.941736190525351e-04, -2.097532767987758e+02, 7.142000673183102e-01, 0.000000000000000e+00
665, 1.845371562101731e-01, -4.998306148722105e-02, 4.177357828265690e-01, 0.000000000000000e+00, 0.000000000000000e+00, 9.608270872737191e+04, 0.000000000000000e+00, 3.843308349094875e+04, 3.205043265934804e+02, 0.000000000000000e+00, -8.010258428648280e-02, 0.000000000000000e+00, 0.000000000000000e+00, 1.941366152342058e-05, 3.819136190007890e-03, -3.910221506759289e-04, -2.098870920455811e+02, 7.139423686371885e-01, 0.000000000000000e+00
666, 1.859441294830172e-01, -5.012651982965087e-02, 4.173702160492355e-01, 0.000000000000000e+00, 0.000000000000000e+00, 9.599669596514851e+04, 0.000000000000000e+00, 3.839867838605939e+04, 3.204978851682271e+02, 0.000000000000000e+00, -8.243725879572841e-02, 0.000000000000000e+00, 0.000000000000000e+00, 1.941336647217933e-05, 3.819994177159277e-03, -3.878345187054326e-04, -2.100249168008874e+02, 7.136836506730058e-01, 0.000000000000000e+00
667, 1.873744919298353e-01, -5.027112913397837e-02, 4.170002274501587e-01, 0.000000000000000e+00, 0.000000000000000e+00, 9.590964102779327e+04, 0.000000000000000e+00, 3.836385641111730e+04, 3.204913483739057e+02, 0.000000000000000e+00, -8.480022142933588e-02, 0.000000000000000e+00, 0.000000000000000e+00, 1.941306704952620e-05, 3.820853220611490e-03, -3.846065565023380e-04, -2.101634949290143e+02, 7.134210191881375e-01, 0.000000000000000e+00
668, 1.888286293010167e-01, -5.041687318220778e-02, 4.166259503572538e-01, 0.000000000000000e+00, 0.000000000000000e+00, 9.582157658620062e+04, 0.000000000000000e+00, 3.832863063448024e+04, 3.204847224583706e+02, 0.000000000000000e+00, -8.719058538978287e-02, 0.000000000000000e+00, 0.000000000000000e+00, 1.941276354152055e-05, 3.821711221357649e-03, -3.813387434278613e-04, -2.103027302438049e+02, 7.131543927733975e-01, 0.000000000000000e+00
669, 1.903069337614373e-01, -5.056373462363155e-02, 4.162473678955051e-01, 0.000000000000000e+00, 0.000000000000000e+00, 9.573249898343466e+04, 0.000000000000000e+00, 3.829299959337385e+04, 3.204780077267596e+02, 0.000000000000000e+00, -8.960844993856033e-02, 0.000000000000000e+00, 0.000000000000000e+00, 1.941245596201417e-05, 3.822572267348591e-03, -3.780313587954549e-04, -2.104429001957667e+02, 7.128841413791143e-01, 0.000000000000000e+00
670, 1.918098040528640e-01, -5.071169495755364e-02, 4.158645196587526e-01, 0.000000000000000e+00, 0.000000000000000e+00, 9.564241782277239e+04, 0.000000000000000e+00, 3.825696712910895e+04, 3.204712053942941e+02, 0.000000000000000e+00, -9.205355441055969e-02, 0.000000000000000e+00, 0.000000000000000e+00, 1.941214436654633e-05, 3.823433564256155e-03, -3.746840214016309e-04, -2.105837222808093e+02, 7.126100398944361e-01, 0.000000000000000e+00
671, 1.933376450655757e-01, -5.086073444854229e-02, 4.154774119591378e-01, 0.000000000000000e+00, 0.000000000000000e+00, 9.555133491901637e+04, 0.000000000000000e+00, 3.822053396760654e+04, 3.204643162271992e+02, 0.000000000000000e+00, -9.452584954595981e-02, 0.000000000000000e+00, 0.000000000000000e+00, 1.941182879008938e-05, 3.824294347698712e-03, -3.712965729893081e-04, -2.107250650621914e+02, 7.123320254303892e-01, 0.000000000000000e+00
672, 1.948908686040312e-01, -5.101083215908616e-02, 4.150860601249303e-01, 0.000000000000000e+00, 0.000000000000000e+00, 9.545925420321073e+04, 0.000000000000000e+00, 3.818370168128428e+04, 3.204573411331617e+02, 0.000000000000000e+00, -9.702522864305427e-02, 0.000000000000000e+00, 0.000000000000000e+00, 1.941150927409574e-05, 3.825155159355942e-03, -3.678690016503604e-04, -2.108672364844628e+02, 7.120501646237408e-01, 0.000000000000000e+00
673, 1.964698929591554e-01, -5.116196586466258e-02, 4.146904345645760e-01, 0.000000000000000e+00, 0.000000000000000e+00, 9.536616972030998e+04, 0.000000000000000e+00, 3.814646788812398e+04, 3.204502825112990e+02, 0.000000000000000e+00, -9.955185334172703e-02, 0.000000000000000e+00, 0.000000000000000e+00, 1.941118592833875e-05, 3.826000920116735e-03, -3.643978609211618e-04, -2.110082925942627e+02, 7.117630129931822e-01, 0.000000000000000e+00
674, 1.980768973104250e-01, -5.131427747174643e-02, 4.142903805933145e-01, 0.000000000000000e+00, 0.000000000000000e+00, 9.527204419175359e+04, 0.000000000000000e+00, 3.810881767670143e+04, 3.204431341639031e+02, 0.000000000000000e+00, -1.021067355069932e-01, 0.000000000000000e+00, 0.000000000000000e+00, 1.941085846877979e-05, 3.826847852303833e-03, -3.608858498964191e-04, -2.111500705940750e+02, 7.114719654982945e-01, 0.000000000000000e+00
675, 1.997113047807233e-01, -5.146764294021879e-02, 4.138856848156240e-01, 0.000000000000000e+00, 0.000000000000000e+00, 9.517682621388548e+04, 0.000000000000000e+00, 3.807073048555418e+04, 3.204358877521539e+02, 0.000000000000000e+00, -1.046912704062822e-01, 0.000000000000000e+00, 0.000000000000000e+00, 1.941052651328191e-05, 3.827709880080091e-03, -3.573331070021403e-04, -2.112935904840869e+02, 7.111781468532673e-01, 0.000000000000000e+00
676, 2.013728844118050e-01, -5.162197198059736e-02, 4.134768155156249e-01, 0.000000000000000e+00, 0.000000000000000e+00, 9.508062812179270e+04, 0.000000000000000e+00, 3.803225124871708e+04, 3.204285584192968e+02, 0.000000000000000e+00, -1.073024088890077e-01, 0.000000000000000e+00, 0.000000000000000e+00, 1.941019075541230e-05, 3.828552026143934e-03, -3.537379013935632e-04, -2.114357823810431e+02, 7.108787062360390e-01, 0.000000000000000e+00
677, 2.030620842249789e-01, -5.177723718904959e-02, 4.130637601306719e-01, 0.000000000000000e+00, 0.000000000000000e+00, 9.498344762606300e+04, 0.000000000000000e+00, 3.799337905042520e+04, 3.204211477188070e+02, 0.000000000000000e+00, -1.099402130974890e-01, 0.000000000000000e+00, 0.000000000000000e+00, 1.940985126620775e-05, 3.829387058959684e-03, -3.501039182276934e-04, -2.115779996531331e+02, 7.105748449396273e-01, 0.000000000000000e+00
678, 2.047793592299869e-01, -5.193341090354433e-02, 4.126464181201472e-01, 0.000000000000000e+00, 0.000000000000000e+00, 9.488526065323244e+04, 0.000000000000000e+00, 3.795410426129297e+04, 3.204136519564965e+02, 0.000000000000000e+00, -1.126053364661828e-01, 0.000000000000000e+00, 0.000000000000000e+00, 1.940950787630375e-05, 3.830228669261591e-03, -3.464350065141350e-04, -2.117217225847151e+02, 7.102677799891440e-01, 0.000000000000000e+00
679, 2.065251718199240e-01, -5.209046516500360e-02, 4.122245692095990e-01, 0.000000000000000e+00, 0.000000000000000e+00, 9.478601412966748e+04, 0.000000000000000e+00, 3.791440565186698e+04, 3.204060624456004e+02, 0.000000000000000e+00, -1.152992195913008e-01, 0.000000000000000e+00, 0.000000000000000e+00, 1.940916018760648e-05, 3.831094440383248e-03, -3.427345399935738e-04, -2.118688512257685e+02, 7.099589835082134e-01, 0.000000000000000e+00
680, 2.082999920136157e-01, -5.224837115220440e-02, 4.117979408049761e-01, 0.000000000000000e+00, 0.000000000000000e+00, 9.468564259194752e+04, 0.000000000000000e+00, 3.787425703677900e+04, 3.203983692240758e+02, 0.000000000000000e+00, -1.180236393693792e-01, 0.000000000000000e+00, 0.000000000000000e+00, 1.940880774357788e-05, 3.831998214743873e-03, -3.390045036085868e-04, -2.120208324394373e+02, 7.096495247509145e-01, 0.000000000000000e+00
681, 2.101042970839574e-01, -5.240709881551476e-02, 4.113662458084291e-01, 0.000000000000000e+00, 0.000000000000000e+00, 9.458407725841001e+04, 0.000000000000000e+00, 3.783363090336400e+04, 3.203905623174103e+02, 0.000000000000000e+00, -1.207804627651578e-01, 0.000000000000000e+00, 0.000000000000000e+00, 1.940845008708476e-05, 3.832954532502491e-03, -3.352465575722721e-04, -2.121796038772817e+02, 7.093405179431762e-01, 0.000000000000000e+00
682, 2.119385721526756e-01, -5.256661689598427e-02, 4.109291271658968e-01, 0.000000000000000e+00, 0.000000000000000e+00, 9.448123401219481e+04, 0.000000000000000e+00, 3.779249360487791e+04, 3.203826342198660e+02, 0.000000000000000e+00, -1.235719729920136e-01, 0.000000000000000e+00, 0.000000000000000e+00, 1.940808687407284e-05, 3.833958304490373e-03, -3.314581704275589e-04, -2.123443675783334e+02, 7.090311736719569e-01, 0.000000000000000e+00
683, 2.138056567725903e-01, -5.272709340414961e-02, 4.104860232735520e-01, 0.000000000000000e+00, 0.000000000000000e+00, 9.437697783995802e+04, 0.000000000000000e+00, 3.775079113598320e+04, 3.203745642286267e+02, 0.000000000000000e+00, -1.264018347643928e-01, 0.000000000000000e+00, 0.000000000000000e+00, 1.940771715585387e-05, 3.835052060153675e-03, -3.276453197183272e-04, -2.125201306184196e+02, 7.087249730219515e-01, 0.000000000000000e+00
684, 2.157042660168627e-01, -5.288833664078572e-02, 4.100362215870363e-01, 0.000000000000000e+00, 0.000000000000000e+00, 9.427113730373865e+04, 0.000000000000000e+00, 3.770845492149545e+04, 3.203663256437731e+02, 0.000000000000000e+00, -1.292747014828745e-01, 0.000000000000000e+00, 0.000000000000000e+00, 1.940733970893203e-05, 3.836266707103497e-03, -3.238090229965246e-04, -2.127092831398633e+02, 7.084241792938106e-01, 0.000000000000000e+00
685, 2.176344357671622e-01, -5.305027040933704e-02, 4.095798005589160e-01, 0.000000000000000e+00, 0.000000000000000e+00, 9.416373213201706e+04, 0.000000000000000e+00, 3.766549285280682e+04, 3.203579232620291e+02, 0.000000000000000e+00, -1.321900376504097e-01, 0.000000000000000e+00, 0.000000000000000e+00, 1.940695475277572e-05, 3.837590862458517e-03, -3.199505154759976e-04, -2.129124142903982e+02, 7.081277978248586e-01, 0.000000000000000e+00
686, 2.195966852835169e-01, -5.321285835126761e-02, 4.091159192453900e-01, 0.000000000000000e+00, 0.000000000000000e+00, 9.405456113120777e+04, 0.000000000000000e+00, 3.762182445248310e+04, 3.203493293458982e+02, 0.000000000000000e+00, -1.351533043349082e-01, 0.000000000000000e+00, 0.000000000000000e+00, 1.940656101627008e-05, 3.839077481621612e-03, -3.160748422367617e-04, -2.131347624217388e+02, 7.078400119361196e-01, 0.000000000000000e+00
687, 2.215915420560579e-01, -5.337606267374545e-02, 4.086437242028260e-01, 0.000000000000000e+00, 0.000000000000000e+00, 9.394341841532098e+04, 0.000000000000000e+00, 3.757736736612838e+04, 3.203405097398913e+02, 0.000000000000000e+00, -1.381700899718499e-01, 0.000000000000000e+00, 0.000000000000000e+00, 1.940615693417459e-05, 3.840767257954490e-03, -3.121829293465938e-04, -2.133806927351735e+02, 7.075638341723884e-01, 0.000000000000000e+00
688, 2.236195426094919e-01, -5.353984181577338e-02, 4.081622474462412e-01, 0.000000000000000e+00, 0.000000000000000e+00, 9.383007022617185e+04, 0.000000000000000e+00, 3.753202809046873e+04, 3.203314247706040e+02, 0.000000000000000e+00, -1.412467395414602e-01, 0.000000000000000e+00, 0.000000000000000e+00, 1.940574068833748e-05, 3.842679639014238e-03, -3.082653709688889e-04, -2.136514409792913e+02, 7.073001534299144e-01, 0.000000000000000e+00
689, 2.256812328539627e-01, -5.370414364051779e-02, 4.076711330186983e-01, 0.000000000000000e+00, 0.000000000000000e+00, 9.371443204971675e+04, 0.000000000000000e+00, 3.748577281988669e+04, 3.203220636911017e+02, 0.000000000000000e+00, -1.443855470380056e-01, 0.000000000000000e+00, 0.000000000000000e+00, 1.940531178584308e-05, 3.844771742121447e-03, -3.043034308489385e-04, -2.139419754489657e+02, 7.070445712985685e-01, 0.000000000000000e+00
690, 2.277771677701620e-01, -5.386890676043967e-02, 4.071706653996265e-01, 0.000000000000000e+00, 0.000000000000000e+00, 9.359657535493106e+04, 0.000000000000000e+00, 3.743863014197241e+04, 3.203124456295892e+02, 0.000000000000000e+00, -1.475845725540731e-01, 0.000000000000000e+00, 0.000000000000000e+00, 1.940487110256982e-05, 3.846989127161839e-03, -3.002842482861148e-04, -2.142475813766411e+02, 7.067921977329094e-01, 0.000000000000000e+00
691, 2.299079118338113e-01, -5.403406532167079e-02, 4.066610870712141e-01, 0.000000000000000e+00, 0.000000000000000e+00, 9.347656311863715e+04, 0.000000000000000e+00, 3.739062524745485e+04, 3.203025937784990e+02, 0.000000000000000e+00, -1.508421066877315e-01, 0.000000000000000e+00, 0.000000000000000e+00, 1.940441970065375e-05, 3.849283580896565e-03, -2.961984518042689e-04, -2.145631480637573e+02, 7.065387118375946e-01, 0.000000000000000e+00
692, 2.320771228874875e-01, -5.419978392805096e-02, 4.061422354672201e-01, 0.000000000000000e+00, 0.000000000000000e+00, 9.335435685532616e+04, 0.000000000000000e+00, 3.734174274213046e+04, 3.202925027568897e+02, 0.000000000000000e+00, -1.541591940646166e-01, 0.000000000000000e+00, 0.000000000000000e+00, 1.940395733304956e-05, 3.851685813294360e-03, -2.920498539249214e-04, -2.148922531790628e+02, 7.062867793421775e-01, 0.000000000000000e+00
693, 2.342825965787836e-01, -5.436577099619048e-02, 4.056137629750767e-01, 0.000000000000000e+00, 0.000000000000000e+00, 9.322987334945981e+04, 0.000000000000000e+00, 3.729194933978392e+04, 3.202821595590028e+02, 0.000000000000000e+00, -1.575380934332110e-01, 0.000000000000000e+00, 0.000000000000000e+00, 1.940348340330937e-05, 3.854207968579396e-03, -2.878350593065167e-04, -2.152347508302757e+02, 7.060371895383263e-01, 0.000000000000000e+00
694, 2.365247293003141e-01, -5.453193441552968e-02, 4.050764507027625e-01, 0.000000000000000e+00, 0.000000000000000e+00, 9.310330200703478e+04, 0.000000000000000e+00, 3.724132080281391e+04, 3.202715964309363e+02, 0.000000000000000e+00, -1.609736636802543e-01, 0.000000000000000e+00, 0.000000000000000e+00, 1.940299938844396e-05, 3.856802096612923e-03, -2.835518422300464e-04, -2.155879583639480e+02, 7.057861630251442e-01, 0.000000000000000e+00
695, 2.388041250083293e-01, -5.469819347568953e-02, 4.045298358093578e-01, 0.000000000000000e+00, 0.000000000000000e+00, 9.297453259031969e+04, 0.000000000000000e+00, 3.718981303612787e+04, 3.202607985030193e+02, 0.000000000000000e+00, -1.644688970270719e-01, 0.000000000000000e+00, 0.000000000000000e+00, 1.940250460659611e-05, 3.859502729512309e-03, -2.792015517243201e-04, -2.159544079143503e+02, 7.055364545927290e-01, 0.000000000000000e+00
696, 2.411213975917951e-01, -5.486446350274336e-02, 4.039737749686247e-01, 0.000000000000000e+00, 0.000000000000000e+00, 9.284353119604920e+04, 0.000000000000000e+00, 3.713741247841968e+04, 3.202497607536910e+02, 0.000000000000000e+00, -1.680247137218618e-01, 0.000000000000000e+00, 0.000000000000000e+00, 1.940199882712259e-05, 3.862311599520545e-03, -2.747827835201633e-04, -2.163346083067678e+02, 7.052880698575552e-01, 0.000000000000000e+00
697, 2.434771707285696e-01, -5.503065564955557e-02, 4.034079277912168e-01, 0.000000000000000e+00, 0.000000000000000e+00, 9.271021682344853e+04, 0.000000000000000e+00, 3.708408672937941e+04, 3.202384718362740e+02, 0.000000000000000e+00, -1.716433123970034e-01, 0.000000000000000e+00, 0.000000000000000e+00, 1.940148152951090e-05, 3.865241952532828e-03, -2.702945602061000e-04, -2.167299657099860e+02, 7.050418989536839e-01, 0.000000000000000e+00
698, 2.458720785607299e-01, -5.519667639884326e-02, 4.028319546138663e-01, 0.000000000000000e+00, 0.000000000000000e+00, 9.257450897821438e+04, 0.000000000000000e+00, 3.702980359128574e+04, 3.202269214412864e+02, 0.000000000000000e+00, -1.753268779375445e-01, 0.000000000000000e+00, 0.000000000000000e+00, 1.940095224072828e-05, 3.868303489108559e-03, -2.657350586621685e-04, -2.171417248126274e+02, 7.047984976038333e-01, 0.000000000000000e+00
699, 2.483067651829101e-01, -5.536242707577693e-02, 4.022454235906928e-01, 0.000000000000000e+00, 0.000000000000000e+00, 9.243630541897877e+04, 0.000000000000000e+00, 3.697452216759150e+04, 3.202150971708178e+02, 0.000000000000000e+00, -1.790781855167187e-01, 0.000000000000000e+00, 0.000000000000000e+00, 1.940041039199059e-05, 3.871511111158813e-03, -2.611026779868681e-04, -2.175720393094415e+02, 7.045588115202156e-01, 0.000000000000000e+00
700, 2.507820660884567e-01, -5.552781606383776e-02, 4.016478090018806e-01, 0.000000000000000e+00, 0.000000000000000e+00, 9.229548343263967e+04, 0.000000000000000e+00, 3.691819337305586e+04, 3.202029902771009e+02, 0.000000000000000e+00, -1.829005659792055e-01, 0.000000000000000e+00, 0.000000000000000e+00, 1.939985558172949e-05, 3.874855584629320e-03, -2.563913341722449e-04, -2.180197716510454e+02, 7.043214785039599e-01, 0.000000000000000e+00
701, 2.533021032703933e-01, -5.569295846434577e-02, 4.010381690124561e-01, 0.000000000000000e+00, 0.000000000000000e+00, 9.215181647296838e+04, 0.000000000000000e+00, 3.686072658918735e+04, 3.201905633007764e+02, 0.000000000000000e+00, -1.868001685485799e-01, 0.000000000000000e+00, 0.000000000000000e+00, 1.939928609255544e-05, 3.878406025502277e-03, -2.516069647407207e-04, -2.184930110031818e+02, 7.040919626406796e-01, 0.000000000000000e+00
702, 2.558640301511314e-01, -5.585750242063570e-02, 4.004152959197889e-01, 0.000000000000000e+00, 0.000000000000000e+00, 9.200501517690104e+04, 0.000000000000000e+00, 3.680200607076041e+04, 3.201777723721015e+02, 0.000000000000000e+00, -1.907848475077614e-01, 0.000000000000000e+00, 0.000000000000000e+00, 1.939869991315020e-05, 3.882208788121905e-03, -2.467468911269054e-04, -2.189954591460662e+02, 7.038733885586371e-01, 0.000000000000000e+00
703, 2.584685358742068e-01, -5.602132853735885e-02, 3.997791498436115e-01, 0.000000000000000e+00, 0.000000000000000e+00, 9.185507411203980e+04, 0.000000000000000e+00, 3.674202964481591e+04, 3.201646275231520e+02, 0.000000000000000e+00, -1.948547503102252e-01, 0.000000000000000e+00, 0.000000000000000e+00, 1.939809750228371e-05, 3.886252249046695e-03, -2.418114861773546e-04, -2.195297950925914e+02, 7.036645677365092e-01, 0.000000000000000e+00
704, 2.611163207817568e-01, -5.618431193320362e-02, 3.991278153001381e-01, 0.000000000000000e+00, 0.000000000000000e+00, 9.170153492789390e+04, 0.000000000000000e+00, 3.668061397115755e+04, 3.201510620046452e+02, 0.000000000000000e+00, -1.990223181237640e-01, 0.000000000000000e+00, 0.000000000000000e+00, 1.939747579983950e-05, 3.890647107969099e-03, -2.368049199616667e-04, -2.201068990820189e+02, 7.034738252079938e-01, 0.000000000000000e+00
705, 2.638080967199121e-01, -5.634632184659726e-02, 3.984593425037904e-01, 0.000000000000000e+00, 0.000000000000000e+00, 9.154392714382100e+04, 0.000000000000000e+00, 3.661757085752839e+04, 3.201369934214353e+02, 0.000000000000000e+00, -2.033003213691193e-01, 0.000000000000000e+00, 0.000000000000000e+00, 1.939683102834302e-05, 3.895481718365255e-03, -2.317229073654895e-04, -2.207364944737582e+02, 7.033073585638733e-01, 0.000000000000000e+00
706, 2.665445872109551e-01, -5.650721260887568e-02, 3.977715436673924e-01, 0.000000000000000e+00, 0.000000000000000e+00, 9.138172195224896e+04, 0.000000000000000e+00, 3.655268878089957e+04, 3.201223256440129e+02, 0.000000000000000e+00, -2.077031136553033e-01, 0.000000000000000e+00, 0.000000000000000e+00, 1.939615878046696e-05, 3.900790916405790e-03, -2.265350777997928e-04, -2.214195472460249e+02, 7.031661741851792e-01, 0.000000000000000e+00
707, 2.693265290450021e-01, -5.666680005803881e-02, 3.970641413186187e-01, 0.000000000000000e+00, 0.000000000000000e+00, 9.121485640620498e+04, 0.000000000000000e+00, 3.648594256248199e+04, 3.201070562063232e+02, 0.000000000000000e+00, -2.122324035740292e-01, 0.000000000000000e+00, 0.000000000000000e+00, 1.939545894131229e-05, 3.906450550961241e-03, -2.211938965605535e-04, -2.221420652734069e+02, 7.030384410453783e-01, 0.000000000000000e+00
708, 2.721546722505917e-01, -5.682487094187261e-02, 3.963385024135137e-01, 0.000000000000000e+00, 0.000000000000000e+00, 9.104366850857543e+04, 0.000000000000000e+00, 3.641746740343016e+04, 3.200912639892920e+02, 0.000000000000000e+00, -2.168790165946529e-01, 0.000000000000000e+00, 0.000000000000000e+00, 1.939473512437732e-05, 3.912308503468783e-03, -2.156694499149005e-04, -2.228905233716401e+02, 7.029113137626518e-01, 0.000000000000000e+00
709, 2.750304656176278e-01, -5.698123458227865e-02, 3.955956349957731e-01, 0.000000000000000e+00, 0.000000000000000e+00, 9.086840934344492e+04, 0.000000000000000e+00, 3.634736373737796e+04, 3.200750127466579e+02, 0.000000000000000e+00, -2.216361374539867e-01, 0.000000000000000e+00, 0.000000000000000e+00, 1.939399025008724e-05, 3.918283935509252e-03, -2.099458108517818e-04, -2.236569355855260e+02, 7.027781952249822e-01, 0.000000000000000e+00
710, 2.779577514221320e-01, -5.713580608137719e-02, 3.948356656267894e-01, 0.000000000000000e+00, 0.000000000000000e+00, 9.068911015048064e+04, 0.000000000000000e+00, 3.627564406019224e+04, 3.200583054184907e+02, 0.000000000000000e+00, -2.265029182028112e-01, 0.000000000000000e+00, 0.000000000000000e+00, 1.939322445161563e-05, 3.924411199464516e-03, -2.040204334067472e-04, -2.244448721318213e+02, 7.026422038897534e-01, 0.000000000000000e+00
711, 2.809336944131611e-01, -5.728812884899775e-02, 3.940585696809341e-01, 0.000000000000000e+00, 0.000000000000000e+00, 9.050576586566791e+04, 0.000000000000000e+00, 3.620230634626716e+04, 3.200411392837819e+02, 0.000000000000000e+00, -2.314794962954477e-01, 0.000000000000000e+00, 0.000000000000000e+00, 1.939243760261341e-05, 3.930690357260056e-03, -1.978821773930891e-04, -2.252526139700821e+02, 7.025032386595957e-01, 0.000000000000000e+00
712, 2.839590962741753e-01, -5.743793091917207e-02, 3.932654572824978e-01, 0.000000000000000e+00, 0.000000000000000e+00, 9.031864614799480e+04, 0.000000000000000e+00, 3.612745845919791e+04, 3.200235614809900e+02, 0.000000000000000e+00, -2.365585522836041e-01, 0.000000000000000e+00, 0.000000000000000e+00, 1.939163186218862e-05, 3.937072048818872e-03, -1.915238402672045e-04, -2.260784369755914e+02, 7.023577429362720e-01, 0.000000000000000e+00
713, 2.870347710445395e-01, -5.758492342418380e-02, 3.924555390088948e-01, 0.000000000000000e+00, 0.000000000000000e+00, 9.012755785529113e+04, 0.000000000000000e+00, 3.605102314211644e+04, 3.200055252843694e+02, 0.000000000000000e+00, -2.417453286928051e-01, 0.000000000000000e+00, 0.000000000000000e+00, 1.939080508687096e-05, 3.943613042565132e-03, -1.849313774680868e-04, -2.269252931341363e+02, 7.022100569540938e-01, 0.000000000000000e+00
714, 2.901615463183466e-01, -5.772878796269162e-02, 3.916290004717186e-01, 0.000000000000000e+00, 0.000000000000000e+00, 8.993254328030981e+04, 0.000000000000000e+00, 3.597301731212391e+04, 3.199870243518570e+02, 0.000000000000000e+00, -2.470386775560556e-01, 0.000000000000000e+00, 0.000000000000000e+00, 1.938995698416688e-05, 3.950251498405969e-03, -1.780719598221868e-04, -2.277846411857425e+02, 7.020547040816242e-01, 0.000000000000000e+00
715, 2.933402632168345e-01, -5.786916642724756e-02, 3.907874019644511e-01, 0.000000000000000e+00, 0.000000000000000e+00, 8.973398025817132e+04, 0.000000000000000e+00, 3.589359210326852e+04, 3.199681231025148e+02, 0.000000000000000e+00, -2.524283431624388e-01, 0.000000000000000e+00, 0.000000000000000e+00, 1.938909050541160e-05, 3.956854939407973e-03, -1.709139331962161e-04, -2.286423171400202e+02, 7.018811391100459e-01, 0.000000000000000e+00
716, 2.965717761112335e-01, -5.800567392474252e-02, 3.899329129545869e-01, 0.000000000000000e+00, 0.000000000000000e+00, 8.953239367472060e+04, 0.000000000000000e+00, 3.581295746988823e+04, 3.199489123652073e+02, 0.000000000000000e+00, -2.579000783517583e-01, 0.000000000000000e+00, 0.000000000000000e+00, 1.938820981299043e-05, 3.963316886245804e-03, -1.634392441977222e-04, -2.294881283275457e+02, 7.016817865582495e-01, 0.000000000000000e+00
717, 2.998569520085336e-01, -5.813790161077107e-02, 3.890672651921510e-01, 0.000000000000000e+00, 0.000000000000000e+00, 8.932820095336768e+04, 0.000000000000000e+00, 3.573128038134707e+04, 3.199294591803645e+02, 0.000000000000000e+00, -2.634425528542970e-01, 0.000000000000000e+00, 0.000000000000000e+00, 1.938731797915882e-05, 3.969570663158728e-03, -1.556328383165260e-04, -2.303141801480745e+02, 7.014523363302888e-01, 0.000000000000000e+00
718, 3.031980222933540e-01, -5.826546562218691e-02, 3.881921732573793e-01, 0.000000000000000e+00, 0.000000000000000e+00, 8.912181479524770e+04, 0.000000000000000e+00, 3.564872591809907e+04, 3.199098286837712e+02, 0.000000000000000e+00, -2.690445645787010e-01, 0.000000000000000e+00, 0.000000000000000e+00, 1.938641798920462e-05, 3.975541850454199e-03, -1.474780454029641e-04, -2.311115029556596e+02, 7.011878454790181e-01, 0.000000000000000e+00
719, 3.065983449460285e-01, -5.838798260378125e-02, 3.873089147248625e-01, 0.000000000000000e+00, 0.000000000000000e+00, 8.891353528636138e+04, 0.000000000000000e+00, 3.556541411454454e+04, 3.198900426895070e+02, 0.000000000000000e+00, -2.746979681856234e-01, 0.000000000000000e+00, 0.000000000000000e+00, 1.938551084252970e-05, 3.981243395950225e-03, -1.389669975676718e-04, -2.318806773447216e+02, 7.008908291625461e-01, 0.000000000000000e+00
720, 3.100551654797339e-01, -5.850481712766686e-02, 3.864189951920108e-01, 0.000000000000000e+00, 0.000000000000000e+00, 8.870372115534713e+04, 0.000000000000000e+00, 3.548148846213885e+04, 3.198701461664437e+02, 0.000000000000000e+00, -2.803930265780764e-01, 0.000000000000000e+00, 0.000000000000000e+00, 1.938459860030087e-05, 3.986645335193292e-03, -1.300774317048540e-04, -2.326160676172335e+02, 7.005601881968421e-01, 0.000000000000000e+00
721, 3.135694068459466e-01, -5.861543645331035e-02, 3.855262198325206e-01, 0.000000000000000e+00, 0.000000000000000e+00, 8.849329469481333e+04, 0.000000000000000e+00, 3.539731787792532e+04, 3.198503139081523e+02, 0.000000000000000e+00, -2.861047056449931e-01, 0.000000000000000e+00, 0.000000000000000e+00, 1.938368927658612e-05, 3.991537517350992e-03, -1.207817396204406e-04, -2.332986294681264e+02, 7.001809382880667e-01, 0.000000000000000e+00
722, 3.171420053759342e-01, -5.871926102237004e-02, 3.846341243083165e-01, 0.000000000000000e+00, 0.000000000000000e+00, 8.828311257801078e+04, 0.000000000000000e+00, 3.531324503120431e+04, 3.198307094933905e+02, 0.000000000000000e+00, -2.918097524044921e-01, 0.000000000000000e+00, 0.000000000000000e+00, 1.938279037220598e-05, 3.995669175866726e-03, -1.110528694290686e-04, -2.339035229423962e+02, 6.997344886445658e-01, 0.000000000000000e+00
723, 3.207739104843638e-01, -5.881567345158108e-02, 3.837475824212863e-01, 0.000000000000000e+00, 0.000000000000000e+00, 8.807433790544164e+04, 0.000000000000000e+00, 3.522973516217665e+04, 3.198114962356143e+02, 0.000000000000000e+00, -2.974765964125627e-01, 0.000000000000000e+00, 0.000000000000000e+00, 1.938190937671939e-05, 3.998887915192830e-03, -1.008760179880926e-04, -2.344118100812225e+02, 6.992122667615432e-01, 0.000000000000000e+00
724, 3.244660839944425e-01, -5.890401836044391e-02, 3.828719577115688e-01, 0.000000000000000e+00, 0.000000000000000e+00, 8.786824581266807e+04, 0.000000000000000e+00, 3.514729832506723e+04, 3.197928386100123e+02, 0.000000000000000e+00, -3.030706262183468e-01, 0.000000000000000e+00, 0.000000000000000e+00, 1.938105383382367e-05, 4.000973869502331e-03, -9.023744199660445e-05, -2.347958977303155e+02, 6.986003645527533e-01, 0.000000000000000e+00
725, 3.282195003193419e-01, -5.898360031208515e-02, 3.820137296414267e-01, 0.000000000000000e+00, 0.000000000000000e+00, 8.766638143675314e+04, 0.000000000000000e+00, 3.506655257470125e+04, 3.197749543268802e+02, 0.000000000000000e+00, -3.085499016257487e-01, 0.000000000000000e+00, 0.000000000000000e+00, 1.938023372922543e-05, 4.001732771598990e-03, -7.912688679311050e-05, -2.350296558263120e+02, 6.978881548192167e-01, 0.000000000000000e+00
726, 3.320351461564390e-01, -5.905368260816003e-02, 3.811807504055965e-01, 0.000000000000000e+00, 0.000000000000000e+00, 8.747060855469519e+04, 0.000000000000000e+00, 3.498824342187807e+04, 3.197580773891071e+02, 0.000000000000000e+00, -3.138638334833854e-01, 0.000000000000000e+00, 0.000000000000000e+00, 1.937945979677707e-05, 4.000910456817470e-03, -6.754875874213398e-05, -2.350759270456596e+02, 6.970611125961510e-01, 0.000000000000000e+00
727, 3.359162298856518e-01, -5.911354686654807e-02, 3.803810887475120e-01, 0.000000000000000e+00, 0.000000000000000e+00, 8.728281181027238e+04, 0.000000000000000e+00, 3.491312472410894e+04, 3.197423393182848e+02, 0.000000000000000e+00, -3.189612662455665e-01, 0.000000000000000e+00, 0.000000000000000e+00, 1.937873807156594e-05, 3.998487880684977e-03, -5.555328105588039e-05, -2.349215298468399e+02, 6.961256242760787e-01, 0.000000000000000e+00
728, 3.398653500964456e-01, -5.916247211388927e-02, 3.796179174891110e-01, 0.000000000000000e+00, 0.000000000000000e+00, 8.710374582107089e+04, 0.000000000000000e+00, 3.484149832842835e+04, 3.197278491327797e+02, 0.000000000000000e+00, -3.238217170630362e-01, 0.000000000000000e+00, 0.000000000000000e+00, 1.937807355701061e-05, 3.994594574806051e-03, -4.319275133559435e-05, -2.345916775191312e+02, 6.950964379814865e-01, 0.000000000000000e+00
729, 3.438799087333432e-01, -5.919965653143229e-02, 3.788929189696507e-01, 0.000000000000000e+00, 0.000000000000000e+00, 8.693383380712218e+04, 0.000000000000000e+00, 3.477353352284886e+04, 3.197147554481878e+02, 0.000000000000000e+00, -3.284336983263556e-01, 0.000000000000000e+00, 0.000000000000000e+00, 1.937747307263732e-05, 3.989168327640679e-03, -3.047656430004774e-05, -2.340893498361152e+02, 6.939700087667673e-01, 0.000000000000000e+00
730, 3.479609433301469e-01, -5.922432106271009e-02, 3.782114977931814e-01, 0.000000000000000e+00, 0.000000000000000e+00, 8.677434244034850e+04, 0.000000000000000e+00, 3.470973697613939e+04, 3.197031685417343e+02, 0.000000000000000e+00, -3.327628283162066e-01, 0.000000000000000e+00, 0.000000000000000e+00, 1.937694167986752e-05, 3.982103066112221e-03, -1.741443095819989e-05, -2.333959824582079e+02, 6.927423481610644e-01, 0.000000000000000e+00
731, 3.521095030835142e-01, -5.923564598229424e-02, 3.775789801751036e-01, 0.000000000000000e+00, 0.000000000000000e+00, 8.662654085082858e+04, 0.000000000000000e+00, 3.465061634033143e+04, 3.196932746149913e+02, 0.000000000000000e+00, -3.367746585906707e-01, 0.000000000000000e+00, 0.000000000000000e+00, 1.937648792211338e-05, 3.973226663362425e-03, -4.012954764606480e-06, -2.324936400537254e+02, 6.914034033789024e-01, 0.000000000000000e+00
732, 3.563266491499663e-01, -5.923277041681779e-02, 3.770023676470742e-01, 0.000000000000000e+00, 0.000000000000000e+00, 8.649208233731870e+04, 0.000000000000000e+00, 3.459683293492747e+04, 3.196852597741223e+02, 0.000000000000000e+00, -3.404243130829572e-01, 0.000000000000000e+00, 0.000000000000000e+00, 1.937612033836660e-05, 3.962373338445895e-03, 9.704962765278290e-06, -2.313589044515982e+02, 6.899450372605955e-01, 0.000000000000000e+00
733, 3.606134541962631e-01, -5.921481742277761e-02, 3.764887088994636e-01, 0.000000000000000e+00, 0.000000000000000e+00, 8.637262203655229e+04, 0.000000000000000e+00, 3.454904881462090e+04, 3.196792770655478e+02, 0.000000000000000e+00, -3.436668658374170e-01, 0.000000000000000e+00, 0.000000000000000e+00, 1.937584595109882e-05, 3.949484649835021e-03, 2.369552027993208e-05, -2.299824838838809e+02, 6.883683033964867e-01, 0.000000000000000e+00
734, 3.649710025410237e-01, -5.918090733359420e-02, 3.760430602889156e-01, 0.000000000000000e+00, 0.000000000000000e+00, 8.626936425277880e+04, 0.000000000000000e+00, 3.450774570111151e+04, 3.196755020079849e+02, 0.000000000000000e+00, -3.464696280023036e-01, 0.000000000000000e+00, 0.000000000000000e+00, 1.937567281287053e-05, 3.934506839464453e-03, 3.792288587069594e-05, -2.283663314625213e+02, 6.866725169134077e-01, 0.000000000000000e+00
735, 3.694003898475637e-01, -5.913012422704719e-02, 3.756709033018439e-01, 0.000000000000000e+00, 0.000000000000000e+00, 8.618362533449575e+04, 0.000000000000000e+00, 3.447345013379829e+04, 3.196741627127182e+02, 0.000000000000000e+00, -3.487968694696320e-01, 0.000000000000000e+00, 0.000000000000000e+00, 1.937561138754793e-05, 3.917242334920726e-03, 5.237083672998935e-05, -2.264944204727782e+02, 6.848444339673738e-01, 0.000000000000000e+00
736, 3.739060284633705e-01, -5.906145218026197e-02, 3.753806364285473e-01, 0.000000000000000e+00, 0.000000000000000e+00, 8.611739455841390e+04, 0.000000000000000e+00, 3.444695782336556e+04, 3.196754994054732e+02, 0.000000000000000e+00, -3.505945946053995e-01, 0.000000000000000e+00, 0.000000000000000e+00, 1.937567269350928e-05, 3.897454759833204e-03, 6.701589430297069e-05, -2.243386039902198e+02, 6.828696074215606e-01, 0.000000000000000e+00
737, 3.784894089341423e-01, -5.897384050344859e-02, 3.751816161715996e-01, 0.000000000000000e+00, 0.000000000000000e+00, 8.607289125940684e+04, 0.000000000000000e+00, 3.442915650376273e+04, 3.196797878043653e+02, 0.000000000000000e+00, -3.518025632263732e-01, 0.000000000000000e+00, 0.000000000000000e+00, 1.937586937540926e-05, 3.874885389916807e-03, 8.180990853178556e-05, -2.218683810910408e+02, 6.807318003294520e-01, 0.000000000000000e+00
738, 3.831481894567605e-01, -5.886632373918013e-02, 3.750842249725042e-01, 0.000000000000000e+00, 0.000000000000000e+00, 8.605253248195563e+04, 0.000000000000000e+00, 3.442101299278224e+04, 3.196871598238717e+02, 0.000000000000000e+00, -3.523551686482443e-01, 0.000000000000000e+00, 0.000000000000000e+00, 1.937620748054781e-05, 3.849531520688715e-03, 9.664591364343815e-05, -2.190731302433670e+02, 6.784375480586284e-01, 0.000000000000000e+00
739, 3.878835177010027e-01, -5.873799304519044e-02, 3.750930025451882e-01, 0.000000000000000e+00, 0.000000000000000e+00, 8.605736733492311e+04, 0.000000000000000e+00, 3.442294693396924e+04, 3.196976399773808e+02, 0.000000000000000e+00, -3.522239345419634e-01, 0.000000000000000e+00, 0.000000000000000e+00, 1.937668812831778e-05, 3.821668430299865e-03, 1.114153447885120e-04, -2.159937277863640e+02, 6.760121001136187e-01, 0.000000000000000e+00
740, 3.926965552978314e-01, -5.858795462062572e-02, 3.752064865416156e-01, 0.000000000000000e+00, 0.000000000000000e+00, 8.608708334203961e+04, 0.000000000000000e+00, 3.443483333681583e+04, 3.197113047301061e+02, 0.000000000000000e+00, -3.514173425602846e-01, 0.000000000000000e+00, 0.000000000000000e+00, 1.937731481856958e-05, 3.791408637925966e-03, 1.260708190594193e-04, -2.126681876316879e+02, 6.734606266049525e-01, 0.000000000000000e+00
741, 3.975884766856312e-01, -5.841528656720988e-02, 3.754266258767924e-01, 0.000000000000000e+00, 0.000000000000000e+00, 8.614214384338986e+04, 0.000000000000000e+00, 3.445685753735594e+04, 3.197281997370740e+02, 0.000000000000000e+00, -3.499228161011197e-01, 0.000000000000000e+00, 0.000000000000000e+00, 1.937808963577021e-05, 3.758712262606783e-03, 1.405782561579317e-04, -2.090973480934167e+02, 6.707775234747924e-01, 0.000000000000000e+00
742, 4.025604692659504e-01, -5.821903789392519e-02, 3.757579707037789e-01, 0.000000000000000e+00, 0.000000000000000e+00, 8.622361417493313e+04, 0.000000000000000e+00, 3.448944566997324e+04, 3.197483836685678e+02, 0.000000000000000e+00, -3.477114383776627e-01, 0.000000000000000e+00, 0.000000000000000e+00, 1.937901525882719e-05, 3.723525893526793e-03, 1.548899765325899e-04, -2.052742665176881e+02, 6.679576118864669e-01, 0.000000000000000e+00
743, 4.076137347147847e-01, -5.799825925888143e-02, 3.762051610701402e-01, 0.000000000000000e+00, 0.000000000000000e+00, 8.633256347442456e+04, 0.000000000000000e+00, 3.453302538976982e+04, 3.197718459632520e+02, 0.000000000000000e+00, -3.447541894096292e-01, 0.000000000000000e+00, 0.000000000000000e+00, 1.938009118927871e-05, 3.685953494186320e-03, 1.689268684273514e-04, -2.012106066554796e+02, 6.650091885749871e-01, 0.000000000000000e+00
744, 4.127494930006557e-01, -5.775207598717556e-02, 3.767686672952739e-01, 0.000000000000000e+00, 0.000000000000000e+00, 8.646910300190031e+04, 0.000000000000000e+00, 3.458764120076012e+04, 3.197985655877399e+02, 0.000000000000000e+00, -3.410480492269188e-01, 0.000000000000000e+00, 0.000000000000000e+00, 1.938131644624263e-05, 3.646095334465164e-03, 1.826185786882938e-04, -1.969307218488068e+02, 6.619360643824549e-01, 0.000000000000000e+00
745, 4.179736691628204e-01, -5.747937087811952e-02, 3.774477579787829e-01, 0.000000000000000e+00, 0.000000000000000e+00, 8.663306154135219e+04, 0.000000000000000e+00, 3.465322461654087e+04, 3.198284909111244e+02, 0.000000000000000e+00, -3.365976652055657e-01, 0.000000000000000e+00, 0.000000000000000e+00, 1.938268864374048e-05, 3.604075162857238e-03, 1.959233861095085e-04, -1.924612619940981e+02, 6.587429037905057e-01, 0.000000000000000e+00
746, 4.232862433749452e-01, -5.717928110398428e-02, 3.782417224486279e-01, 0.000000000000000e+00, 0.000000000000000e+00, 8.682428826947413e+04, 0.000000000000000e+00, 3.472971530778964e+04, 3.198616225808685e+02, 0.000000000000000e+00, -3.314071311953551e-01, 0.000000000000000e+00, 0.000000000000000e+00, 1.938420779101984e-05, 3.559846316247397e-03, 2.088044825655065e-04, -1.878091920054138e+02, 6.554184047843064e-01, 0.000000000000000e+00
747, 4.286853057464360e-01, -5.685107472834939e-02, 3.791530744828231e-01, 0.000000000000000e+00, 0.000000000000000e+00, 8.704335699764967e+04, 0.000000000000000e+00, 3.481734279905986e+04, 3.198978982686277e+02, 0.000000000000000e+00, -3.254608720330703e-01, 0.000000000000000e+00, 0.000000000000000e+00, 1.938587100781801e-05, 3.513405275714685e-03, 2.211942878467093e-04, -1.829718726316931e+02, 6.519572396515654e-01, 0.000000000000000e+00
748, 4.341721522431208e-01, -5.649393436180679e-02, 3.801824836196014e-01, 0.000000000000000e+00, 0.000000000000000e+00, 8.729039159492968e+04, 0.000000000000000e+00, 3.491615663797186e+04, 3.199371523270505e+02, 0.000000000000000e+00, -3.187555254977109e-01, 0.000000000000000e+00, 0.000000000000000e+00, 1.938767067569823e-05, 3.465013223618757e-03, 2.330042299286694e-04, -1.779797682791789e+02, 6.483764214901181e-01, 0.000000000000000e+00
749, 4.397481058246882e-01, -5.610715860257024e-02, 3.813243855956130e-01, 0.000000000000000e+00, 0.000000000000000e+00, 8.756408380703529e+04, 0.000000000000000e+00, 3.502563352281411e+04, 3.199792126363087e+02, 0.000000000000000e+00, -3.113266019930523e-01, 0.000000000000000e+00, 0.000000000000000e+00, 1.938959887940274e-05, 3.414992710908629e-03, 2.441834848531931e-04, -1.728857199340300e+02, 6.446937307836378e-01, 0.000000000000000e+00
750, 4.454145117331568e-01, -5.569006777975515e-02, 3.825721943084453e-01, 0.000000000000000e+00, 0.000000000000000e+00, 8.786289638144003e+04, 0.000000000000000e+00, 3.514515855257600e+04, 3.200239271314599e+02, 0.000000000000000e+00, -3.032158277024553e-01, 0.000000000000000e+00, 0.000000000000000e+00, 1.939164862328754e-05, 3.363488290886615e-03, 2.547100460802021e-04, -1.677190012859710e+02, 6.409099776202943e-01, 0.000000000000000e+00
751, 4.511727384497590e-01, -5.524199468620825e-02, 3.839228855820261e-01, 0.000000000000000e+00, 0.000000000000000e+00, 8.818609943376428e+04, 0.000000000000000e+00, 3.527443977350570e+04, 3.200711050309217e+02, 0.000000000000000e+00, -2.944430141330929e-01, 0.000000000000000e+00, 0.000000000000000e+00, 1.939381113748152e-05, 3.310595800463565e-03, 2.645569124863808e-04, -1.624897324544433e+02, 6.370244754309358e-01, 0.000000000000000e+00
752, 4.570241802420686e-01, -5.476231391282945e-02, 3.853731608621415e-01, 0.000000000000000e+00, 0.000000000000000e+00, 8.853289754088383e+04, 0.000000000000000e+00, 3.541315901635352e+04, 3.201205465613814e+02, 0.000000000000000e+00, -2.850297517332209e-01, 0.000000000000000e+00, 0.000000000000000e+00, 1.939607724120486e-05, 3.256488979662413e-03, 2.736813980516250e-04, -1.572189659366434e+02, 6.330436567564919e-01, 0.000000000000000e+00
753, 4.629702649234808e-01, -5.425050859212236e-02, 3.869175343300446e-01, 0.000000000000000e+00, 0.000000000000000e+00, 8.890199557098921e+04, 0.000000000000000e+00, 3.556079822839568e+04, 3.201720632859829e+02, 0.000000000000000e+00, -2.750111947188362e-01, 0.000000000000000e+00, 0.000000000000000e+00, 1.939843827486635e-05, 3.201385870227160e-03, 2.820566979466707e-04, -1.519367290924792e+02, 6.289768586332868e-01, 0.000000000000000e+00
754, 4.690188718727452e-01, -5.370552686766229e-02, 3.885502769313695e-01, 0.000000000000000e+00, 0.000000000000000e+00, 8.929203222091877e+04, 0.000000000000000e+00, 3.571681288836750e+04, 3.202254326579344e+02, 0.000000000000000e+00, -2.644242934181086e-01, 0.000000000000000e+00, 0.000000000000000e+00, 1.940088401758257e-05, 3.145497234510586e-03, 2.896722492558496e-04, -1.466686187945440e+02, 6.248333282810744e-01, 0.000000000000000e+00
755, 4.751680395134855e-01, -5.312720231080171e-02, 3.902647523580088e-01, 0.000000000000000e+00, 0.000000000000000e+00, 8.970144296268580e+04, 0.000000000000000e+00, 3.588057718507432e+04, 3.202804552525264e+02, 0.000000000000000e+00, -2.533115143617605e-01, 0.000000000000000e+00, 0.000000000000000e+00, 1.940340531053142e-05, 3.088945049623848e-03, 2.965227964326530e-04, -1.414318746129953e+02, 6.206134322682805e-01, 0.000000000000000e+00
756, 4.814165914642689e-01, -5.251540971646398e-02, 3.920551993669567e-01, 0.000000000000000e+00, 0.000000000000000e+00, 9.012885667560752e+04, 0.000000000000000e+00, 3.605154267024300e+04, 3.203369090650230e+02, 0.000000000000000e+00, -2.417100743583741e-01, 0.000000000000000e+00, 0.000000000000000e+00, 1.940599196283377e-05, 3.031900314248907e-03, 3.025856219892833e-04, -1.362431412031752e+02, 6.163234575521112e-01, 0.000000000000000e+00
757, 4.877660966099103e-01, -5.186990802429000e-02, 3.939150414347956e-01, 0.000000000000000e+00, 0.000000000000000e+00, 9.057270539755505e+04, 0.000000000000000e+00, 3.622908215902201e+04, 3.203945444429133e+02, 0.000000000000000e+00, -2.296625331527940e-01, 0.000000000000000e+00, 0.000000000000000e+00, 1.940863252006596e-05, 2.974627647489288e-03, 3.078518974355069e-04, -1.311288002921878e+02, 6.119794264391033e-01, 0.000000000000000e+00
758, 4.942181635867048e-01, -5.119054195650224e-02, 3.958357381402721e-01, 0.000000000000000e+00, 0.000000000000000e+00, 9.103097791980104e+04, 0.000000000000000e+00, 3.641239116792041e+04, 3.204531484273754e+02, 0.000000000000000e+00, -2.172234816874251e-01, 0.000000000000000e+00, 0.000000000000000e+00, 1.941131721243736e-05, 2.917322278994030e-03, 3.123304465798133e-04, -1.261111191665679e+02, 6.075900638809618e-01, 0.000000000000000e+00
759, 5.007744410259696e-01, -5.047722609470463e-02, 3.978104160461139e-01, 0.000000000000000e+00, 0.000000000000000e+00, 9.150203565437208e+04, 0.000000000000000e+00, 3.660081426174883e+04, 3.205124783375786e+02, 0.000000000000000e+00, -2.044373967291304e-01, 0.000000000000000e+00, 0.000000000000000e+00, 1.941403491206865e-05, 2.860168981537012e-03, 3.160329701721102e-04, -1.212035431057836e+02, 6.031654337147337e-01, 0.000000000000000e+00
760, 5.074366216934708e-01, -4.972997490485481e-02, 3.998315622836593e-01, 0.000000000000000e+00, 0.000000000000000e+00, 9.198408622008484e+04, 0.000000000000000e+00, 3.679363448803393e+04, 3.205722763733031e+02, 0.000000000000000e+00, -1.913529295076971e-01, 0.000000000000000e+00, 0.000000000000000e+00, 1.941677380255355e-05, 2.803405745565560e-03, 3.189672389805407e-04, -1.164236681574005e+02, 5.987217571171696e-01, 0.000000000000000e+00
761, 5.142064502373055e-01, -4.894895252999570e-02, 4.018900010629226e-01, 0.000000000000000e+00, 0.000000000000000e+00, 9.247494095358923e+04, 0.000000000000000e+00, 3.698997638143569e+04, 3.206322466743115e+02, 0.000000000000000e+00, -1.780294876784622e-01, 0.000000000000000e+00, 0.000000000000000e+00, 1.941952032879340e-05, 2.747373374611266e-03, 3.211597999708615e-04, -1.117987849863390e+02, 5.942866878249778e-01, 0.000000000000000e+00
762, 5.210857205290010e-01, -4.813443572830527e-02, 4.039744509332069e-01, 0.000000000000000e+00, 0.000000000000000e+00, 9.297193346801618e+04, 0.000000000000000e+00, 3.718877338720646e+04, 3.206921284183638e+02, 0.000000000000000e+00, -1.645394459134417e-01, 0.000000000000000e+00, 0.000000000000000e+00, 1.942226254514924e-05, 2.692375417100134e-03, 3.226579763462103e-04, -1.073542203035902e+02, 5.898846529974431e-01, 0.000000000000000e+00
763, 5.280848608250992e-01, -4.728574469994413e-02, 4.060763110831186e-01, 0.000000000000000e+00, 0.000000000000000e+00, 9.347300754319286e+04, 0.000000000000000e+00, 3.738920301727713e+04, 3.207516491806550e+02, 0.000000000000000e+00, -1.509386169164566e-01, 0.000000000000000e+00, 0.000000000000000e+00, 1.942498797915017e-05, 2.638646880546906e-03, 3.235390230552870e-04, -1.031038520588389e+02, 5.855370983295275e-01, 0.000000000000000e+00
764, 5.351994529016877e-01, -4.640387328844731e-02, 4.081865812254357e-01, 0.000000000000000e+00, 0.000000000000000e+00, 9.397607103579090e+04, 0.000000000000000e+00, 3.759042841431635e+04, 3.208107385687535e+02, 0.000000000000000e+00, -1.372837884661133e-01, 0.000000000000000e+00, 0.000000000000000e+00, 1.942769341261609e-05, 2.586042755733224e-03, 3.238781827999977e-04, -9.903573161794614e+01, 5.812245234337121e-01, 0.000000000000000e+00
765, 5.424294069595269e-01, -4.548922160503038e-02, 4.103048162466567e-01, 0.000000000000000e+00, 0.000000000000000e+00, 9.448100190684217e+04, 0.000000000000000e+00, 3.779240076273686e+04, 3.208693332361872e+02, 0.000000000000000e+00, -1.235782731088366e-01, 0.000000000000000e+00, 0.000000000000000e+00, 1.943037595106500e-05, 2.534396398186436e-03, 3.237001495406242e-04, -9.512344256397435e+01, 5.769300705200705e-01, 0.000000000000000e+00
766, 5.497766683451009e-01, -4.454203083069468e-02, 4.124303628205183e-01, 0.000000000000000e+00, 0.000000000000000e+00, 9.498764138072157e+04, 0.000000000000000e+00, 3.799505655228862e+04, 3.209274093454000e+02, 0.000000000000000e+00, -1.098263805469899e-01, 0.000000000000000e+00, 0.000000000000000e+00, 1.943303450953935e-05, 2.483648226060517e-03, 3.230078416463667e-04, -9.135607577384648e+01, 5.726477199673357e-01, 0.000000000000000e+00
767, 5.572432310116228e-01, -4.356262778091777e-02, 4.145607974277097e-01, 0.000000000000000e+00, 0.000000000000000e+00, 9.549542148089524e+04, 0.000000000000000e+00, 3.819816859235809e+04, 3.209849391587555e+02, 0.000000000000000e+00, -9.604352756642198e-02, 0.000000000000000e+00, 0.000000000000000e+00, 1.943566782490451e-05, 2.433830550444737e-03, 3.218206932410840e-04, -8.773438693596221e+01, 5.683807860750809e-01, 0.000000000000000e+00
768, 5.648311365660359e-01, -4.255140769616634e-02, 4.166921304262875e-01, 0.000000000000000e+00, 0.000000000000000e+00, 9.600342191311881e+04, 0.000000000000000e+00, 3.840136876524751e+04, 3.210419253384964e+02, 0.000000000000000e+00, -8.225469403590842e-02, 0.000000000000000e+00, 0.000000000000000e+00, 1.943827602572415e-05, 2.384962838792099e-03, 3.201555339332702e-04, -8.425843181188003e+01, 5.641302971021412e-01, 0.000000000000000e+00
769, 5.725424786418988e-01, -4.150886882326077e-02, 4.188215007313909e-01, 0.000000000000000e+00, 0.000000000000000e+00, 9.651095187726998e+04, 0.000000000000000e+00, 3.860438075090798e+04, 3.210982709912884e+02, 0.000000000000000e+00, -6.847863058494644e-02, 0.000000000000000e+00, 0.000000000000000e+00, 1.944085468449094e-05, 2.337194147969313e-03, 3.180480157098361e-04, -8.093374065469847e+01, 5.599140389945304e-01, 0.000000000000000e+00
770, 5.803794005014995e-01, -4.043558240338798e-02, 4.209436121975771e-01, 0.000000000000000e+00, 0.000000000000000e+00, 9.701673634972886e+04, 0.000000000000000e+00, 3.880669453989153e+04, 3.211538065560307e+02, 0.000000000000000e+00, -5.474994562590481e-02, 0.000000000000000e+00, 0.000000000000000e+00, 1.944339604994936e-05, 2.290559817370073e-03, 3.155520882998483e-04, -7.775234698538698e+01, 5.557361206935313e-01, 0.000000000000000e+00
771, 5.883440698181814e-01, -3.933201011111351e-02, 4.230591542627980e-01, 0.000000000000000e+00, 0.000000000000000e+00, 9.752095275107924e+04, 0.000000000000000e+00, 3.900838110043169e+04, 3.212086080018229e+02, 0.000000000000000e+00, -4.106382336978163e-02, 0.000000000000000e+00, 0.000000000000000e+00, 1.944590360766860e-05, 2.244870260451797e-03, 3.126965968745771e-04, -7.469881381284439e+01, 5.515772483279009e-01, 0.000000000000000e+00
772, 5.964499829213652e-01, -3.819704928144577e-02, 4.251705736564054e-01, 0.000000000000000e+00, 0.000000000000000e+00, 9.802420462448169e+04, 0.000000000000000e+00, 3.920968184979267e+04, 3.212628180986035e+02, 0.000000000000000e+00, -2.740388163333147e-02, 0.000000000000000e+00, 0.000000000000000e+00, 1.944838389814519e-05, 2.199915036489927e-03, 3.094688412419989e-04, -7.175763419786325e+01, 5.474149610925177e-01, 0.000000000000000e+00
773, 6.046894571006948e-01, -3.703265400959694e-02, 4.272779013897917e-01, 0.000000000000000e+00, 0.000000000000000e+00, 9.852650128569687e+04, 0.000000000000000e+00, 3.941060051427874e+04, 3.213164542420153e+02, 0.000000000000000e+00, -1.376986755560145e-02, 0.000000000000000e+00, 0.000000000000000e+00, 1.945083772402634e-05, 2.155686146965234e-03, 3.058841544896133e-04, -6.892630913603141e+01, 5.432494994958166e-01, 0.000000000000000e+00
774, 6.130638363188758e-01, -3.583960290342541e-02, 4.293778413518713e-01, 0.000000000000000e+00, 0.000000000000000e+00, 9.902706542789702e+04, 0.000000000000000e+00, 3.961082617115880e+04, 3.213694708334301e+02, 0.000000000000000e+00, -1.828798478732699e-04, 0.000000000000000e+00, 0.000000000000000e+00, 1.945326300602160e-05, 2.112162694735629e-03, 3.019536387129656e-04, -6.619613177169103e+01, 5.390774718769135e-01, 0.000000000000000e+00
775, 6.215754947440646e-01, -3.461863518303214e-02, 4.314734583500403e-01, 0.000000000000000e+00, 0.000000000000000e+00, 9.952663105444987e+04, 0.000000000000000e+00, 3.981065242177994e+04, 3.214219670133234e+02, 0.000000000000000e+00, 1.337700480016274e-02, 0.000000000000000e+00, 0.000000000000000e+00, 1.945566428583046e-05, 2.069265587327302e-03, 2.976756683375266e-04, -6.356429377586682e+01, 5.348916826136919e-01, 0.000000000000000e+00
776, 6.302268637002989e-01, -3.337060342953027e-02, 4.335619333236050e-01, 0.000000000000000e+00, 0.000000000000000e+00, 1.000245353030547e+05, 0.000000000000000e+00, 4.000981412122187e+04, 3.214739117455068e+02, 0.000000000000000e+00, 2.689179408507818e-02, 0.000000000000000e+00, 0.000000000000000e+00, 1.945804014979397e-05, 2.026977024634705e-03, 2.930610781765904e-04, -6.102318370061278e+01, 5.306890313926311e-01, 0.000000000000000e+00
777, 6.390204267956008e-01, -3.209644053868884e-02, 4.356462463485916e-01, 0.000000000000000e+00, 0.000000000000000e+00, 1.005214929779143e+05, 0.000000000000000e+00, 4.020859719116570e+04, 3.215254024477216e+02, 0.000000000000000e+00, 4.038089018752849e-02, 0.000000000000000e+00, 0.000000000000000e+00, 1.946039505920701e-05, 1.985207840324645e-03, 2.881098346894988e-04, -5.856912617335948e+01, 5.264603115724228e-01, 0.000000000000000e+00
778, 6.479587272065566e-01, -3.079720826165245e-02, 4.377243399073083e-01, 0.000000000000000e+00, 0.000000000000000e+00, 1.010170288995835e+05, 0.000000000000000e+00, 4.040681155983340e+04, 3.215764459597691e+02, 0.000000000000000e+00, 5.383139514552360e-02, 0.000000000000000e+00, 0.000000000000000e+00, 1.946272933183602e-05, 1.943908527605464e-03, 2.828102717461826e-04, -5.619374824094698e+01, 5.221977689879765e-01, 0.000000000000000e+00
779, 6.570443858135911e-01, -2.947421800330088e-02, 4.397987383701176e-01, 0.000000000000000e+00, 0.000000000000000e+00, 1.015117379703701e+05, 0.000000000000000e+00, 4.060469518814803e+04, 3.216270895740453e+02, 0.000000000000000e+00, 6.725945660061580e-02, 0.000000000000000e+00, 0.000000000000000e+00, 1.946504513502585e-05, 1.903160707416073e-03, 2.771519849733644e-04, -5.390452875134459e+01, 5.179135261124266e-01, 0.000000000000000e+00
780, 6.662805195211052e-01, -2.812905675533995e-02, 4.418624755918331e-01, 0.000000000000000e+00, 0.000000000000000e+00, 1.020039616535372e+05, 0.000000000000000e+00, 4.080158466141488e+04, 3.216771812492100e+02, 0.000000000000000e+00, 8.062005630967377e-02, 0.000000000000000e+00, 0.000000000000000e+00, 1.946733552144595e-05, 1.863164280008259e-03, 2.711523253087402e-04, -5.170490279919452e+01, 5.136314397796929e-01, 0.000000000000000e+00
781, 6.756833406701068e-01, -2.676163060298509e-02, 4.439172476411899e-01, 0.000000000000000e+00, 0.000000000000000e+00, 1.024940905319088e+05, 0.000000000000000e+00, 4.099763621276352e+04, 3.217267291060861e+02, 0.000000000000000e+00, 9.392379599899223e-02, 0.000000000000000e+00, 0.000000000000000e+00, 1.946960086825448e-05, 1.823970388936047e-03, 2.648306156505716e-04, -4.959971704130663e+01, 5.093615953572442e-01, 0.000000000000000e+00
782, 6.852422834619528e-01, -2.537591139248967e-02, 4.459553268783414e-01, 0.000000000000000e+00, 0.000000000000000e+00, 1.029802864626034e+05, 0.000000000000000e+00, 4.119211458504136e+04, 3.217755759492736e+02, 0.000000000000000e+00, 1.071207823129931e-01, 0.000000000000000e+00, 0.000000000000000e+00, 1.947183399496950e-05, 1.785655607402003e-03, 2.582128311229781e-04, -4.758477243174855e+01, 5.051128651375079e-01, 0.000000000000000e+00
783, 6.949602678129986e-01, -2.397411104306312e-02, 4.479775277823044e-01, 0.000000000000000e+00, 0.000000000000000e+00, 1.034627332509045e+05, 0.000000000000000e+00, 4.138509330036178e+04, 3.218237234228738e+02, 0.000000000000000e+00, 1.202160043428173e-01, 0.000000000000000e+00, 0.000000000000000e+00, 1.947403498402150e-05, 1.748278386376741e-03, 2.513120348669502e-04, -4.566425404986735e+01, 5.008968788083713e-01, 0.000000000000000e+00
784, 7.048402924289912e-01, -2.255873104453920e-02, 4.499776519173815e-01, 0.000000000000000e+00, 0.000000000000000e+00, 1.039399654134685e+05, 0.000000000000000e+00, 4.157598616538740e+04, 3.218710816585335e+02, 0.000000000000000e+00, 1.331696839611581e-01, 0.000000000000000e+00, 0.000000000000000e+00, 1.947619973481979e-05, 1.711877142544586e-03, 2.441287327616258e-04, -4.383268727560473e+01, 4.967189257647603e-01, 0.000000000000000e+00
785, 7.148854381856133e-01, -2.113260654940798e-02, 4.519576853225306e-01, 0.000000000000000e+00, 0.000000000000000e+00, 1.044124393842512e+05, 0.000000000000000e+00, 4.176497575370048e+04, 3.219176607183222e+02, 0.000000000000000e+00, 1.459942103146246e-01, 0.000000000000000e+00, 0.000000000000000e+00, 1.947832871518611e-05, 1.676575896643611e-03, 2.366718173249622e-04, -4.209825845497573e+01, 4.926017253597769e-01, 0.000000000000000e+00
786, 7.250988717337112e-01, -1.969895309469005e-02, 4.539072432708978e-01, 0.000000000000000e+00, 0.000000000000000e+00, 1.048776869496848e+05, 0.000000000000000e+00, 4.195107477987390e+04, 3.219632658808376e+02, 0.000000000000000e+00, 1.586225878184776e-01, 0.000000000000000e+00, 0.000000000000000e+00, 1.948041303367363e-05, 1.642559858859946e-03, 2.289437668363297e-04, -4.046030497489107e+01, 4.885713792078163e-01, 0.000000000000000e+00
787, 7.354838657003361e-01, -1.826155039843224e-02, 4.558267753175623e-01, 0.000000000000000e+00, 0.000000000000000e+00, 1.053357739203842e+05, 0.000000000000000e+00, 4.213430956815368e+04, 3.220078023925751e+02, 0.000000000000000e+00, 1.710566027932765e-01, 0.000000000000000e+00, 0.000000000000000e+00, 1.948244836957433e-05, 1.610147704359719e-03, 2.209678075729169e-04, -3.893622850744629e+01, 4.846815660736455e-01, 0.000000000000000e+00
788, 7.460437721610576e-01, -1.682459025534779e-02, 4.576994632435752e-01, 0.000000000000000e+00, 0.000000000000000e+00, 1.057826882155177e+05, 0.000000000000000e+00, 4.231307528620707e+04, 3.220509116644628e+02, 0.000000000000000e+00, 1.831873539247843e-01, 0.000000000000000e+00, 0.000000000000000e+00, 1.948441834696792e-05, 1.579665252566929e-03, 2.127830451633331e-04, -3.752786951409987e+01, 4.809810370379081e-01, 0.000000000000000e+00
789, 7.567842737613334e-01, -1.539235663533873e-02, 4.595267746030322e-01, 0.000000000000000e+00, 0.000000000000000e+00, 1.062187162856227e+05, 0.000000000000000e+00, 4.248748651424907e+04, 3.220924643064357e+02, 0.000000000000000e+00, 1.950226164401970e-01, 0.000000000000000e+00, 0.000000000000000e+00, 1.948631706667753e-05, 1.551445441687596e-03, 2.044425473535681e-04, -3.625309204986790e+01, 4.775319385282361e-01, 0.000000000000000e+00
790, 7.677208951594817e-01, -1.396807585528366e-02, 4.612913850381529e-01, 0.000000000000000e+00, 0.000000000000000e+00, 1.066397481023812e+05, 0.000000000000000e+00, 4.265589924095246e+04, 3.221321737812029e+02, 0.000000000000000e+00, 2.064508304023796e-01, 0.000000000000000e+00, 0.000000000000000e+00, 1.948813145048651e-05, 1.525436103472834e-03, 1.960193146865835e-04, -3.509352246586664e+01, 4.743306122495549e-01, 0.000000000000000e+00
791, 7.788431948955945e-01, -1.255777405687527e-02, 4.630072604279304e-01, 0.000000000000000e+00, 0.000000000000000e+00, 1.070490851269123e+05, 0.000000000000000e+00, 4.281963405076490e+04, 3.221702954820013e+02, 0.000000000000000e+00, 2.175616085259919e-01, 0.000000000000000e+00, 0.000000000000000e+00, 1.948987318212353e-05, 1.501237077012616e-03, 1.875347679933566e-04, -3.403630855216046e+01, 4.713335484025112e-01, 0.000000000000000e+00
792, 7.901545792723841e-01, -1.116565656404068e-02, 4.646662392327626e-01, 0.000000000000000e+00, 0.000000000000000e+00, 1.074448564565521e+05, 0.000000000000000e+00, 4.297794258262082e+04, 3.222069078471939e+02, 0.000000000000000e+00, 2.283041682452157e-01, 0.000000000000000e+00, 0.000000000000000e+00, 1.949154585783015e-05, 1.478383254570683e-03, 1.789398905609924e-04, -3.304796871500250e+01, 4.684717784627399e-01, 0.000000000000000e+00
793, 8.016585001566500e-01, -9.796265352074307e-03, 4.662909305957986e-01, 0.000000000000000e+00, 0.000000000000000e+00, 1.078324303371164e+05, 0.000000000000000e+00, 4.313297213484656e+04, 3.222424580428032e+02, 0.000000000000000e+00, 2.388242217351017e-01, 0.000000000000000e+00, 0.000000000000000e+00, 1.949316991686837e-05, 1.456585273873027e-03, 1.701470139872140e-04, -3.212561404690423e+01, 4.657155112355906e-01, 0.000000000000000e+00
794, 8.133585242979271e-01, -8.455151364216908e-03, 4.678662136756347e-01, 0.000000000000000e+00, 0.000000000000000e+00, 1.082082604607276e+05, 0.000000000000000e+00, 4.328330418429102e+04, 3.222768185574436e+02, 0.000000000000000e+00, 2.490255103197259e-01, 0.000000000000000e+00, 0.000000000000000e+00, 1.949473954252032e-05, 1.435952473151859e-03, 1.610506836254258e-04, -3.126095749288584e+01, 4.630780297568363e-01, 0.000000000000000e+00
795, 8.252583706968172e-01, -7.149398303875309e-03, 4.694043255924689e-01, 0.000000000000000e+00, 0.000000000000000e+00, 1.085751818785299e+05, 0.000000000000000e+00, 4.343007275141196e+04, 3.223100257386503e+02, 0.000000000000000e+00, 2.589849867845609e-01, 0.000000000000000e+00, 0.000000000000000e+00, 1.949625640369418e-05, 1.416960296829182e-03, 1.515861006191843e-04, -3.048352030979576e+01, 4.606465917792996e-01, 0.000000000000000e+00
796, 8.373618387526005e-01, -5.887282068046584e-03, 4.708735860816186e-01, 0.000000000000000e+00, 0.000000000000000e+00, 1.089256794224415e+05, 0.000000000000000e+00, 4.357027176897659e+04, 3.223415463684679e+02, 0.000000000000000e+00, 2.684986642920706e-01, 0.000000000000000e+00, 0.000000000000000e+00, 1.949769615359311e-05, 1.400130152940544e-03, 1.417035149618361e-04, -2.979765276207494e+01, 4.584980888775961e-01, 0.000000000000000e+00
797, 8.496727943744558e-01, -4.678478265746710e-03, 4.722834257172638e-01, 0.000000000000000e+00, 0.000000000000000e+00, 1.092618775444399e+05, 0.000000000000000e+00, 4.370475101777595e+04, 3.223712409287312e+02, 0.000000000000000e+00, 2.776242075858353e-01, 0.000000000000000e+00, 0.000000000000000e+00, 1.949905243120231e-05, 1.386146087087157e-03, 1.313252135132944e-04, -2.924173520480119e+01, 4.567581327657692e-01, 0.000000000000000e+00
798, 8.621998867369317e-01, -3.534094344774067e-03, 4.735907564458753e-01, 0.000000000000000e+00, 0.000000000000000e+00, 1.095735365487465e+05, 0.000000000000000e+00, 4.382941461949859e+04, 3.223983410290849e+02, 0.000000000000000e+00, 2.860836770194718e-01, 0.000000000000000e+00, 0.000000000000000e+00, 1.950029015458715e-05, 1.375834829183289e-03, 1.203906782991203e-04, -2.883176495048200e+01, 4.555540882875270e-01, 0.000000000000000e+00
799, 8.749569211478840e-01, -2.466022883830762e-03, 4.747987427116965e-01, 0.000000000000000e+00, 0.000000000000000e+00, 1.098612941300399e+05, 0.000000000000000e+00, 4.394451765201593e+04, 3.224226082818509e+02, 0.000000000000000e+00, 2.938943817628314e-01, 0.000000000000000e+00, 0.000000000000000e+00, 1.950139845151875e-05, 1.369863876721648e-03, 1.087524403898511e-04, -2.860222611713444e+01, 4.550096647921490e-01, 0.000000000000000e+00
800, 8.879337020311997e-01, -1.491106525801161e-03, 4.758577112857343e-01, 0.000000000000000e+00, 0.000000000000000e+00, 1.101132587099386e+05, 0.000000000000000e+00, 4.404530348397542e+04, 3.224429164168198e+02, 0.000000000000000e+00, 3.007335445418904e-01, 0.000000000000000e+00, 0.000000000000000e+00, 1.950232590182835e-05, 1.370034290460552e-03, 9.615997614528733e-05, -2.861572459007864e+01, 4.554100588863784e-01, 0.000000000000000e+00
801, 9.011340626368204e-01, -6.287014980413892e-04, 4.767287586643381e-01, 0.000000000000000e+00, 0.000000000000000e+00, 1.103199624263992e+05, 0.000000000000000e+00, 4.412798497055969e+04, 3.224579512514745e+02, 0.000000000000000e+00, 3.063441758634801e-01, 0.000000000000000e+00, 0.000000000000000e+00, 1.950301250759442e-05, 1.378471635660182e-03, 8.238469211032581e-05, -2.896311180754704e+01, 4.570976035236150e-01, 0.000000000000000e+00
802, 9.145614628775135e-01, 1.003080685661130e-04, 4.773380650303232e-01, 0.000000000000000e+00, 0.000000000000000e+00, 1.104637212384083e+05, 0.000000000000000e+00, 4.418548849536332e+04, 3.224660053929500e+02, 0.000000000000000e+00, 3.102462716130078e-01, 0.000000000000000e+00, 0.000000000000000e+00, 1.950338031487590e-05, 1.397924324994040e-03, 6.707558783853862e-05, -2.976680772662079e+01, 4.604876789402636e-01, 0.000000000000000e+00
803, 9.282189777228367e-01, 6.708943158873792e-04, 4.776018755121063e-01, 0.000000000000000e+00, 0.000000000000000e+00, 1.105246391714382e+05, 0.000000000000000e+00, 4.420985566857528e+04, 3.224656200838887e+02, 0.000000000000000e+00, 3.118997883903373e-01, 0.000000000000000e+00, 0.000000000000000e+00, 1.950336271912818e-05, 1.431589227999424e-03, 4.966641507922216e-05, -3.118327611227283e+01, 4.660334668979040e-01, 0.000000000000000e+00
804, 9.421089565580160e-01, 1.056018847027374e-03, 4.774018893731427e-01, 0.000000000000000e+00, 0.000000000000000e+00, 1.104741280698193e+05, 0.000000000000000e+00, 4.418965122792772e+04, 3.224532701756185e+02, 0.000000000000000e+00, 3.105287478803567e-01, 0.000000000000000e+00, 0.000000000000000e+00, 1.950279873550289e-05, 1.485641288185573e-03, 2.904256941063438e-05, -3.348317352706583e+01, 4.745948543684939e-01, 0.000000000000000e+00
805, 9.562329065034648e-01, 1.218534232431170e-03, 4.764958138759421e-01, 0.000000000000000e+00, 0.000000000000000e+00, 1.102508167862362e+05, 0.000000000000000e+00, 4.410032671449448e+04, 3.224133845233497e+02, 0.000000000000000e+00, 3.044673315517628e-01, 0.000000000000000e+00, 0.000000000000000e+00, 1.950097720297794e-05, 1.570109151090150e-03, 3.205915755341154e-06, -3.700673970482734e+01, 4.874586912776370e-01, 0.000000000000000e+00
806, 9.705907416846341e-01, 1.114174169295427e-03, 4.743469361346296e-01, 0.000000000000000e+00, 0.000000000000000e+00, 1.097238104515185e+05, 0.000000000000000e+00, 4.388952418060738e+04, 3.223258362597255e+02, 0.000000000000000e+00, 2.901626141578390e-01, 0.000000000000000e+00, 0.000000000000000e+00, 1.949697858062080e-05, 1.709264248417892e-03, -2.992802286081885e-05, -4.109950804113168e+01, 5.076105785632645e-01, 0.000000000000000e+00
807, 9.851885110918234e-01, 7.115418251007395e-04, 4.700958165167893e-01, 0.000000000000000e+00, 0.000000000000000e+00, 1.087154144368423e+05, 0.000000000000000e+00, 4.348616577473692e+04, 3.222515953672663e+02, 0.000000000000000e+00, 2.627913681958213e-01, 0.000000000000000e+00, 0.000000000000000e+00, 1.949358732789090e-05, 2.215566756988275e-03, -8.393707942291755e-05, -4.287897327268943e+01, 5.755942396019817e-01, 0.000000000000000e+00
808, 9.801628510424204e-02, 3.794211050061592e-02, 2.774501649068929e-01, 0.000000000000000e+00, 0.000000000000000e+00, 6.311401645507837e+04, 0.000000000000000e+00, 2.524560658203134e+04, 3.169794942013247e+02, 0.000000000000000e+00, -9.749833375794704e-01, 0.000000000000000e+00, 0.000000000000000e+00, 1.925176424367372e-05, 5.052859965305433e-03, 9.079340992801265e-04, -3.868891275323658e+02, 6.796010865710869e-01, 0.000000000000000e+00
809, 9.679607395949355e-02, 3.772236425453482e-02, 2.774696132449572e-01, 0.000000000000000e+00, 0.000000000000000e+00, 6.311650838100607e+04, 0.000000000000000e+00, 2.524660335240242e+04, 3.169697909456471e+02, 0.000000000000000e+00, -9.749156983618481e-01, 0.000000000000000e+00, 0.000000000000000e+00, 1.925131734224942e-05, 5.053303287433008e-03, 9.133444502717593e-04, -3.881400858734983e+02, 6.797423338193957e-01, 0.000000000000000e+00
810, 9.557613470926975e-02, 3.750107268944418e-02, 2.773772678022190e-01, 0.000000000000000e+00, 0.000000000000000e+00, 6.309382269153742e+04, 0.000000000000000e+00, 2.523752907661496e+04, 3.169613526851371e+02, 0.000000000000000e+00, -9.755314639710206e-01, 0.000000000000000e+00, 0.000000000000000e+00, 1.925092869702426e-05, 5.062213690058524e-03, 9.218593231136401e-04, -3.897174360106545e+02, 6.803322758365948e-01, 0.000000000000000e+00
811, 9.435650231532557e-02, 3.727810369931635e-02, 2.773423188450462e-01, 0.000000000000000e+00, 0.000000000000000e+00, 6.308411756014596e+04, 0.000000000000000e+00, 2.523364702405838e+04, 3.169525328490259e+02, 0.000000000000000e+00, -9.757948937491466e-01, 0.000000000000000e+00, 0.000000000000000e+00, 1.925052247191217e-05, 5.078543118723480e-03, 9.323876103471137e-04, -3.928319939337961e+02, 6.814983794806573e-01, 0.000000000000000e+00
812, 9.313720867845958e-02, 3.705330167312720e-02, 2.773389147307089e-01, 0.000000000000000e+00, 0.000000000000000e+00, 6.308227145881642e+04, 0.000000000000000e+00, 2.523290858352657e+04, 3.169471477374595e+02, 0.000000000000000e+00, -9.758450031236644e-01, 0.000000000000000e+00, 0.000000000000000e+00, 1.925027444102431e-05, 5.089208661098650e-03, 9.423222192059754e-04, -3.949278546355203e+02, 6.823217559163107e-01, 0.000000000000000e+00
813, 9.191825613446977e-02, 3.682663595548472e-02, 2.773529202245415e-01, 0.000000000000000e+00, 0.000000000000000e+00, 6.308454725959174e+04, 0.000000000000000e+00, 2.523381890383669e+04, 3.169425766861705e+02, 0.000000000000000e+00, -9.757832302666964e-01, 0.000000000000000e+00, 0.000000000000000e+00, 1.925006390300699e-05, 5.097835560860222e-03, 9.519034140729506e-04, -3.968459254551008e+02, 6.830284495361902e-01, 0.000000000000000e+00
814, 9.069964486243648e-02, 3.659814275503499e-02, 2.773663492411702e-01, 0.000000000000000e+00, 0.000000000000000e+00, 6.308680757852436e+04, 0.000000000000000e+00, 2.523472303140974e+04, 3.169385870408596e+02, 0.000000000000000e+00, -9.757218776388029e-01, 0.000000000000000e+00, 0.000000000000000e+00, 1.924988014273654e-05, 5.104252073159148e-03, 9.610836874846913e-04, -3.984671481504177e+02, 6.835854066987510e-01, 0.000000000000000e+00
815, 8.948138277053688e-02, 3.636779512925330e-02, 2.773678588993557e-01, 0.000000000000000e+00, 0.000000000000000e+00, 6.308617392306240e+04, 0.000000000000000e+00, 2.523446956922496e+04, 3.169336786351068e+02, 0.000000000000000e+00, -9.757390771707848e-01, 0.000000000000000e+00, 0.000000000000000e+00, 1.924965406343449e-05, 5.111864830445290e-03, 9.706350416866243e-04, -4.002815683307534e+02, 6.842109434604949e-01, 0.000000000000000e+00
816, 8.826347792018673e-02, 3.613556616508627e-02, 2.773707943291782e-01, 0.000000000000000e+00, 0.000000000000000e+00, 6.308586397340978e+04, 0.000000000000000e+00, 2.523434558936390e+04, 3.169287673939240e+02, 0.000000000000000e+00, -9.757474902426876e-01, 0.000000000000000e+00, 0.000000000000000e+00, 1.924942785180135e-05, 5.118923341855858e-03, 9.802287909954706e-04, -4.020679486593992e+02, 6.848027953580498e-01, 0.000000000000000e+00
817, 8.704593849034721e-02, 3.590142897315423e-02, 2.773601389565755e-01, 0.000000000000000e+00, 0.000000000000000e+00, 6.308230551070534e+04, 0.000000000000000e+00, 2.523292220428213e+04, 3.169230652994173e+02, 0.000000000000000e+00, -9.758440788413255e-01, 0.000000000000000e+00, 0.000000000000000e+00, 1.924916521131215e-05, 5.126803277240144e-03, 9.901288975789810e-04, -4.039539124752172e+02, 6.854357453948098e-01, 0.000000000000000e+00
818, 8.582877282585306e-02, 3.566535661332047e-02, 2.773496409012706e-01, 0.000000000000000e+00, 0.000000000000000e+00, 6.307875758925721e+04, 0.000000000000000e+00, 2.523150303570288e+04, 3.169172359668834e+02, 0.000000000000000e+00, -9.759403813149541e-01, 0.000000000000000e+00, 0.000000000000000e+00, 1.924889670777984e-05, 5.134312375633746e-03, 1.000108970084818e-03, -4.058652875336662e+02, 6.860459369579455e-01, 0.000000000000000e+00
819, 8.461198933954826e-02, 3.542732178988338e-02, 2.773255747112036e-01, 0.000000000000000e+00, 0.000000000000000e+00, 6.307196269751370e+04, 0.000000000000000e+00, 2.522878507900548e+04, 3.169105963754841e+02, 0.000000000000000e+00, -9.761248174397406e-01, 0.000000000000000e+00, 0.000000000000000e+00, 1.924859088012818e-05, 5.142641034033853e-03, 1.010409977443683e-03, -4.078700812537286e+02, 6.866971393915837e-01, 0.000000000000000e+00
820, 8.339559751469268e-02, 3.518729396127150e-02, 2.773005764633023e-01, 0.000000000000000e+00, 0.000000000000000e+00, 6.306491394362634e+04, 0.000000000000000e+00, 2.522596557745053e+04, 3.169037451360931e+02, 0.000000000000000e+00, -9.763161442335484e-01, 0.000000000000000e+00, 0.000000000000000e+00, 1.924827530039245e-05, 5.150965073691806e-03, 1.020889783751928e-03, -4.099499074474383e+02, 6.873491020902998e-01, 0.000000000000000e+00
821, 8.217960740775741e-02, 3.494523856298852e-02, 2.772651367070004e-01, 0.000000000000000e+00, 0.000000000000000e+00, 6.305537167968674e+04, 0.000000000000000e+00, 2.522214867187469e+04, 3.168962950687506e+02, 0.000000000000000e+00, -9.765751532434258e-01, 0.000000000000000e+00, 0.000000000000000e+00, 1.924793213379559e-05, 5.160089104624166e-03, 1.031728708667351e-03, -4.121354938466517e+02, 6.880445619312291e-01, 0.000000000000000e+00
822, 8.096403053061950e-02, 3.470111680160427e-02, 2.772302965380107e-01, 0.000000000000000e+00, 0.000000000000000e+00, 6.304593021773659e+04, 0.000000000000000e+00, 2.521837208709463e+04, 3.168886643992262e+02, 0.000000000000000e+00, -9.768314261496227e-01, 0.000000000000000e+00, 0.000000000000000e+00, 1.924758064412833e-05, 5.169080215420786e-03, 1.042757415884618e-03, -4.143672256889681e+02, 6.887344329470213e-01, 0.000000000000000e+00
823, 7.974887856934136e-02, 3.445488816859894e-02, 2.771883710511089e-01, 0.000000000000000e+00, 0.000000000000000e+00, 6.303480559253845e+04, 0.000000000000000e+00, 2.521392223701538e+04, 3.168806703415023e+02, 0.000000000000000e+00, -9.771333857449621e-01, 0.000000000000000e+00, 0.000000000000000e+00, 1.924721241131189e-05, 5.178633715554162e-03, 1.054122242630766e-03, -4.166786584610449e+02, 6.894558532220005e-01, 0.000000000000000e+00
824, 7.853416384934735e-02, 3.420651211317782e-02, 2.771468143862195e-01, 0.000000000000000e+00, 0.000000000000000e+00, 6.302372322945099e+04, 0.000000000000000e+00, 2.520948929178039e+04, 3.168724646633328e+02, 0.000000000000000e+00, -9.774341982050401e-01, 0.000000000000000e+00, 0.000000000000000e+00, 1.924683442578005e-05, 5.187884930039968e-03, 1.065650600757552e-03, -4.190005624665044e+02, 6.901602594676700e-01, 0.000000000000000e+00
825, 7.731989863775565e-02, 3.395594804979750e-02, 2.770986725406955e-01, 0.000000000000000e+00, 0.000000000000000e+00, 6.301106822573231e+04, 0.000000000000000e+00, 2.520442729029292e+04, 3.168638783828634e+02, 0.000000000000000e+00, -9.777776974001907e-01, 0.000000000000000e+00, 0.000000000000000e+00, 1.924643890304217e-05, 5.197529191675990e-03, 1.077486527057582e-03, -4.213786963919664e+02, 6.908855590439612e-01, 0.000000000000000e+00
826, 7.610609542950630e-02, 3.370315543875208e-02, 2.770488667224120e-01, 0.000000000000000e+00, 0.000000000000000e+00, 6.299797758328802e+04, 0.000000000000000e+00, 2.519919103331520e+04, 3.168550010798934e+02, 0.000000000000000e+00, -9.781330212897426e-01, 0.000000000000000e+00, 0.000000000000000e+00, 1.924602996892756e-05, 5.206989140636894e-03, 1.089513038975186e-03, -4.237757342955877e+02, 6.915993449433152e-01, 0.000000000000000e+00
827, 7.489276699437798e-02, 3.344809379826247e-02, 2.769915341155351e-01, 0.000000000000000e+00, 0.000000000000000e+00, 6.298307425250776e+04, 0.000000000000000e+00, 2.519322970100310e+04, 3.168456113607997e+02, 0.000000000000000e+00, -9.785375476132333e-01, 0.000000000000000e+00, 0.000000000000000e+00, 1.924559742413483e-05, 5.216728878406927e-03, 1.101828673507897e-03, -4.262158514758441e+02, 6.923255079725588e-01, 0.000000000000000e+00
828, 7.367992636826726e-02, 3.319072270537467e-02, 2.769298747631562e-01, 0.000000000000000e+00, 0.000000000000000e+00, 6.296710586596975e+04, 0.000000000000000e+00, 2.518684234638789e+04, 3.168358088826140e+02, 0.000000000000000e+00, -9.789709831179233e-01, 0.000000000000000e+00, 0.000000000000000e+00, 1.924514585851018e-05, 5.226523731185660e-03, 1.114389089901988e-03, -4.287023954889452e+02, 6.930529471449988e-01, 0.000000000000000e+00
829, 7.246758681929409e-02, 3.293100166070378e-02, 2.768591814621379e-01, 0.000000000000000e+00, 0.000000000000000e+00, 6.294894730924822e+04, 0.000000000000000e+00, 2.517957892369928e+04, 3.168253168690513e+02, 0.000000000000000e+00, -9.794638671784577e-01, 0.000000000000000e+00, 0.000000000000000e+00, 1.924466252076957e-05, 5.236653549027692e-03, 1.127260406796592e-03, -4.312420578884639e+02, 6.937948186726441e-01, 0.000000000000000e+00
830, 7.125576209077426e-02, 3.266888860197175e-02, 2.767819944971674e-01, 0.000000000000000e+00, 0.000000000000000e+00, 6.292919800488935e+04, 0.000000000000000e+00, 2.517167920195574e+04, 3.168142438338000e+02, 0.000000000000000e+00, -9.799999294588693e-01, 0.000000000000000e+00, 0.000000000000000e+00, 1.924415240840292e-05, 5.247147185087900e-03, 1.140463925197679e-03, -4.338662065303330e+02, 6.945561261340497e-01, 0.000000000000000e+00
831, 7.004446714183503e-02, 3.240433822224861e-02, 2.766964973891468e-01, 0.000000000000000e+00, 0.000000000000000e+00, 6.290742990308075e+04, 0.000000000000000e+00, 2.516297196123229e+04, 3.168025126181757e+02, 0.000000000000000e+00, -9.805907886650326e-01, 0.000000000000000e+00, 0.000000000000000e+00, 1.924361196538241e-05, 5.258253162954115e-03, 1.154086762027561e-03, -4.365904536803631e+02, 6.953514823500849e-01, 0.000000000000000e+00
832, 6.883371896371723e-02, 3.213729610853883e-02, 2.766072641036219e-01, 0.000000000000000e+00, 0.000000000000000e+00, 6.288473389022502e+04, 0.000000000000000e+00, 2.515389355609000e+04, 3.167903786152564e+02, 0.000000000000000e+00, -9.812068344855137e-01, 0.000000000000000e+00, 0.000000000000000e+00, 1.924305295602799e-05, 5.269692696451976e-03, 1.168102915591171e-03, -4.393972159862579e+02, 6.961681076900157e-01, 0.000000000000000e+00
833, 6.762353607686696e-02, 3.186770415299095e-02, 2.765135465333899e-01, 0.000000000000000e+00, 0.000000000000000e+00, 6.286093934161758e+04, 0.000000000000000e+00, 2.514437573664702e+04, 3.167778381490435e+02, 0.000000000000000e+00, -9.818526982463882e-01, 0.000000000000000e+00, 0.000000000000000e+00, 1.924247520992839e-05, 5.281475814610616e-03, 1.182533528558983e-03, -4.422654144392177e+02, 6.970059064359126e-01, 0.000000000000000e+00
834, 6.641393748109868e-02, 3.159550195186264e-02, 2.764174873566176e-01, 0.000000000000000e+00, 0.000000000000000e+00, 6.283653697597605e+04, 0.000000000000000e+00, 2.513461479039042e+04, 3.167649085199584e+02, 0.000000000000000e+00, -9.825150601977528e-01, 0.000000000000000e+00, 0.000000000000000e+00, 1.924187952304761e-05, 5.293216016580154e-03, 1.197302067033399e-03, -4.451474018622655e+02, 6.978421390928735e-01, 0.000000000000000e+00
835, 6.520494324046457e-02, 3.132062914353239e-02, 2.763165187624693e-01, 0.000000000000000e+00, 0.000000000000000e+00, 6.281092454808796e+04, 0.000000000000000e+00, 2.512436981923518e+04, 3.167514954832989e+02, 0.000000000000000e+00, -9.832102672921943e-01, 0.000000000000000e+00, 0.000000000000000e+00, 1.924126155217462e-05, 5.305107279685368e-03, 1.212456001364586e-03, -4.480503798961703e+02, 6.986865730400201e-01, 0.000000000000000e+00
836, 6.399657324325909e-02, 3.104302532450469e-02, 2.762107874852933e-01, 0.000000000000000e+00, 0.000000000000000e+00, 6.278412427675234e+04, 0.000000000000000e+00, 2.511364971070093e+04, 3.167375416207706e+02, 0.000000000000000e+00, -9.839377164370742e-01, 0.000000000000000e+00, 0.000000000000000e+00, 1.924061865042628e-05, 5.317058130083744e-03, 1.227978347811051e-03, -4.509694334284305e+02, 6.995334966959269e-01, 0.000000000000000e+00
837, 6.278884789292830e-02, 3.076263020870133e-02, 2.760974694609992e-01, 0.000000000000000e+00, 0.000000000000000e+00, 6.275545581230069e+04, 0.000000000000000e+00, 2.510218232492027e+04, 3.167228515097818e+02, 0.000000000000000e+00, -9.847158746015638e-01, 0.000000000000000e+00, 0.000000000000000e+00, 1.923994181208994e-05, 5.329222360041027e-03, 1.243908560371979e-03, -4.539108563660664e+02, 7.003898067443188e-01, 0.000000000000000e+00
838, 6.158178811115064e-02, 3.047938363452545e-02, 2.759762213840668e-01, 0.000000000000000e+00, 0.000000000000000e+00, 6.272482642938721e+04, 0.000000000000000e+00, 2.508993057175488e+04, 3.167073488210988e+02, 0.000000000000000e+00, -9.855472586621793e-01, 0.000000000000000e+00, 0.000000000000000e+00, 1.923922751788165e-05, 5.341666814474655e-03, 1.260267808308880e-03, -4.568907187655334e+02, 7.012595891105154e-01, 0.000000000000000e+00
839, 6.037541533295351e-02, 3.019322528913226e-02, 2.758449021306932e-01, 0.000000000000000e+00, 0.000000000000000e+00, 6.269171328809037e+04, 0.000000000000000e+00, 2.507668531523614e+04, 3.166908481636084e+02, 0.000000000000000e+00, -9.864460602459024e-01, 0.000000000000000e+00, 0.000000000000000e+00, 1.923846722277202e-05, 5.354619662877843e-03, 1.277121448281210e-03, -4.599271145908500e+02, 7.021554532464406e-01, 0.000000000000000e+00
840, 5.916975191950330e-02, 2.990409288591460e-02, 2.757043561573495e-01, 0.000000000000000e+00, 0.000000000000000e+00, 6.265631465202571e+04, 0.000000000000000e+00, 2.506252586081028e+04, 3.166733784131878e+02, 0.000000000000000e+00, -9.874068978140247e-01, 0.000000000000000e+00, 0.000000000000000e+00, 1.923766225376493e-05, 5.368366518093263e-03, 1.294565159169498e-03, -4.630695785723371e+02, 7.030973373380949e-01, 0.000000000000000e+00
841, 5.796482187894902e-02, 2.961191805387578e-02, 2.755568616032997e-01, 0.000000000000000e+00, 0.000000000000000e+00, 6.261918731120267e+04, 0.000000000000000e+00, 2.504767492448106e+04, 3.166551340158539e+02, 0.000000000000000e+00, -9.884146582204456e-01, 0.000000000000000e+00, 0.000000000000000e+00, 1.923682156724494e-05, 5.383175981614034e-03, 1.312721901565307e-03, -4.663582275585243e+02, 7.041059598352509e-01, 0.000000000000000e+00
842, 5.676065385989711e-02, 2.931661891206258e-02, 2.754079877399441e-01, 0.000000000000000e+00, 0.000000000000000e+00, 6.258165467539573e+04, 0.000000000000000e+00, 2.503266187015828e+04, 3.166364052512481e+02, 0.000000000000000e+00, -9.894334196904664e-01, 0.000000000000000e+00, 0.000000000000000e+00, 1.923595853658807e-05, 5.398596438673792e-03, 1.331541252784934e-03, -4.697354678162744e+02, 7.051590074837455e-01, 0.000000000000000e+00
843, 5.555727821912911e-02, 2.901810747044967e-02, 2.752606111043837e-01, 0.000000000000000e+00, 0.000000000000000e+00, 6.254439564487210e+04, 0.000000000000000e+00, 2.501775825794884e+04, 3.166173191130429e+02, 0.000000000000000e+00, -9.904447545965209e-01, 0.000000000000000e+00, 0.000000000000000e+00, 1.923507901202637e-05, 5.414357241683880e-03, 1.350990629533978e-03, -4.731410493870135e+02, 7.062426813891393e-01, 0.000000000000000e+00
844, 5.435472695780255e-02, 2.871629193787449e-02, 2.751164891953015e-01, 0.000000000000000e+00, 0.000000000000000e+00, 6.250781593526239e+04, 0.000000000000000e+00, 2.500312637410495e+04, 3.165979077710594e+02, 0.000000000000000e+00, -9.914376504572493e-01, 0.000000000000000e+00, 0.000000000000000e+00, 1.923418447459809e-05, 5.430311651743186e-03, 1.371052074123980e-03, -4.765291802141979e+02, 7.073499065960891e-01, 0.000000000000000e+00
845, 5.315303327460200e-02, 2.841108061282210e-02, 2.749741260624630e-01, 0.000000000000000e+00, 0.000000000000000e+00, 6.247156412182566e+04, 0.000000000000000e+00, 2.498862564873026e+04, 3.165781128288969e+02, 0.000000000000000e+00, -9.924216461173911e-01, 0.000000000000000e+00, 0.000000000000000e+00, 1.923327223172017e-05, 5.446167231229677e-03, 1.391659565617408e-03, -4.798448927626881e+02, 7.084600340676309e-01, 0.000000000000000e+00
846, 5.195223072285352e-02, 2.810238187511432e-02, 2.748316544897328e-01, 0.000000000000000e+00, 0.000000000000000e+00, 6.243518402306319e+04, 0.000000000000000e+00, 2.497407360922527e+04, 3.165577718530392e+02, 0.000000000000000e+00, -9.934091238710294e-01, 0.000000000000000e+00, 0.000000000000000e+00, 1.923233479570849e-05, 5.461759604558958e-03, 1.412776314704475e-03, -4.830609663525859e+02, 7.095605195657625e-01, 0.000000000000000e+00
847, 5.075235390250220e-02, 2.779010437042740e-02, 2.746854540334230e-01, 0.000000000000000e+00, 0.000000000000000e+00, 6.239780617759504e+04, 0.000000000000000e+00, 2.495912247103801e+04, 3.165366453548127e+02, 0.000000000000000e+00, -9.944236838127082e-01, 0.000000000000000e+00, 0.000000000000000e+00, 1.923136112653027e-05, 5.477475861050369e-03, 1.434508151319398e-03, -4.862174454660382e+02, 7.106725058499181e-01, 0.000000000000000e+00
848, 4.955343827989141e-02, 2.747415686782188e-02, 2.745323798081298e-01, 0.000000000000000e+00, 0.000000000000000e+00, 6.235865165901975e+04, 0.000000000000000e+00, 2.494346066360789e+04, 3.165144034253638e+02, 0.000000000000000e+00, -9.954864686143647e-01, 0.000000000000000e+00, 0.000000000000000e+00, 1.923033601512551e-05, 5.493681672283809e-03, 1.456968175853053e-03, -4.893607717305266e+02, 7.118164848441427e-01, 0.000000000000000e+00
849, 4.835552106307080e-02, 2.715444519353895e-02, 2.743712646565413e-01, 0.000000000000000e+00, 0.000000000000000e+00, 6.231743160708743e+04, 0.000000000000000e+00, 2.492697264283496e+04, 3.164909218265018e+02, 0.000000000000000e+00, -9.966053189108618e-01, 0.000000000000000e+00, 0.000000000000000e+00, 1.922925372979575e-05, 5.510946911408525e-03, 1.480368318024501e-03, -4.925748082291831e+02, 7.130288591989892e-01, 0.000000000000000e+00
850, 4.715864423401191e-02, 2.683085957414361e-02, 2.742061848574710e-01, 0.000000000000000e+00, 0.000000000000000e+00, 6.227513863833600e+04, 0.000000000000000e+00, 2.491005545533439e+04, 3.164665360286388e+02, 0.000000000000000e+00, -9.977532917640974e-01, 0.000000000000000e+00, 0.000000000000000e+00, 1.922812972722430e-05, 5.529570725834425e-03, 1.504897672693209e-03, -4.959323339721275e+02, 7.143350857131071e-01, 0.000000000000000e+00
851, 4.596285694642765e-02, 2.650327083675749e-02, 2.740456267990570e-01, 0.000000000000000e+00, 0.000000000000000e+00, 6.223377185436052e+04, 0.000000000000000e+00, 2.489350874174420e+04, 3.164416089650858e+02, 0.000000000000000e+00, -9.988761248597974e-01, 0.000000000000000e+00, 0.000000000000000e+00, 1.922698073212743e-05, 5.549233327055090e-03, 1.530609793376907e-03, -4.993893441695569e+02, 7.157268929879439e-01, 0.000000000000000e+00
852, 4.476821687938520e-02, 2.617152317509381e-02, 2.738976356870150e-01, 0.000000000000000e+00, 0.000000000000000e+00, 6.219517421124341e+04, 0.000000000000000e+00, 2.487806968449736e+04, 3.164162228030697e+02, 0.000000000000000e+00, -9.999237941959875e-01, 0.000000000000000e+00, 0.000000000000000e+00, 1.922581052925107e-05, 5.569276441229151e-03, 1.557426754190664e-03, -5.027885062478495e+02, 7.171738933932715e-01, 0.000000000000000e+00
853, 4.357478484537454e-02, 2.583545565100320e-02, 2.737634952633327e-01, 0.000000000000000e+00, 0.000000000000000e+00, 6.215965914431192e+04, 0.000000000000000e+00, 2.486386365772476e+04, 3.163904920393660e+02, 0.000000000000000e+00, -1.000887792087879e+00, 0.000000000000000e+00, 0.000000000000000e+00, 1.922462439424513e-05, 5.589222375840463e-03, 1.585251437249298e-03, -5.060115482506546e+02, 7.186478077208402e-01, 0.000000000000000e+00
854, 4.238262439640946e-02, 2.549490598972734e-02, 2.736410329061307e-01, 0.000000000000000e+00, 0.000000000000000e+00, 6.212671614771825e+04, 0.000000000000000e+00, 2.485068645908729e+04, 3.163643322863985e+02, 0.000000000000000e+00, -1.001781975374374e+00, 0.000000000000000e+00, 0.000000000000000e+00, 1.922341843486040e-05, 5.608798454401106e-03, 1.614025021706524e-03, -5.090100983826097e+02, 7.201293320221335e-01, 0.000000000000000e+00
855, 4.119180029402057e-02, 2.514971222065987e-02, 2.735258081453067e-01, 0.000000000000000e+00, 0.000000000000000e+00, 6.209529328303342e+04, 0.000000000000000e+00, 2.483811731321336e+04, 3.163375228232198e+02, 0.000000000000000e+00, -1.002634897188425e+00, 0.000000000000000e+00, 0.000000000000000e+00, 1.922218247284438e-05, 5.628326441362236e-03, 1.643853215466988e-03, -5.118234023290333e+02, 7.216345390926553e-01, 0.000000000000000e+00
856, 4.000237980077641e-02, 2.479971306286109e-02, 2.734130481952017e-01, 0.000000000000000e+00, 0.000000000000000e+00, 6.206423796357297e+04, 0.000000000000000e+00, 2.482569518542918e+04, 3.163097124216592e+02, 0.000000000000000e+00, -1.003477842593811e+00, 0.000000000000000e+00, 0.000000000000000e+00, 1.922090031117321e-05, 5.648269231451551e-03, 1.674896226018715e-03, -5.145307042919756e+02, 7.231883055241954e-01, 0.000000000000000e+00
857, 3.881443277211684e-02, 2.444474513656202e-02, 2.733023972720175e-01, 0.000000000000000e+00, 0.000000000000000e+00, 6.203346186946275e+04, 0.000000000000000e+00, 2.481338474778509e+04, 3.162808620247416e+02, 0.000000000000000e+00, -1.004313208887788e+00, 0.000000000000000e+00, 0.000000000000000e+00, 1.921957014303730e-05, 5.669560330665061e-03, 1.707532746993150e-03, -5.173119495967362e+02, 7.248519248043248e-01, 0.000000000000000e+00
858, 3.762803910582956e-02, 2.408461978354420e-02, 2.732030781913383e-01, 0.000000000000000e+00, 0.000000000000000e+00, 6.200514870002349e+04, 0.000000000000000e+00, 2.480205948000939e+04, 3.162514327596231e+02, 0.000000000000000e+00, -1.005081723155405e+00, 0.000000000000000e+00, 0.000000000000000e+00, 1.921821322400832e-05, 5.692752159595780e-03, 1.742132547905859e-03, -5.203347188891928e+02, 7.266755652769151e-01, 0.000000000000000e+00
859, 3.644329199899445e-02, 2.371911342087945e-02, 2.731369924871508e-01, 0.000000000000000e+00, 0.000000000000000e+00, 6.198434141842521e+04, 0.000000000000000e+00, 2.479373656737008e+04, 3.162217987744280e+02, 0.000000000000000e+00, -1.005646502482315e+00, 0.000000000000000e+00, 0.000000000000000e+00, 1.921684680274987e-05, 5.718093544898245e-03, 1.779101560804922e-03, -5.235733742453878e+02, 7.287093241568002e-01, 0.000000000000000e+00
860, 3.526030976756316e-02, 2.334793527004376e-02, 2.731259819754665e-01, 0.000000000000000e+00, 0.000000000000000e+00, 6.197612908402144e+04, 0.000000000000000e+00, 2.479045163360857e+04, 3.161926485421657e+02, 0.000000000000000e+00, -1.005869412749329e+00, 0.000000000000000e+00, 0.000000000000000e+00, 1.921550262559010e-05, 5.744339240516753e-03, 1.818349548247269e-03, -5.267010977515666e+02, 7.309075983835888e-01, 0.000000000000000e+00
861, 3.407922124685635e-02, 2.297077548257408e-02, 2.731762054442418e-01, 0.000000000000000e+00, 0.000000000000000e+00, 6.198202633949152e+04, 0.000000000000000e+00, 2.479281053579660e+04, 3.161645978527094e+02, 0.000000000000000e+00, -1.005709341480083e+00, 0.000000000000000e+00, 0.000000000000000e+00, 1.921420909281196e-05, 5.769701175451281e-03, 1.859432689380647e-03, -5.293797955933306e+02, 7.331676936778049e-01, 0.000000000000000e+00
862, 3.290016264745707e-02, 2.258731793936726e-02, 2.732822051937714e-01, 0.000000000000000e+00, 0.000000000000000e+00, 6.200077834145222e+04, 0.000000000000000e+00, 2.480031133658088e+04, 3.161375801608083e+02, 0.000000000000000e+00, -1.005200349327717e+00, 0.000000000000000e+00, 0.000000000000000e+00, 1.921296314220372e-05, 5.793292188345673e-03, 1.902111888858605e-03, -5.314689160930327e+02, 7.354295609437047e-01, 0.000000000000000e+00
863, 3.172327549003136e-02, 2.219724770460739e-02, 2.734318951570718e-01, 0.000000000000000e+00, 0.000000000000000e+00, 6.202955082064742e+04, 0.000000000000000e+00, 2.481182032825896e+04, 3.161111395406722e+02, 0.000000000000000e+00, -1.004419367854638e+00, 0.000000000000000e+00, 0.000000000000000e+00, 1.921174375296812e-05, 5.815152673054320e-03, 1.946422122628149e-03, -5.330068034708478e+02, 7.376836473872714e-01, 0.000000000000000e+00
864, 3.054870737401290e-02, 2.180024925485783e-02, 2.736125340428223e-01, 0.000000000000000e+00, 0.000000000000000e+00, 6.206536605163725e+04, 0.000000000000000e+00, 2.482614642065490e+04, 3.160848419463083e+02, 0.000000000000000e+00, -1.003447222504655e+00, 0.000000000000000e+00, 0.000000000000000e+00, 1.921053090982445e-05, 5.836361106554874e-03, 1.992776810813709e-03, -5.342735861971847e+02, 7.399856087301896e-01, 0.000000000000000e+00
865, 2.937661512514379e-02, 2.139600009969968e-02, 2.738263520001400e-01, 0.000000000000000e+00, 0.000000000000000e+00, 6.210867764072025e+04, 0.000000000000000e+00, 2.484347105628809e+04, 3.160584302158333e+02, 0.000000000000000e+00, -1.002271600883245e+00, 0.000000000000000e+00, 0.000000000000000e+00, 1.920931275256257e-05, 5.858813786251628e-03, 2.042083881254379e-03, -5.356810890939465e+02, 7.424662787729115e-01, 0.000000000000000e+00
866, 2.820718484468702e-02, 2.098411384090238e-02, 2.740974988563626e-01, 0.000000000000000e+00, 0.000000000000000e+00, 6.216500259452304e+04, 0.000000000000000e+00, 2.486600103780922e+04, 3.160321168301330e+02, 0.000000000000000e+00, -1.000742752948606e+00, 0.000000000000000e+00, 0.000000000000000e+00, 1.920809908113907e-05, 5.883622793569421e-03, 2.095228643751417e-03, -5.373965739115555e+02, 7.452400334064537e-01, 0.000000000000000e+00
867, 2.704063832904241e-02, 2.056413074538287e-02, 2.744576799683455e-01, 0.000000000000000e+00, 0.000000000000000e+00, 6.224168443897839e+04, 0.000000000000000e+00, 2.489667377559135e+04, 3.160066967280260e+02, 0.000000000000000e+00, -9.986613508061333e-01, 0.000000000000000e+00, 0.000000000000000e+00, 1.920692656388320e-05, 5.909936010789616e-03, 2.152443388494540e-03, -5.391847972089247e+02, 7.483076339959361e-01, 0.000000000000000e+00
868, 2.587723179621149e-02, 2.013552732058508e-02, 2.749277379873613e-01, 0.000000000000000e+00, 0.000000000000000e+00, 6.234360871143709e+04, 0.000000000000000e+00, 2.493744348457483e+04, 3.159829979594024e+02, 0.000000000000000e+00, -9.958947846055887e-01, 0.000000000000000e+00, 0.000000000000000e+00, 1.920583340219114e-05, 5.935599280403385e-03, 2.213328504205572e-03, -5.406068186906670e+02, 7.515713882991152e-01, 0.000000000000000e+00
869, 2.471724343622422e-02, 1.969775889312895e-02, 2.755070485822015e-01, 0.000000000000000e+00, 0.000000000000000e+00, 6.247070997356433e+04, 0.000000000000000e+00, 2.498828398942573e+04, 3.159614251017938e+02, 0.000000000000000e+00, -9.924448305625979e-01, 0.000000000000000e+00, 0.000000000000000e+00, 1.920483826795808e-05, 5.958776272758605e-03, 2.277358323692951e-03, -5.413783744765987e+02, 7.549223934208448e-01, 0.000000000000000e+00
870, 2.356096535650717e-02, 1.925028370429652e-02, 2.761815745768709e-01, 0.000000000000000e+00, 0.000000000000000e+00, 6.261978134991368e+04, 0.000000000000000e+00, 2.504791253996547e+04, 3.159418684425256e+02, 0.000000000000000e+00, -9.883985340198005e-01, 0.000000000000000e+00, 0.000000000000000e+00, 1.920393610992693e-05, 5.979580106251782e-03, 2.344661928530102e-03, -5.416641498183780e+02, 7.583570567448960e-01, 0.000000000000000e+00
871, 2.240870804992324e-02, 1.879255569578984e-02, 2.769425137860384e-01, 0.000000000000000e+00, 0.000000000000000e+00, 6.278883502701957e+04, 0.000000000000000e+00, 2.511553401080782e+04, 3.159243728244074e+02, 0.000000000000000e+00, -9.838098508938216e-01, 0.000000000000000e+00, 0.000000000000000e+00, 1.920312900533417e-05, 6.000560687882431e-03, 2.416498187761458e-03, -5.422019112868663e+02, 7.620367531690015e-01, 0.000000000000000e+00
872, 2.126081702530526e-02, 1.832398621927043e-02, 2.778286091193254e-01, 0.000000000000000e+00, 0.000000000000000e+00, 6.298668604901812e+04, 0.000000000000000e+00, 2.519467441960724e+04, 3.159090962318714e+02, 0.000000000000000e+00, -9.784395113564346e-01, 0.000000000000000e+00, 0.000000000000000e+00, 1.920242425036269e-05, 6.025240828275549e-03, 2.495263044778510e-03, -5.437377554329906e+02, 7.662656128678599e-01, 0.000000000000000e+00
873, 2.011774330136264e-02, 1.784378703460262e-02, 2.789139777066605e-01, 0.000000000000000e+00, 0.000000000000000e+00, 6.323041022184707e+04, 0.000000000000000e+00, 2.529216408873882e+04, 3.158974037933747e+02, 0.000000000000000e+00, -9.718240208305886e-01, 0.000000000000000e+00, 0.000000000000000e+00, 1.920188483178119e-05, 6.053348043691865e-03, 2.582279985646370e-03, -5.461275823137245e+02, 7.711653906133215e-01, 0.000000000000000e+00
874, 1.898002697904283e-02, 1.735103068368670e-02, 2.802603187531383e-01, 0.000000000000000e+00, 0.000000000000000e+00, 6.353443037791856e+04, 0.000000000000000e+00, 2.541377215116742e+04, 3.158914458248857e+02, 0.000000000000000e+00, -9.635718953281723e-01, 0.000000000000000e+00, 0.000000000000000e+00, 1.920160996326214e-05, 6.080471181374152e-03, 2.676970896965199e-03, -5.485181868953905e+02, 7.765773105666981e-01, 0.000000000000000e+00
875, 1.784830995950063e-02, 1.684465278537259e-02, 2.818834850730295e-01, 0.000000000000000e+00, 0.000000000000000e+00, 6.390267230300015e+04, 0.000000000000000e+00, 2.556106892120006e+04, 3.158927978389728e+02, 0.000000000000000e+00, -9.535765758720830e-01, 0.000000000000000e+00, 0.000000000000000e+00, 1.920167233812172e-05, 6.101487126293981e-03, 2.777868884348126e-03, -5.501058699441929e+02, 7.822276317994517e-01, 0.000000000000000e+00
876, 1.672328202057931e-02, 1.632358582143178e-02, 2.837522077092369e-01, 0.000000000000000e+00, 0.000000000000000e+00, 6.432824079388264e+04, 0.000000000000000e+00, 2.573129631755305e+04, 3.159022813017278e+02, 0.000000000000000e+00, -9.420252213763295e-01, 0.000000000000000e+00, 0.000000000000000e+00, 1.920210985179337e-05, 6.115192860169265e-03, 2.884711461380507e-03, -5.511566675640086e+02, 7.880199535993873e-01, 0.000000000000000e+00
877, 1.560569546119125e-02, 1.578674735300785e-02, 2.858573356747353e-01, 0.000000000000000e+00, 0.000000000000000e+00, 6.480909934005326e+04, 0.000000000000000e+00, 2.592363973602130e+04, 3.159198984441253e+02, 0.000000000000000e+00, -9.289731095585319e-01, 0.000000000000000e+00, 0.000000000000000e+00, 1.920292259051262e-05, 6.126706283000578e-03, 3.000677716695823e-03, -5.532254880544114e+02, 7.943101055526615e-01, 0.000000000000000e+00
878, 1.449642325617010e-02, 1.523293692071135e-02, 2.882780505342244e-01, 0.000000000000000e+00, 0.000000000000000e+00, 6.536340337319646e+04, 0.000000000000000e+00, 2.614536134927858e+04, 3.159464044134522e+02, 0.000000000000000e+00, -9.139274411821311e-01, 0.000000000000000e+00, 0.000000000000000e+00, 1.920414535888850e-05, 6.142447783276286e-03, 3.130986179461889e-03, -5.579201684164228e+02, 8.016982158551486e-01, 0.000000000000000e+00
879, 1.339655514199942e-02, 1.466068359928517e-02, 2.911897016846040e-01, 0.000000000000000e+00, 0.000000000000000e+00, 6.603139867977797e+04, 0.000000000000000e+00, 2.641255947191118e+04, 3.159838030252961e+02, 0.000000000000000e+00, -8.957958107791806e-01, 0.000000000000000e+00, 0.000000000000000e+00, 1.920587053842193e-05, 6.161707239563591e-03, 3.278778638614338e-03, -5.649689368046212e+02, 8.104991359739095e-01, 0.000000000000000e+00
880, 1.230748124162693e-02, 1.406815319447935e-02, 2.947207375240652e-01, 0.000000000000000e+00, 0.000000000000000e+00, 6.684331445205158e+04, 0.000000000000000e+00, 2.673732578082063e+04, 3.160367723412671e+02, 0.000000000000000e+00, -8.737576968042061e-01, 0.000000000000000e+00, 0.000000000000000e+00, 1.920831381429872e-05, 6.172713563689841e-03, 3.440740862833344e-03, -5.720990740270236e+02, 8.202286195041444e-01, 0.000000000000000e+00
881, 1.123077120997443e-02, 1.345345096195350e-02, 2.988531566182006e-01, 0.000000000000000e+00, 0.000000000000000e+00, 6.779625186218147e+04, 0.000000000000000e+00, 2.711850074487258e+04, 3.161099555109233e+02, 0.000000000000000e+00, -8.478917831557368e-01, 0.000000000000000e+00, 0.000000000000000e+00, 1.921168914667353e-05, 6.164834675328123e-03, 3.612309985879883e-03, -5.781810406422617e+02, 8.302343617096186e-01, 0.000000000000000e+00
882, 1.016819857036820e-02, 1.281463180047759e-02, 3.035225645139935e-01, 0.000000000000000e+00, 0.000000000000000e+00, 6.887617926012567e+04, 0.000000000000000e+00, 2.755047170405026e+04, 3.162047585478653e+02, 0.000000000000000e+00, -8.185789358218982e-01, 0.000000000000000e+00, 0.000000000000000e+00, 1.921606105029131e-05, 6.140719947346818e-03, 3.796618097905402e-03, -5.853723949760990e+02, 8.407046354774328e-01, 0.000000000000000e+00
883, 9.121855774671861e-03, 1.214957347246121e-02, 3.088031870193162e-01, 0.000000000000000e+00, 0.000000000000000e+00, 7.010022748665365e+04, 0.000000000000000e+00, 2.804009099466146e+04, 3.163209746423499e+02, 0.000000000000000e+00, -7.853541663959405e-01, 0.000000000000000e+00, 0.000000000000000e+00, 1.922141954762795e-05, 6.111626274428961e-03, 4.005198225250178e-03, -5.974970548062104e+02, 8.527246987583402e-01, 0.000000000000000e+00
884, 8.094457942168357e-03, 1.145562489940996e-02, 3.149932829471703e-01, 0.000000000000000e+00, 0.000000000000000e+00, 7.153687122666958e+04, 0.000000000000000e+00, 2.861474849066783e+04, 3.164601178869669e+02, 0.000000000000000e+00, -7.463588425395700e-01, 0.000000000000000e+00, 0.000000000000000e+00, 1.922783389186697e-05, 6.080343980429917e-03, 4.248525890063785e-03, -6.156135191499975e+02, 8.672786510909971e-01, 0.000000000000000e+00
885, 7.089538177035261e-03, 1.072952981075692e-02, 3.223398693937956e-01, 0.000000000000000e+00, 0.000000000000000e+00, 7.324534079035907e+04, 0.000000000000000e+00, 2.929813631614362e+04, 3.166331015360690e+02, 0.000000000000000e+00, -6.999852552129826e-01, 0.000000000000000e+00, 0.000000000000000e+00, 1.923580629715513e-05, 6.032590516831234e-03, 4.525139340836786e-03, -6.378534130489552e+02, 8.840957706861235e-01, 0.000000000000000e+00
886, 6.111234779969521e-03, 9.967978567724467e-03, 3.309033912005072e-01, 0.000000000000000e+00, 0.000000000000000e+00, 7.524389840790836e+04, 0.000000000000000e+00, 3.009755936316334e+04, 3.168548849639710e+02, 0.000000000000000e+00, -6.457377063105055e-01, 0.000000000000000e+00, 0.000000000000000e+00, 1.924602461999499e-05, 5.959272236571248e-03, 4.836537912579567e-03, -6.666862909167859e+02, 9.030439248823119e-01, 0.000000000000000e+00
887, 5.164694473691335e-03, 9.167329062504252e-03, 3.409755225930455e-01, 0.000000000000000e+00, 0.000000000000000e+00, 7.760190199330638e+04, 0.000000000000000e+00, 3.104076079732254e+04, 3.171315854522064e+02, 0.000000000000000e+00, -5.817335896976711e-01, 0.000000000000000e+00, 0.000000000000000e+00, 1.925876820455706e-05, 5.866528036389082e-03, 5.204974488376110e-03, -7.094221453569744e+02, 9.258821775670213e-01, 0.000000000000000e+00
888, 4.257053856304397e-03, 8.322888943223005e-03, 3.532224589518954e-01, 0.000000000000000e+00, 0.000000000000000e+00, 8.047507747905228e+04, 0.000000000000000e+00, 3.219003099162091e+04, 3.174705399082232e+02, 0.000000000000000e+00, -5.037459818850309e-01, 0.000000000000000e+00, 0.000000000000000e+00, 1.927437143866408e-05, 5.744094045551288e-03, 5.649493880639235e-03, -7.695002715222023e+02, 9.542106383005599e-01, 0.000000000000000e+00
889, 3.397697763855343e-03, 7.429433230687310e-03, 3.683937178751798e-01, 0.000000000000000e+00, 0.000000000000000e+00, 8.404168151773876e+04, 0.000000000000000e+00, 3.361667260709550e+04, 3.178870632516375e+02, 0.000000000000000e+00, -4.069364001619543e-01, 0.000000000000000e+00, 0.000000000000000e+00, 1.929353415594192e-05, 5.550617982028593e-03, 6.161089839595458e-03, -8.424542651822802e+02, 9.875151042107704e-01, 0.000000000000000e+00
890, 2.598474031175146e-03, 6.481894059077294e-03, 3.869954550346745e-01, 0.000000000000000e+00, 0.000000000000000e+00, 8.842711516629012e+04, 0.000000000000000e+00, 3.537084606651604e+04, 3.183977051664468e+02, 0.000000000000000e+00, -2.879010397503405e-01, 0.000000000000000e+00, 0.000000000000000e+00, 1.931700998345547e-05, 5.230382709376270e-03, 6.702150320905660e-03, -9.181884175492009e+02, 1.023405799599258e+00, 0.000000000000000e+00
891, 1.873587278744753e-03, 5.476456145747046e-03, 4.091746112878142e-01, 0.000000000000000e+00, 0.000000000000000e+00, 9.367515357717975e+04, 0.000000000000000e+00, 3.747006143087189e+04, 3.190113036832734e+02, 0.000000000000000e+00, -1.454516963654284e-01, 0.000000000000000e+00, 0.000000000000000e+00, 1.934519441698767e-05, 4.733529897006110e-03, 7.218415084518631e-03, -9.862254076764325e+02, 1.058672591832575e+00, 0.000000000000000e+00
892, 1.240466636397140e-03, 4.410995326705614e-03, 4.350759790377306e-01, 0.000000000000000e+00, 0.000000000000000e+00, 9.982571166105637e+04, 0.000000000000000e+00, 3.993028466442254e+04, 3.197184107132562e+02, 0.000000000000000e+00, 2.149505438262319e-02, 0.000000000000000e+00, 0.000000000000000e+00, 1.937764070655204e-05, 4.024918460838349e-03, 7.653466550271967e-03, -1.033139685226244e+03, 1.090652706230387e+00, 0.000000000000000e+00
893, 7.214866333388917e-04, 3.285712696419156e-03, 4.647195506701121e-01, 0.000000000000000e+00, 0.000000000000000e+00, 1.068910405540262e+05, 0.000000000000000e+00, 4.275641622161045e+04, 3.205093459305029e+02, 0.000000000000000e+00, 2.132717493690045e-01, 0.000000000000000e+00, 0.000000000000000e+00, 1.941389143348438e-05, 3.076872329955498e-03, 7.899747575534697e-03, -1.028931012192113e+03, 1.113869899104089e+00, 0.000000000000000e+00
894, 3.427177891012575e-04, 2.106060796007263e-03, 4.973484098042036e-01, 0.000000000000000e+00, 0.000000000000000e+00, 1.147070430975790e+05, 0.000000000000000e+00, 4.588281723903157e+04, 3.213806225293728e+02, 0.000000000000000e+00, 4.254242419867489e-01, 0.000000000000000e+00, 0.000000000000000e+00, 1.945377312308061e-05, 1.911679705640779e-03, 7.733617111956043e-03, -9.257264702265736e+02, 1.114594779701771e+00, 0.000000000000000e+00
895, 1.282832386637299e-04, 8.859341611375257e-04, 5.302322852863911e-01, 0.000000000000000e+00, 0.000000000000000e+00, 1.226385655123019e+05, 0.000000000000000e+00, 4.905542620492076e+04, 3.222932654301276e+02, 0.000000000000000e+00, 6.407123308992830e-01, 0.000000000000000e+00, 0.000000000000000e+00, 1.949549082413420e-05, 6.997877544145919e-04, 6.799837111922209e-03, -7.056105719208050e+02, 1.063670522178207e+00, 0.000000000000000e+00
896, 8.973003005435326e-05, -3.522210787138400e-04, 5.595669013879615e-01, 0.000000000000000e+00, 0.000000000000000e+00, 1.297219026843091e+05, 0.000000000000000e+00, 5.188876107372365e+04, 3.230365242432529e+02, 0.000000000000000e+00, 8.329778309064226e-01, 0.000000000000000e+00, 0.000000000000000e+00, 1.952942251592854e-05, -2.219967858691122e-04, 5.390460743908869e-03, -4.459816890158955e+02, 9.689690918832152e-01, 0.000000000000000e+00
897, 2.299645397874991e-04, -1.583061324321511e-03, 5.822782894106052e-01, 0.000000000000000e+00, 0.000000000000000e+00, 1.352096191107268e+05, 0.000000000000000e+00, 5.408384764429070e+04, 3.235693142630088e+02, 0.000000000000000e+00, 9.819328385534182e-01, 0.000000000000000e+00, 0.000000000000000e+00, 1.955372190132101e-05, -7.038938250859625e-04, 3.794352137183958e-03, -2.213547393494227e+02, 8.348760703042830e-01, 0.000000000000000e+00
898, 5.405508375338744e-04, -2.782378630015013e-03, 5.970998799063378e-01, 0.000000000000000e+00, 0.000000000000000e+00, 1.387968697023078e+05, 0.000000000000000e+00, 5.551874788092311e+04, 3.239090067461526e+02, 0.000000000000000e+00, 1.079302836887944e+00, 0.000000000000000e+00, 0.000000000000000e+00, 1.956920415108326e-05, -7.410411236564313e-04, 2.253698269901618e-03, -7.646954838844702e+01, 6.623103397250630e-01, 0.000000000000000e+00
899, 1.002387692278118e-03, -3.932200483846957e-03, 6.044717291692570e-01, 0.000000000000000e+00, 0.000000000000000e+00, 1.405865889307937e+05, 0.000000000000000e+00, 5.623463557231747e+04, 3.240844820130717e+02, 0.000000000000000e+00, 1.127881812303247e+00, 0.000000000000000e+00, 0.000000000000000e+00, 1.957719866960586e-05, -4.434635941288699e-04, 9.485532512396673e-04, -1.100393187763600e+01, 4.425136893166774e-01, 0.000000000000000e+00
900, 1.588593215713804e-03, -5.024104937249680e-03, 6.061290225140143e-01, 0.000000000000000e+00, 0.000000000000000e+00, 1.409927882857206e+05, 0.000000000000000e+00, 5.639711531428824e+04, 3.241321848323338e+02, 0.000000000000000e+00, 1.138907423562617e+00, 0.000000000000000e+00, 0.000000000000000e+00, 1.957937160134748e-05, 2.475159337314411e-05, -4.132203176039218e-05, 2.128232443016890e+00, 9.502595329942953e-02, 0.000000000000000e+00
901, 2.274726454035531e-03, -6.056331319818242e-03, 6.040306446301140e-01, 0.000000000000000e+00, 0.000000000000000e+00, 1.404861823728201e+05, 0.000000000000000e+00, 5.619447294912804e+04, 3.240895106908887e+02, 0.000000000000000e+00, 1.125156441958167e+00, 0.000000000000000e+00, 0.000000000000000e+00, 1.957742774058164e-05, 5.248025626780603e-04, -7.248814745023210e-04, -8.478534625291703e+00, 4.089138497770862e-01, 0.000000000000000e+00
902, 3.041202799094447e-03, -7.030516208002384e-03, 5.996986338267546e-01, 0.000000000000000e+00, 0.000000000000000e+00, 1.394354971168925e+05, 0.000000000000000e+00, 5.577419884675698e+04, 3.239892694127398e+02, 0.000000000000000e+00, 1.096637324319748e+00, 0.000000000000000e+00, 0.000000000000000e+00, 1.957286112373862e-05, 9.789740358208321e-04, -1.160166681746773e-03, -2.525229539970564e+01, 5.307741873564905e-01, 0.000000000000000e+00
903, 3.872635727103939e-03, -7.949988384495956e-03, 5.941918508141549e-01, 0.000000000000000e+00, 0.000000000000000e+00, 1.380985974882567e+05, 0.000000000000000e+00, 5.523943899530268e+04, 3.238567201959272e+02, 0.000000000000000e+00, 1.060349389788718e+00, 0.000000000000000e+00, 0.000000000000000e+00, 1.956682159959278e-05, 1.355759344655238e-03, -1.414059312048095e-03, -4.057592131101637e+01, 6.003629636753743e-01, 0.000000000000000e+00
904, 4.756349229173989e-03, -8.819416863964129e-03, 5.882069238474147e-01, 0.000000000000000e+00, 0.000000000000000e+00, 1.366455489429742e+05, 0.000000000000000e+00, 5.465821957718966e+04, 3.237096856008848e+02, 0.000000000000000e+00, 1.020908784561362e+00, 0.000000000000000e+00, 0.000000000000000e+00, 1.956012062017980e-05, 1.651354124098350e-03, -1.546430179265326e-03, -5.242140679979236e+01, 6.421412604897933e-01, 0.000000000000000e+00
905, 5.681866871927526e-03, -9.644264374601710e-03, 5.821316117410431e-01, 0.000000000000000e+00, 0.000000000000000e+00, 1.351716698994123e+05, 0.000000000000000e+00, 5.406866795976491e+04, 3.235600039847293e+02, 0.000000000000000e+00, 9.809027698285955e-01, 0.000000000000000e+00, 0.000000000000000e+00, 1.955329745069956e-05, 1.876830727439718e-03, -1.603032815096514e-03, -6.117876219554759e+01, 6.674808854136695e-01, 0.000000000000000e+00
906, 6.641331521462209e-03, -1.042941206823911e-02, 5.761614417244006e-01, 0.000000000000000e+00, 0.000000000000000e+00, 1.337250439937559e+05, 0.000000000000000e+00, 5.349001759750235e+04, 3.234140592217448e+02, 0.000000000000000e+00, 9.416364965565172e-01, 0.000000000000000e+00, 0.000000000000000e+00, 1.954664311323545e-05, 2.049722668002097e-03, -1.615678929660613e-03, -6.774837759992049e+01, 6.830834253852902e-01, 0.000000000000000e+00
907, 7.628867862880895e-03, -1.117897369221778e-02, 5.703986488987089e-01, 0.000000000000000e+00, 0.000000000000000e+00, 1.323305773559340e+05, 0.000000000000000e+00, 5.293223094237359e+04, 3.232749519432194e+02, 0.000000000000000e+00, 9.037860005468614e-01, 0.000000000000000e+00, 0.000000000000000e+00, 1.954029914097279e-05, 2.183592390609681e-03, -1.602321184761373e-03, -7.274395663328504e+01, 6.925972844995928e-01, 0.000000000000000e+00
908, 8.640174952417663e-03, -1.189616437430791e-02, 5.649137401209166e-01, 0.000000000000000e+00, 0.000000000000000e+00, 1.310051230257875e+05, 0.000000000000000e+00, 5.240204921031500e+04, 3.231442837894269e+02, 0.000000000000000e+00, 8.678087297585469e-01, 0.000000000000000e+00, 0.000000000000000e+00, 1.953433879838872e-05, 2.288023415794305e-03, -1.573946094426400e-03, -7.660475917531362e+01, 6.981731089074427e-01, 0.000000000000000e+00
909, 9.671575423105660e-03, -1.258416542420663e-02, 5.597374865009148e-01, 0.000000000000000e+00, 0.000000000000000e+00, 1.297558053889498e+05, 0.000000000000000e+00, 5.190232215557990e+04, 3.230224754919062e+02, 0.000000000000000e+00, 8.338980638843313e-01, 0.000000000000000e+00, 0.000000000000000e+00, 1.952878151379421e-05, 2.371985844781412e-03, -1.539307876585081e-03, -7.987203309568250e+01, 7.014830666427495e-01, 0.000000000000000e+00
910, 1.072003302567076e-02, -1.324589498985153e-02, 5.548474415136988e-01, 0.000000000000000e+00, 0.000000000000000e+00, 1.285772580466496e+05, 0.000000000000000e+00, 5.143090321865983e+04, 3.229095645013272e+02, 0.000000000000000e+00, 8.019083408841453e-01, 0.000000000000000e+00, 0.000000000000000e+00, 1.952362922292692e-05, 2.442267546495391e-03, -1.502730421461963e-03, -8.291163621450835e+01, 7.035253499326611e-01, 0.000000000000000e+00
911, 1.178332366970196e-02, -1.388352688736122e-02, 5.502371480680075e-01, 0.000000000000000e+00, 0.000000000000000e+00, 1.274678254650687e+05, 0.000000000000000e+00, 5.098713018602748e+04, 3.228055598317875e+02, 0.000000000000000e+00, 7.717946240241282e-01, 0.000000000000000e+00, 0.000000000000000e+00, 1.951888254836781e-05, 2.501953721320469e-03, -1.465358887544359e-03, -8.576696494802536e+01, 7.046819226883416e-01, 0.000000000000000e+00
912, 1.285959407264934e-02, -1.449900561652574e-02, 5.459107325684591e-01, 0.000000000000000e+00, 0.000000000000000e+00, 1.264282107115333e+05, 0.000000000000000e+00, 5.057128428461333e+04, 3.227102023228051e+02, 0.000000000000000e+00, 7.435759969067866e-01, 0.000000000000000e+00, 0.000000000000000e+00, 1.951452985442767e-05, 2.553777336549220e-03, -1.428733265318369e-03, -8.852131823868365e+01, 7.053235183873467e-01, 0.000000000000000e+00
913, 1.394724470193232e-02, -1.509415160315856e-02, 5.418522507845581e-01, 0.000000000000000e+00, 0.000000000000000e+00, 1.254543299068176e+05, 0.000000000000000e+00, 5.018173196272703e+04, 3.226228400603641e+02, 0.000000000000000e+00, 7.171416093689466e-01, 0.000000000000000e+00, 0.000000000000000e+00, 1.951054155116940e-05, 2.601466733006380e-03, -1.394929444786850e-03, -9.139069085985837e+01, 7.059352068842172e-01, 0.000000000000000e+00
914, 1.504484166200705e-02, -1.567075467941759e-02, 5.380309891494370e-01, 0.000000000000000e+00, 0.000000000000000e+00, 1.245385615734024e+05, 0.000000000000000e+00, 4.981542462936095e+04, 3.225424580583346e+02, 0.000000000000000e+00, 6.922845889788124e-01, 0.000000000000000e+00, 0.000000000000000e+00, 1.950687144022156e-05, 2.648556503660298e-03, -1.365468243633481e-03, -9.460767327883653e+01, 7.069300992134273e-01, 0.000000000000000e+00
915, 1.615118476541921e-02, -1.623039701208373e-02, 5.344065120653944e-01, 0.000000000000000e+00, 0.000000000000000e+00, 1.236711217036330e+05, 0.000000000000000e+00, 4.946844868145320e+04, 3.224682010904725e+02, 0.000000000000000e+00, 6.687393649922379e-01, 0.000000000000000e+00, 0.000000000000000e+00, 1.950348058467689e-05, 2.696114409404546e-03, -1.339804432839502e-03, -9.820629969854721e+01, 7.083375978293773e-01, 0.000000000000000e+00
916, 1.726538593576451e-02, -1.677422975856072e-02, 5.309646498299668e-01, 0.000000000000000e+00, 0.000000000000000e+00, 1.228484378133640e+05, 0.000000000000000e+00, 4.913937512534558e+04, 3.223995054377145e+02, 0.000000000000000e+00, 6.464089682217031e-01, 0.000000000000000e+00, 0.000000000000000e+00, 1.950034333462709e-05, 2.742898587585195e-03, -1.316335196991450e-03, -1.020065227647500e+02, 7.099137333258033e-01, 0.000000000000000e+00
917, 1.838670327410723e-02, -1.730323714909462e-02, 5.277050556102392e-01, 0.000000000000000e+00, 0.000000000000000e+00, 1.220701955046438e+05, 0.000000000000000e+00, 4.882807820185750e+04, 3.223359328978540e+02, 0.000000000000000e+00, 6.252848648535728e-01, 0.000000000000000e+00, 0.000000000000000e+00, 1.949743975540169e-05, 2.788001178512763e-03, -1.294255465663911e-03, -1.058817681078479e+02, 7.115119118965517e-01, 0.000000000000000e+00
918, 1.951448824154089e-02, -1.781831574192504e-02, 5.246217963617297e-01, 0.000000000000000e+00, 0.000000000000000e+00, 1.213347817935961e+05, 0.000000000000000e+00, 4.853391271743842e+04, 3.222770056776336e+02, 0.000000000000000e+00, 6.053232731019517e-01, 0.000000000000000e+00, 0.000000000000000e+00, 1.949474809014648e-05, 2.831674460763993e-03, -1.273619561302478e-03, -1.098288618590999e+02, 7.131515147051795e-01, 0.000000000000000e+00
919, 2.064813086697787e-02, -1.832037328485372e-02, 5.217013673414291e-01, 0.000000000000000e+00, 0.000000000000000e+00, 1.206387907567351e+05, 0.000000000000000e+00, 4.825551630269403e+04, 3.222221098309312e+02, 0.000000000000000e+00, 5.864317447936015e-01, 0.000000000000000e+00, 0.000000000000000e+00, 1.949224034925852e-05, 2.874796368371210e-03, -1.254808332801280e-03, -1.139108819433221e+02, 7.149275713582001e-01, 0.000000000000000e+00
920, 2.178708200201592e-02, -1.881027107451507e-02, 5.189223993396674e-01, 0.000000000000000e+00, 0.000000000000000e+00, 1.199770042489570e+05, 0.000000000000000e+00, 4.799080169958281e+04, 3.221706199739924e+02, 0.000000000000000e+00, 5.684686419896345e-01, 0.000000000000000e+00, 0.000000000000000e+00, 1.948988800730741e-05, 2.917889062161572e-03, -1.237843074212501e-03, -1.181671658477242e+02, 7.168741919730113e-01, 0.000000000000000e+00
921, 2.293086967597897e-02, -1.928876939750950e-02, 5.162673888296905e-01, 0.000000000000000e+00, 0.000000000000000e+00, 1.193451620865474e+05, 0.000000000000000e+00, 4.773806483461893e+04, 3.221220561010218e+02, 0.000000000000000e+00, 5.513183290324347e-01, 0.000000000000000e+00, 0.000000000000000e+00, 1.948766916946671e-05, 2.960486353408379e-03, -1.222164667773593e-03, -1.225383025465544e+02, 7.189001775848636e-01, 0.000000000000000e+00
922, 2.407911136334149e-02, -1.975647955802548e-02, 5.137283389713944e-01, 0.000000000000000e+00, 0.000000000000000e+00, 1.187412929462669e+05, 0.000000000000000e+00, 4.749651717850673e+04, 3.220761652087181e+02, 0.000000000000000e+00, 5.349272976053632e-01, 0.000000000000000e+00, 0.000000000000000e+00, 1.948557230498963e-05, 3.001473901408674e-03, -1.206990003570183e-03, -1.268901627393867e+02, 7.208483167839771e-01, 0.000000000000000e+00
923, 2.523148302382977e-02, -2.021392064124772e-02, 5.113055609465916e-01, 0.000000000000000e+00, 0.000000000000000e+00, 1.181653846583770e+05, 0.000000000000000e+00, 4.726615386335080e+04, 3.220327891850316e+02, 0.000000000000000e+00, 5.192952173809486e-01, 0.000000000000000e+00, 0.000000000000000e+00, 1.948359021451110e-05, 3.040167466240978e-03, -1.191960340618367e-03, -1.311239288100741e+02, 7.226343677250907e-01, 0.000000000000000e+00
924, 2.638768177206668e-02, -2.066160218738114e-02, 5.089960594187329e-01, 0.000000000000000e+00, 0.000000000000000e+00, 1.176166560421051e+05, 0.000000000000000e+00, 4.704666241684205e+04, 3.219917499335291e+02, 0.000000000000000e+00, 5.044008844960661e-01, 0.000000000000000e+00, 0.000000000000000e+00, 1.948171478206261e-05, 3.076735737655815e-03, -1.177208953837735e-03, -1.352353214209156e+02, 7.242814500634911e-01, 0.000000000000000e+00
925, 2.754741955325591e-02, -2.110003548874435e-02, 5.067912846177517e-01, 0.000000000000000e+00, 0.000000000000000e+00, 1.170930151202596e+05, 0.000000000000000e+00, 4.683720604810384e+04, 3.219527864052563e+02, 0.000000000000000e+00, 4.901875156816178e-01, 0.000000000000000e+00, 0.000000000000000e+00, 1.947993409725454e-05, 3.111790877849924e-03, -1.163036592619504e-03, -1.392704686418322e+02, 7.258598035032549e-01, 0.000000000000000e+00
926, 2.871042365767876e-02, -2.152973051419320e-02, 5.046786259911969e-01, 0.000000000000000e+00, 0.000000000000000e+00, 1.165914188969687e+05, 0.000000000000000e+00, 4.663656755878746e+04, 3.219155919814922e+02, 0.000000000000000e+00, 4.765725138356173e-01, 0.000000000000000e+00, 0.000000000000000e+00, 1.947823416306390e-05, 3.145870342373422e-03, -1.149618448364094e-03, -1.432716975749839e+02, 7.274224328733037e-01, 0.000000000000000e+00
927, 2.987645187641126e-02, -2.195115083493997e-02, 5.026457689721441e-01, 0.000000000000000e+00, 0.000000000000000e+00, 1.161089072791205e+05, 0.000000000000000e+00, 4.644356291164819e+04, 3.218798892785766e+02, 0.000000000000000e+00, 4.634755321147049e-01, 0.000000000000000e+00, 0.000000000000000e+00, 1.947660231478408e-05, 3.179115538458096e-03, -1.136884123636454e-03, -1.472431882254308e+02, 7.289719020854417e-01, 0.000000000000000e+00
928, 3.104529362604536e-02, -2.236470381594334e-02, 5.006836876267221e-01, 0.000000000000000e+00, 0.000000000000000e+00, 1.156433351803941e+05, 0.000000000000000e+00, 4.625733407215762e+04, 3.218455455565926e+02, 0.000000000000000e+00, 4.508383456900971e-01, 0.000000000000000e+00, 0.000000000000000e+00, 1.947503249608882e-05, 3.211084685000737e-03, -1.124476212983693e-03, -1.511262011650049e+02, 7.304437202651920e-01, 0.000000000000000e+00
929, 3.221678147431116e-02, -2.277070099369871e-02, 4.987911870208647e-01, 0.000000000000000e+00, 0.000000000000000e+00, 1.151944107595556e+05, 0.000000000000000e+00, 4.607776430382224e+04, 3.218125471244496e+02, 0.000000000000000e+00, 4.386530330130414e-01, 0.000000000000000e+00, 0.000000000000000e+00, 1.947352409098170e-05, 3.241141427918445e-03, -1.112031082679072e-03, -1.548286223251859e+02, 7.317608718070228e-01, 0.000000000000000e+00
930, 3.339076279782822e-02, -2.316943100248983e-02, 4.969701279399796e-01, 0.000000000000000e+00, 0.000000000000000e+00, 1.147625540813824e+05, 0.000000000000000e+00, 4.590502163255297e+04, 3.217808961929519e+02, 0.000000000000000e+00, 4.269309960488094e-01, 0.000000000000000e+00, 0.000000000000000e+00, 1.947207720990816e-05, 3.269132031272529e-03, -1.099500675115229e-03, -1.583138611926127e+02, 7.329098037091983e-01, 0.000000000000000e+00
931, 3.456709343444436e-02, -2.356117674144389e-02, 4.952185494779610e-01, 0.000000000000000e+00, 0.000000000000000e+00, 1.143472970529245e+05, 0.000000000000000e+00, 4.573891882116980e+04, 3.217505782339076e+02, 0.000000000000000e+00, 4.156595291866272e-01, 0.000000000000000e+00, 0.000000000000000e+00, 1.947069119769620e-05, 3.295275986213003e-03, -1.086998646898636e-03, -1.615968487105123e+02, 7.339172303836319e-01, 0.000000000000000e+00
932, 3.574563446303441e-02, -2.394622248350953e-02, 4.935328487622431e-01, 0.000000000000000e+00, 0.000000000000000e+00, 1.139477709050719e+05, 0.000000000000000e+00, 4.557910836202875e+04, 3.217215159727664e+02, 0.000000000000000e+00, 4.048150511224775e-01, 0.000000000000000e+00, 0.000000000000000e+00, 1.946936252997247e-05, 3.319931137741997e-03, -1.074683822797039e-03, -1.647060889919595e+02, 7.348233584087598e-01, 0.000000000000000e+00
933, 3.692625260341712e-02, -2.432485227840780e-02, 4.919073479051752e-01, 0.000000000000000e+00, 0.000000000000000e+00, 1.135626070790021e+05, 0.000000000000000e+00, 4.542504283160081e+04, 3.216935704015114e+02, 0.000000000000000e+00, 3.943604145852478e-01, 0.000000000000000e+00, 0.000000000000000e+00, 1.946808485887038e-05, 3.343527407814410e-03, -1.062717465555062e-03, -1.676826559898514e+02, 7.356733131634534e-01, 0.000000000000000e+00
934, 3.810882172180399e-02, -2.469734549461512e-02, 4.903346112861014e-01, 0.000000000000000e+00, 0.000000000000000e+00, 1.131900326085292e+05, 0.000000000000000e+00, 4.527601304341169e+04, 3.216666023307578e+02, 0.000000000000000e+00, 3.842474953332264e-01, 0.000000000000000e+00, 0.000000000000000e+00, 1.946685182684917e-05, 3.366306552752276e-03, -1.051136417988568e-03, -1.705525108526446e+02, 7.364873491877419e-01, 0.000000000000000e+00
935, 3.929322979611442e-02, -2.506394596723370e-02, 4.888091003839345e-01, 0.000000000000000e+00, 0.000000000000000e+00, 1.128287323133313e+05, 0.000000000000000e+00, 4.513149292533250e+04, 3.216405251431268e+02, 0.000000000000000e+00, 3.744405949666188e-01, 0.000000000000000e+00, 0.000000000000000e+00, 1.946565947892745e-05, 3.388166189273956e-03, -1.039815512920299e-03, -1.733000450931107e+02, 7.372475157812579e-01, 0.000000000000000e+00
936, 4.047938300545329e-02, -2.542486187349588e-02, 4.873289003855195e-01, 0.000000000000000e+00, 0.000000000000000e+00, 1.124782510999132e+05, 0.000000000000000e+00, 4.499130043996526e+04, 3.216153172033048e+02, 0.000000000000000e+00, 3.649273607234085e-01, 0.000000000000000e+00, 0.000000000000000e+00, 1.946450683071012e-05, 3.408833443564762e-03, -1.028590035060467e-03, -1.758863796476880e+02, 7.379207608427116e-01, 0.000000000000000e+00
937, 4.166719739485263e-02, -2.578027296180373e-02, 4.858943639828350e-01, 0.000000000000000e+00, 0.000000000000000e+00, 1.121386702453355e+05, 0.000000000000000e+00, 4.485546809813419e+04, 3.215909931631439e+02, 0.000000000000000e+00, 3.557099987352983e-01, 0.000000000000000e+00, 0.000000000000000e+00, 1.946339455683355e-05, 3.428131109413661e-03, -1.017371128576905e-03, -1.782835668095497e+02, 7.384879911217502e-01, 0.000000000000000e+00
938, 4.285659463535268e-02, -2.613035019981328e-02, 4.845057505486076e-01, 0.000000000000000e+00, 0.000000000000000e+00, 1.118100493680496e+05, 0.000000000000000e+00, 4.472401974721983e+04, 3.215675670687201e+02, 0.000000000000000e+00, 3.467901272467790e-01, 0.000000000000000e+00, 0.000000000000000e+00, 1.946232330416998e-05, 3.446075824027482e-03, -1.006173057063637e-03, -1.804894151753826e+02, 7.389524738533492e-01, 0.000000000000000e+00
939, 4.404749952342599e-02, -2.647526517664208e-02, 4.831620909926352e-01, 0.000000000000000e+00, 0.000000000000000e+00, 1.114921554167539e+05, 0.000000000000000e+00, 4.459686216670154e+04, 3.215450261493378e+02, 0.000000000000000e+00, 3.381614204648032e-01, 0.000000000000000e+00, 0.000000000000000e+00, 1.946129249314658e-05, 3.462829106775727e-03, -9.950651786109841e-04, -1.825213536877389e+02, 7.393323322365419e-01, 0.000000000000000e+00
940, 4.523983843524667e-02, -2.681518992025306e-02, 4.818610669181873e-01, 0.000000000000000e+00, 0.000000000000000e+00, 1.111844346449916e+05, 0.000000000000000e+00, 4.447377385799662e+04, 3.215233297514304e+02, 0.000000000000000e+00, 3.298088478554865e-01, 0.000000000000000e+00, 0.000000000000000e+00, 1.946030026877570e-05, 3.478585316429005e-03, -9.841219300394247e-04, -1.844013632753500e+02, 7.396477624903131e-01, 0.000000000000000e+00
941, 4.643354043229356e-02, -2.715029682623184e-02, 4.805998546658283e-01, 0.000000000000000e+00, 0.000000000000000e+00, 1.108862034830458e+05, 0.000000000000000e+00, 4.435448139321831e+04, 3.215023974898938e+02, 0.000000000000000e+00, 3.217138550467558e-01, 0.000000000000000e+00, 0.000000000000000e+00, 1.945934295856509e-05, 3.493586458299850e-03, -9.734238573491411e-04, -1.861566636057253e+02, 7.399231657113570e-01, 0.000000000000000e+00
942, 4.762853740111574e-02, -2.748075712151069e-02, 4.793743264853633e-01, 0.000000000000000e+00, 0.000000000000000e+00, 1.105964761792670e+05, 0.000000000000000e+00, 4.423859047170680e+04, 3.214821434137315e+02, 0.000000000000000e+00, 3.138496854365771e-01, 0.000000000000000e+00, 0.000000000000000e+00, 1.945841663485418e-05, 3.508009145603531e-03, -9.630089621754052e-04, -1.878113023517940e+02, 7.401740456171616e-01, 0.000000000000000e+00
943, 4.882476612466644e-02, -2.780672948554379e-02, 4.781810143602175e-01, 0.000000000000000e+00, 0.000000000000000e+00, 1.103144259743566e+05, 0.000000000000000e+00, 4.412577038974262e+04, 3.214624994612940e+02, 0.000000000000000e+00, 3.061938980079439e-01, 0.000000000000000e+00, 0.000000000000000e+00, 1.945751818759523e-05, 3.521871389049501e-03, -9.528383510423300e-04, -1.893697375531551e+02, 7.403986067993287e-01, 0.000000000000000e+00
944, 5.002217140381542e-02, -2.812835211411113e-02, 4.770179180567291e-01, 0.000000000000000e+00, 0.000000000000000e+00, 1.100395804269538e+05, 0.000000000000000e+00, 4.401583217078152e+04, 3.214434419919158e+02, 0.000000000000000e+00, 2.987336691196513e-01, 0.000000000000000e+00, 0.000000000000000e+00, 1.945664653803301e-05, 3.535031931070375e-03, -9.428238121431181e-04, -1.908159852398259e+02, 7.405792948923804e-01, 0.000000000000000e+00
945, 5.122070448210295e-02, -2.844574711816083e-02, 4.758851180293835e-01, 0.000000000000000e+00, 0.000000000000000e+00, 1.097719543355195e+05, 0.000000000000000e+00, 4.390878173420778e+04, 3.214249679265019e+02, 0.000000000000000e+00, 2.914694004514972e-01, 0.000000000000000e+00, 0.000000000000000e+00, 1.945580154769530e-05, 3.547376549982720e-03, -9.329043959262623e-04, -1.921345902305703e+02, 7.407036993932157e-01, 0.000000000000000e+00
946, 5.242031964931736e-02, -2.875902749034726e-02, 4.747825957039724e-01, 0.000000000000000e+00, 0.000000000000000e+00, 1.095115450632604e+05, 0.000000000000000e+00, 4.380461802530414e+04, 3.214070898126432e+02, 0.000000000000000e+00, 2.844010204320829e-01, 0.000000000000000e+00, 0.000000000000000e+00, 1.945498379280502e-05, 3.558866046468349e-03, -9.230651464566351e-04, -1.933217851579344e+02, 7.407679389641794e-01, 0.000000000000000e+00
947, 5.362097254647586e-02, -2.906830603536825e-02, 4.737103535504675e-01, 0.000000000000000e+00, 0.000000000000000e+00, 1.092583476990696e+05, 0.000000000000000e+00, 4.370333907962781e+04, 3.213897991174570e+02, 0.000000000000000e+00, 2.775283957575126e-01, 0.000000000000000e+00, 0.000000000000000e+00, 1.945419288530292e-05, 3.569585715418801e-03, -9.133375763897472e-04, -1.943885121262594e+02, 7.407814941078397e-01, 0.000000000000000e+00
948, 5.482262074435537e-02, -2.937369597986496e-02, 4.726669265312614e-01, 0.000000000000000e+00, 0.000000000000000e+00, 1.090120178714288e+05, 0.000000000000000e+00, 4.360480714857151e+04, 3.213730840368680e+02, 0.000000000000000e+00, 2.708421790311387e-01, 0.000000000000000e+00, 0.000000000000000e+00, 1.945342828737847e-05, 3.579620858713849e-03, -9.037523930237176e-04, -1.953485724078479e+02, 7.407525763367695e-01, 0.000000000000000e+00
949, 5.602522267905460e-02, -2.967531077036869e-02, 4.716512146678852e-01, 0.000000000000000e+00, 0.000000000000000e+00, 1.087722842616530e+05, 0.000000000000000e+00, 4.350891370466118e+04, 3.213568993348903e+02, 0.000000000000000e+00, 2.643350057549292e-01, 0.000000000000000e+00, 0.000000000000000e+00, 1.945268793176076e-05, 3.589111349480251e-03, -8.943524712851927e-04, -1.962187059897525e+02, 7.406952340092063e-01, 0.000000000000000e+00
950, 5.722873662098583e-02, -2.997326380346414e-02, 4.706607349701634e-01, 0.000000000000000e+00, 0.000000000000000e+00, 1.085385558784952e+05, 0.000000000000000e+00, 4.341542235139808e+04, 3.213411968541582e+02, 0.000000000000000e+00, 2.579908344466258e-01, 0.000000000000000e+00, 0.000000000000000e+00, 1.945196961726817e-05, 3.598173495598121e-03, -8.851700093371105e-04, -1.970160202825387e+02, 7.406197576010523e-01, 0.000000000000000e+00
951, 5.843312378968464e-02, -3.026766737884983e-02, 4.696935373228773e-01, 0.000000000000000e+00, 0.000000000000000e+00, 1.083103561655803e+05, 0.000000000000000e+00, 4.332414246623211e+04, 3.213259024789410e+02, 0.000000000000000e+00, 2.517967297697423e-01, 0.000000000000000e+00, 0.000000000000000e+00, 1.945126995493768e-05, 3.606973231467336e-03, -8.762390698891569e-04, -1.977613107259140e+02, 7.405416506573524e-01, 0.000000000000000e+00
952, 5.963834722112352e-02, -3.055862854436097e-02, 4.687464839629205e-01, 0.000000000000000e+00, 0.000000000000000e+00, 1.080869472123706e+05, 0.000000000000000e+00, 4.323477888494825e+04, 3.213109782597635e+02, 0.000000000000000e+00, 2.457326623602907e-01, 0.000000000000000e+00, 0.000000000000000e+00, 1.945058720997926e-05, 3.615568835201307e-03, -8.675461487587417e-04, -1.984677454359906e+02, 7.404637665594910e-01, 0.000000000000000e+00
953, 6.084437424715570e-02, -3.084624052830981e-02, 4.678186339204641e-01, 0.000000000000000e+00, 0.000000000000000e+00, 1.078680999364622e+05, 0.000000000000000e+00, 4.314723997458489e+04, 3.212963922819616e+02, 0.000000000000000e+00, 2.397924141544010e-01, 0.000000000000000e+00, 0.000000000000000e+00, 1.944991992349850e-05, 3.623858251716337e-03, -8.590240142955248e-04, -1.991236386816514e+02, 7.403739306908441e-01, 0.000000000000000e+00
954, 6.205117653577513e-02, -3.113058202038346e-02, 4.669094620224135e-01, 0.000000000000000e+00, 0.000000000000000e+00, 1.076536962605601e+05, 0.000000000000000e+00, 4.306147850422403e+04, 3.212821573448896e+02, 0.000000000000000e+00, 2.339727801387276e-01, 0.000000000000000e+00, 0.000000000000000e+00, 1.944926868211071e-05, 3.631668995400773e-03, -8.506041623851791e-04, -1.997101836144080e+02, 7.402535135976476e-01, 0.000000000000000e+00
955, 6.325872753968112e-02, -3.141172679996378e-02, 4.660202384319608e-01, 0.000000000000000e+00, 0.000000000000000e+00, 1.074440260806954e+05, 0.000000000000000e+00, 4.297761043227816e+04, 3.212682683986063e+02, 0.000000000000000e+00, 2.282816290627098e-01, 0.000000000000000e+00, 0.000000000000000e+00, 1.944863325583429e-05, 3.638996034611609e-03, -8.422791531489562e-04, -2.002249411877191e+02, 7.401030174577526e-01, 0.000000000000000e+00
956, 6.446700177257873e-02, -3.168974702503233e-02, 4.651501251153300e-01, 0.000000000000000e+00, 0.000000000000000e+00, 1.072389024011027e+05, 0.000000000000000e+00, 4.289556096044108e+04, 3.212547478183939e+02, 0.000000000000000e+00, 2.227138852348354e-01, 0.000000000000000e+00, 0.000000000000000e+00, 1.944801466939981e-05, 3.645817886582317e-03, -8.340456828605820e-04, -2.006707449438159e+02, 7.399197376030771e-01, 0.000000000000000e+00
957, 6.567597435173463e-02, -3.196471499924317e-02, 4.642997721250053e-01, 0.000000000000000e+00, 0.000000000000000e+00, 1.070384668815828e+05, 0.000000000000000e+00, 4.281538675263310e+04, 3.212415747301959e+02, 0.000000000000000e+00, 2.172733937766585e-01, 0.000000000000000e+00, 0.000000000000000e+00, 1.944741196881402e-05, 3.652228919724645e-03, -8.259295333755923e-04, -2.010575087008225e+02, 7.397140263712427e-01, 0.000000000000000e+00
958, 6.688562081100341e-02, -3.223670312710766e-02, 4.634674518688047e-01, 0.000000000000000e+00, 0.000000000000000e+00, 1.068423221598336e+05, 0.000000000000000e+00, 4.273692886393342e+04, 3.212287554268052e+02, 0.000000000000000e+00, 2.119493689441393e-01, 0.000000000000000e+00, 0.000000000000000e+00, 1.944682544296571e-05, 3.658234680744706e-03, -8.179354845186461e-04, -2.013914379068781e+02, 7.394852283316004e-01, 0.000000000000000e+00
959, 6.809591740821151e-02, -3.250578397626244e-02, 4.626534816145786e-01, 0.000000000000000e+00, 0.000000000000000e+00, 1.066505249540556e+05, 0.000000000000000e+00, 4.266020998162221e+04, 3.212162438674382e+02, 0.000000000000000e+00, 2.067433502592440e-01, 0.000000000000000e+00, 0.000000000000000e+00, 1.944625298623489e-05, 3.663964276803563e-03, -8.100954198366874e-04, -2.016849581399789e+02, 7.392468553531887e-01, 0.000000000000000e+00
960, 6.930684079467951e-02, -3.277203018572849e-02, 4.618553339052190e-01, 0.000000000000000e+00, 0.000000000000000e+00, 1.064624887976718e+05, 0.000000000000000e+00, 4.258499551906872e+04, 3.212040315208721e+02, 0.000000000000000e+00, 2.016394190544141e-01, 0.000000000000000e+00, 0.000000000000000e+00, 1.944569420908662e-05, 3.669430951299545e-03, -8.024128485828136e-04, -2.019455909804843e+02, 7.389982743159877e-01, 0.000000000000000e+00
961, 7.051836825957591e-02, -3.303551343949346e-02, 4.610731041331817e-01, 0.000000000000000e+00, 0.000000000000000e+00, 1.062782122175326e+05, 0.000000000000000e+00, 4.251128488701302e+04, 3.211920502939543e+02, 0.000000000000000e+00, 1.966375353434290e-01, 0.000000000000000e+00, 0.000000000000000e+00, 1.944514599659913e-05, 3.674789550658971e-03, -7.949176072051757e-04, -2.021883216610361e+02, 7.387551835264463e-01, 0.000000000000000e+00
962, 7.173047856055939e-02, -3.329630302013879e-02, 4.603035427768370e-01, 0.000000000000000e+00, 0.000000000000000e+00, 1.060969458992741e+05, 0.000000000000000e+00, 4.243877835970961e+04, 3.211803016363364e+02, 0.000000000000000e+00, 1.917173602242555e-01, 0.000000000000000e+00, 0.000000000000000e+00, 1.944460841569101e-05, 3.679973539951913e-03, -7.875776972119404e-04, -2.024142588854852e+02, 7.385078930275153e-01, 0.000000000000000e+00
963, 7.294315225622819e-02, -3.355445896330957e-02, 4.595477426237765e-01, 0.000000000000000e+00, 0.000000000000000e+00, 1.059189258107067e+05, 0.000000000000000e+00, 4.236757032428268e+04, 3.211687394651551e+02, 0.000000000000000e+00, 1.868852986537606e-01, 0.000000000000000e+00, 0.000000000000000e+00, 1.944407935828033e-05, 3.685014408180614e-03, -7.803749526831279e-04, -2.026217129567083e+02, 7.382600019355992e-01, 0.000000000000000e+00
964, 7.415637253948741e-02, -3.381003422694698e-02, 4.588036845468808e-01, 0.000000000000000e+00, 0.000000000000000e+00, 1.057436999328588e+05, 0.000000000000000e+00, 4.229747997314353e+04, 3.211574062678670e+02, 0.000000000000000e+00, 1.821290813227895e-01, 0.000000000000000e+00, 0.000000000000000e+00, 1.944356076900011e-05, 3.689735487126861e-03, -7.732561508526497e-04, -2.027968822836310e+02, 7.379918219209360e-01, 0.000000000000000e+00
965, 7.537012330500531e-02, -3.406307815781708e-02, 4.580740500919989e-01, 0.000000000000000e+00, 0.000000000000000e+00, 1.055718734451880e+05, 0.000000000000000e+00, 4.222874937807518e+04, 3.211462649916688e+02, 0.000000000000000e+00, 1.774651348291694e-01, 0.000000000000000e+00, 0.000000000000000e+00, 1.944305095287819e-05, 3.694231799849312e-03, -7.662360672191107e-04, -2.029430697156551e+02, 7.377150373685053e-01, 0.000000000000000e+00
966, 7.658438906865048e-02, -3.431363928944598e-02, 4.573561985700849e-01, 0.000000000000000e+00, 0.000000000000000e+00, 1.054028559532981e+05, 0.000000000000000e+00, 4.216114238131925e+04, 3.211353730045897e+02, 0.000000000000000e+00, 1.728774338911747e-01, 0.000000000000000e+00, 0.000000000000000e+00, 1.944255253555082e-05, 3.698372911626531e-03, -7.592880322984829e-04, -2.030553559251511e+02, 7.374144658458553e-01, 0.000000000000000e+00
967, 7.779915462174740e-02, -3.456176621685041e-02, 4.566530479033999e-01, 0.000000000000000e+00, 0.000000000000000e+00, 1.052373001880553e+05, 0.000000000000000e+00, 4.209492007522212e+04, 3.211246721672971e+02, 0.000000000000000e+00, 1.683836958111543e-01, 0.000000000000000e+00, 0.000000000000000e+00, 1.944206285707135e-05, 3.702341397163271e-03, -7.524514649871148e-04, -2.031456543434412e+02, 7.371108639730839e-01, 0.000000000000000e+00
968, 7.901440505084062e-02, -3.480750759860354e-02, 4.559607552005518e-01, 0.000000000000000e+00, 0.000000000000000e+00, 1.050743398373433e+05, 0.000000000000000e+00, 4.202973593493730e+04, 3.211142232795758e+02, 0.000000000000000e+00, 1.639604059761296e-01, 0.000000000000000e+00, 0.000000000000000e+00, 1.944158470018575e-05, 3.705987898338009e-03, -7.456974339582675e-04, -2.032093071721504e+02, 7.367862230599149e-01, 0.000000000000000e+00
969, 8.023012569025824e-02, -3.505091214434474e-02, 4.552828153011509e-01, 0.000000000000000e+00, 0.000000000000000e+00, 1.049147510930226e+05, 0.000000000000000e+00, 4.196590043720904e+04, 3.211039390077634e+02, 0.000000000000000e+00, 1.596286328334393e-01, 0.000000000000000e+00, 0.000000000000000e+00, 1.944111406883624e-05, 3.709552632773347e-03, -7.390757684293299e-04, -2.032613823951280e+02, 7.364674651654075e-01, 0.000000000000000e+00
970, 8.144630223613777e-02, -3.529202863358908e-02, 4.546140840522471e-01, 0.000000000000000e+00, 0.000000000000000e+00, 1.047573706928223e+05, 0.000000000000000e+00, 4.190294827712891e+04, 3.210938888381831e+02, 0.000000000000000e+00, 1.553568015481209e-01, 0.000000000000000e+00, 0.000000000000000e+00, 1.944065414330638e-05, 3.712841040690863e-03, -7.325485167041232e-04, -2.032951065493050e+02, 7.361310216984568e-01, 0.000000000000000e+00
971, 8.266292065191894e-02, -3.553090585295721e-02, 4.539589292135469e-01, 0.000000000000000e+00, 0.000000000000000e+00, 1.046031648600845e+05, 0.000000000000000e+00, 4.184126594403380e+04, 3.210839509754011e+02, 0.000000000000000e+00, 1.511711386585279e-01, 0.000000000000000e+00, 0.000000000000000e+00, 1.944019935024676e-05, 3.716155750696357e-03, -7.261755718020111e-04, -2.033297370502268e+02, 7.358106577306192e-01, 0.000000000000000e+00
972, 8.387996706309923e-02, -3.576759210989441e-02, 4.533104718344254e-01, 0.000000000000000e+00, 0.000000000000000e+00, 1.044505768694860e+05, 0.000000000000000e+00, 4.178023074779441e+04, 3.210742138023558e+02, 0.000000000000000e+00, 1.470293894243614e-01, 0.000000000000000e+00, 0.000000000000000e+00, 1.943975373471348e-05, 3.719289477809567e-03, -7.199103245762846e-04, -2.033588459516444e+02, 7.354799883148020e-01, 0.000000000000000e+00
973, 8.509742903172199e-02, -3.600213234079700e-02, 4.526746670235497e-01, 0.000000000000000e+00, 0.000000000000000e+00, 1.043009316913962e+05, 0.000000000000000e+00, 4.172037267655847e+04, 3.210645334773333e+02, 0.000000000000000e+00, 1.429675179800933e-01, 0.000000000000000e+00, 0.000000000000000e+00, 1.943931071414900e-05, 3.722473809205708e-03, -7.137866221892169e-04, -2.033940583822384e+02, 7.351667837748597e-01, 0.000000000000000e+00
974, 8.631529440257947e-02, -3.623456761185061e-02, 4.520432640813586e-01, 0.000000000000000e+00, 0.000000000000000e+00, 1.041523727042320e+05, 0.000000000000000e+00, 4.166094908169281e+04, 3.210550478199079e+02, 0.000000000000000e+00, 1.389351293962843e-01, 0.000000000000000e+00, 0.000000000000000e+00, 1.943887659612981e-05, 3.725471793603306e-03, -7.077441942097911e-04, -2.034233303821907e+02, 7.348404205837353e-01, 0.000000000000000e+00
975, 8.753355300494001e-02, -3.646493348222043e-02, 4.514253142309296e-01, 0.000000000000000e+00, 0.000000000000000e+00, 1.040069332555298e+05, 0.000000000000000e+00, 4.160277330221192e+04, 3.210455973319235e+02, 0.000000000000000e+00, 1.349874155367772e-01, 0.000000000000000e+00, 0.000000000000000e+00, 1.943844408133898e-05, 3.728447791154072e-03, -7.018039261375329e-04, -2.034492767684710e+02, 7.345245689507055e-01, 0.000000000000000e+00
976, 8.875219466899847e-02, -3.669326417148489e-02, 4.508106331078469e-01, 0.000000000000000e+00, 0.000000000000000e+00, 1.038623291927602e+05, 0.000000000000000e+00, 4.154493167710406e+04, 3.210363753350380e+02, 0.000000000000000e+00, 1.310623768500205e-01, 0.000000000000000e+00, 0.000000000000000e+00, 1.943802201767462e-05, 3.731127613623692e-03, -6.959121841591448e-04, -2.034590743394227e+02, 7.341835833607846e-01, 0.000000000000000e+00
977, 8.997120961580468e-02, -3.691959360429792e-02, 4.502112229686090e-01, 0.000000000000000e+00, 0.000000000000000e+00, 1.037212588996780e+05, 0.000000000000000e+00, 4.148850355987120e+04, 3.210271763979543e+02, 0.000000000000000e+00, 1.272332565107004e-01, 0.000000000000000e+00, 0.000000000000000e+00, 1.943760100339834e-05, 3.733840240965877e-03, -6.901306965279106e-04, -2.034683411652775e+02, 7.338599980649704e-01, 0.000000000000000e+00
978, 9.119058820866971e-02, -3.714395571781284e-02, 4.496130001438481e-01, 0.000000000000000e+00, 0.000000000000000e+00, 1.035805499068489e+05, 0.000000000000000e+00, 4.143221996273953e+04, 3.210182249524962e+02, 0.000000000000000e+00, 1.234139430706012e-01, 0.000000000000000e+00, 0.000000000000000e+00, 1.943719131050219e-05, 3.736222735095803e-03, -6.843927916366853e-04, -2.034630799271557e+02, 7.335063001677394e-01, 0.000000000000000e+00
979, 9.241032097078782e-02, -3.736638448045987e-02, 4.490315279950693e-01, 0.000000000000000e+00, 0.000000000000000e+00, 1.034437082868924e+05, 0.000000000000000e+00, 4.137748331475694e+04, 3.210092760578924e+02, 0.000000000000000e+00, 1.196996030859546e-01, 0.000000000000000e+00, 0.000000000000000e+00, 1.943678172869041e-05, 3.738709729789179e-03, -6.787789929663610e-04, -2.034597363022898e+02, 7.331783152510560e-01, 0.000000000000000e+00
980, 9.363039857458151e-02, -3.758691388865106e-02, 4.484485080171334e-01, 0.000000000000000e+00, 0.000000000000000e+00, 1.033065788975987e+05, 0.000000000000000e+00, 4.132263155903947e+04, 3.210005177211519e+02, 0.000000000000000e+00, 1.159774520774705e-01, 0.000000000000000e+00, 0.000000000000000e+00, 1.943638086303459e-05, 3.741049588413292e-03, -6.732434961970947e-04, -2.034714907458250e+02, 7.328360893483928e-01, 0.000000000000000e+00
981, 9.485081189142620e-02, -3.780557797442923e-02, 4.478822932227002e-01, 0.000000000000000e+00, 0.000000000000000e+00, 1.031733649816656e+05, 0.000000000000000e+00, 4.126934599266623e+04, 3.209918742921293e+02, 0.000000000000000e+00, 1.123615801328159e-01, 0.000000000000000e+00, 0.000000000000000e+00, 1.943598525134150e-05, 3.742916957078101e-03, -6.676300092370525e-04, -2.034217507955926e+02, 7.324612656942932e-01, 0.000000000000000e+00
982, 9.607156003453347e-02, -3.802234771385919e-02, 4.473219315455834e-01, 0.000000000000000e+00, 0.000000000000000e+00, 1.030416554362717e+05, 0.000000000000000e+00, 4.121666217450868e+04, 3.209836952254545e+02, 0.000000000000000e+00, 1.087865418442336e-01, 0.000000000000000e+00, 0.000000000000000e+00, 1.943561088875210e-05, 3.743641468378218e-03, -6.618240707890653e-04, -2.032939929800315e+02, 7.319789658197262e-01, 0.000000000000000e+00
983, 9.729263735710263e-02, -3.823725896832272e-02, 4.467877700306653e-01, 0.000000000000000e+00, 0.000000000000000e+00, 1.029161559799544e+05, 0.000000000000000e+00, 4.116646239198175e+04, 3.209760413535064e+02, 0.000000000000000e+00, 1.053800661769685e-01, 0.000000000000000e+00, 0.000000000000000e+00, 1.943526056047062e-05, 3.743351383565826e-03, -6.561577473774553e-04, -2.029838925134008e+02, 7.314236313076926e-01, 0.000000000000000e+00
984, 9.851401122033228e-02, -3.845047564093252e-02, 4.462649946645481e-01, 0.000000000000000e+00, 0.000000000000000e+00, 1.027933214594542e+05, 0.000000000000000e+00, 4.111732858378169e+04, 3.209685010355702e+02, 0.000000000000000e+00, 1.020459257953092e-01, 0.000000000000000e+00, 0.000000000000000e+00, 1.943491542566132e-05, 3.746348388695115e-03, -6.515411611828162e-04, -2.032143466140828e+02, 7.312064615806163e-01, 0.000000000000000e+00
985, 9.973565396775518e-02, -3.866213292935011e-02, 4.456857531511807e-01, 0.000000000000000e+00, 0.000000000000000e+00, 1.026573684612771e+05, 0.000000000000000e+00, 4.106294738451082e+04, 3.209605919526463e+02, 0.000000000000000e+00, 9.835570598263364e-02, 0.000000000000000e+00, 0.000000000000000e+00, 1.943455340745017e-05, 3.752402898623406e-03, -6.486120515726585e-04, -2.032158608699900e+02, 7.312603294826785e-01, 0.000000000000000e+00
