"PointID","x","y","Density","Momentum_x","Momentum_y","Energy","Turb_Kin_Energy","Omega","Pressure","Temperature","Mach","Pressure_Coefficient","Velocity_x","Velocity_y","Laminar_Viscosity","Skin_Friction_Coefficient_x","Skin_Friction_Coefficient_y","Heat_Flux","Y_Plus","Eddy_Viscosity"
0, 9.980285000000000e-01, -1.725000000000000e-04, 4.168945613570412e-01, 0.000000000000000e+00, 0.000000000000000e+00, 1.413171296139012e+05, 1.000000000000000e-10, 1.400405153004505e+12, 5.652685184556045e+04, 4.723445564855033e+02, 0.000000000000000e+00, -1.352289786303456e-01, 0.000000000000000e+00, 0.000000000000000e+00, 2.568310989057475e-05, 1.539244985769403e-02, 7.359672286488231e-03, -2.364179533277322e+05, 2.874179199003851e-01, 2.976862263459433e-23
1, 0.000000000000000e+00, 0.000000000000000e+00, 2.428347810116481e+00, 0.000000000000000e+00, 0.000000000000000e+00, 1.396327407542585e+06, 1.000000000000000e-10, 3.150819657744855e+11, 5.585309630170336e+05, 8.012475392144370e+02, 0.000000000000000e+00, 2.330977360655596e+00, 0.000000000000000e+00, 0.000000000000000e+00, 3.627108627600783e-05, -6.067967840430671e-06, 7.241724846503819e-04, -3.004912175999012e+03, 1.015820738523491e-01, 7.707223205529272e-22
1842, 9.965353993007438e-01, 2.808205014927226e-04, 3.911925540223591e-01, 0.000000000000000e+00, 0.000000000000000e+00, 1.224890668690242e+05, 1.000000000000000e-10, 1.308903263941611e+12, 4.899562674760965e+04, 4.363119249770361e+02, 0.000000000000000e+00, -1.722277893289522e-01, 0.000000000000000e+00, 0.000000000000000e+00, 2.430382004790143e-05, 1.625930515891625e-03, -2.800675956734710e-04, 7.515152532169644e+02, 9.190188393208598e-02, 2.988734299002995e-23
1843, 9.935574862760320e-01, 5.976350406159017e-04, 4.693728348842088e-01, 0.000000000000000e+00, 0.000000000000000e+00, 1.515374183329900e+05, 1.000000000000000e-10, 1.124184861694027e+12, 6.061496733319596e+04, 4.498754247550259e+02, 0.000000000000000e+00, -1.151452061930798e-01, 0.000000000000000e+00, 0.000000000000000e+00, 2.482986134430076e-05, 2.194160804838563e-03, -1.979259056475714e-04, 4.984006140357840e+01, 1.133692410052889e-01, 4.175269782281016e-23
1844, 9.905705082210535e-01, 8.188879332111788e-04, 4.827243886713484e-01, 0.000000000000000e+00, 0.000000000000000e+00, 1.562473277985767e+05, 1.000000000000000e-10, 1.095288401569976e+12, 6.249893111943063e+04, 4.510281974547659e+02, 0.000000000000000e+00, -1.058898169856993e-01, 0.000000000000000e+00, 0.000000000000000e+00, 2.487418060344860e-05, 2.120345693065637e-03, -1.683700317024094e-04, -3.736813032003445e+01, 1.127543741945311e-01, 4.407318113264150e-23
1845, 9.875860567925343e-01, 1.071807612915464e-03, 4.724641215052989e-01, 0.000000000000000e+00, 0.000000000000000e+00, 1.523631567093291e+05, 1.000000000000000e-10, 1.116220233921441e+12, 6.094526268373158e+04, 4.493672982734324e+02, 0.000000000000000e+00, -1.135225571565476e-01, 0.000000000000000e+00, 0.000000000000000e+00, 2.481030690884966e-05, 2.088436853336613e-03, -1.842793810994850e-04, 4.952292081714040e+01, 1.110320347831489e-01, 4.232750231188775e-23
1846, 9.846034115975268e-01, 1.345412290884476e-03, 4.693361945610320e-01, 0.000000000000000e+00, 0.000000000000000e+00, 1.512612565092251e+05, 1.000000000000000e-10, 1.123190896343856e+12, 6.050450260368999e+04, 4.490906287316965e+02, 0.000000000000000e+00, -1.156878886335471e-01, 0.000000000000000e+00, 0.000000000000000e+00, 2.479965479719036e-05, 2.102306236648522e-03, -1.908669269623199e-04, 7.370965331751007e+01, 1.110903923918519e-01, 4.178634463951000e-23
1847, 9.816202610238123e-01, 1.613438078263865e-03, 4.720884419374548e-01, 0.000000000000000e+00, 0.000000000000000e+00, 1.523182333738839e+05, 1.000000000000000e-10, 1.117510195911273e+12, 6.092729334955352e+04, 4.495922981527413e+02, 0.000000000000000e+00, -1.136108354890881e-01, 0.000000000000000e+00, 0.000000000000000e+00, 2.481896711422082e-05, 2.113277833888674e-03, -1.869128849194143e-04, 4.154128388679741e+01, 1.116075078390735e-01, 4.224503784391453e-23
1848, 9.786363762277844e-01, 1.873178104489046e-03, 4.742767037382365e-01, 0.000000000000000e+00, 0.000000000000000e+00, 1.531209387166151e+05, 1.000000000000000e-10, 1.112845103830223e+12, 6.124837548664601e+04, 4.498763125141596e+02, 0.000000000000000e+00, -1.120334484033905e-01, 0.000000000000000e+00, 0.000000000000000e+00, 2.482989549804731e-05, 2.112233587263515e-03, -1.829241927437329e-04, 1.897895827918299e+01, 1.117799573430339e-01, 4.261876130253056e-23
1849, 9.756522625612002e-01, 2.130280205787964e-03, 4.744049598158093e-01, 0.000000000000000e+00, 0.000000000000000e+00, 1.531502101914305e+05, 1.000000000000000e-10, 1.112482864861336e+12, 6.126008407657217e+04, 4.498406654720573e+02, 0.000000000000000e+00, -1.119759273631093e-01, 0.000000000000000e+00, 0.000000000000000e+00, 2.482852406189868e-05, 2.107954519173727e-03, -1.823141858423673e-04, 1.995752964327012e+01, 1.116873920825316e-01, 4.264416626541624e-23
1850, 9.726683189585320e-01, 2.389347448849889e-03, 4.735823544234243e-01, 0.000000000000000e+00, 0.000000000000000e+00, 1.528377667762655e+05, 1.000000000000000e-10, 1.114177384172812e+12, 6.113510671050617e+04, 4.497027129845306e+02, 0.000000000000000e+00, -1.125899063437594e-01, 0.000000000000000e+00, 0.000000000000000e+00, 2.482321612145662e-05, 2.105903556663726e-03, -1.835905593438518e-04, 3.053554321761588e+01, 1.115633881041887e-01, 4.250548318501263e-23
1851, 9.696845604250210e-01, 2.650538490984239e-03, 4.730262868276600e-01, 0.000000000000000e+00, 0.000000000000000e+00, 1.526389858267333e+05, 1.000000000000000e-10, 1.115388506092592e+12, 6.105559433069330e+04, 4.496457911248247e+02, 0.000000000000000e+00, -1.129805285135433e-01, 0.000000000000000e+00, 0.000000000000000e+00, 2.482102571128899e-05, 2.106557716339922e-03, -1.847522287742930e-04, 3.608891334866665e+01, 1.115275604765000e-01, 4.240946827813929e-23
1852, 9.667008879674128e-01, 2.912711307867068e-03, 4.728141811512052e-01, 0.000000000000000e+00, 0.000000000000000e+00, 1.525637361705916e+05, 1.000000000000000e-10, 1.115854531780213e+12, 6.102549446823660e+04, 4.496257326013406e+02, 0.000000000000000e+00, -1.131284007519381e-01, 0.000000000000000e+00, 0.000000000000000e+00, 2.482025380420496e-05, 2.107245319833365e-03, -1.851084625246582e-04, 3.810211123035566e+01, 1.115248983525963e-01, 4.237275303117481e-23
1853, 9.637172022725113e-01, 3.174733980967535e-03, 4.729730960361307e-01, 0.000000000000000e+00, 0.000000000000000e+00, 1.526268513069248e+05, 1.000000000000000e-10, 1.115539936070211e+12, 6.105074052276988e+04, 4.496606084790830e+02, 0.000000000000000e+00, -1.130043739195948e-01, 0.000000000000000e+00, 0.000000000000000e+00, 2.482159591206579e-05, 2.108064480182462e-03, -1.848796523402663e-04, 3.566160213479536e+01, 1.115585923215702e-01, 4.239894924502042e-23
1854, 9.607334557700395e-01, 3.436061898129369e-03, 4.731778675475429e-01, 0.000000000000000e+00, 0.000000000000000e+00, 1.527032023300288e+05, 1.000000000000000e-10, 1.115109486971492e+12, 6.108128093201149e+04, 4.496908579765346e+02, 0.000000000000000e+00, -1.128543373975825e-01, 0.000000000000000e+00, 0.000000000000000e+00, 2.482275994098985e-05, 2.108251192124538e-03, -1.844772549404376e-04, 3.340132120606697e+01, 1.115814838927495e-01, 4.243368005361744e-23
1855, 9.577496670682745e-01, 3.696908244333506e-03, 4.732948844468955e-01, 0.000000000000000e+00, 0.000000000000000e+00, 1.527454917955197e+05, 1.000000000000000e-10, 1.114857081483024e+12, 6.109819671820787e+04, 4.497041830368987e+02, 0.000000000000000e+00, -1.127712348527564e-01, 0.000000000000000e+00, 0.000000000000000e+00, 2.482327268859776e-05, 2.108329672142244e-03, -1.842370793812077e-04, 3.281322386738460e+01, 1.115944843340808e-01, 4.245378778686421e-23
1856, 9.547658598025723e-01, 3.957542227558140e-03, 4.734618191417758e-01, 0.000000000000000e+00, 0.000000000000000e+00, 1.528145149713934e+05, 1.000000000000000e-10, 1.114540245915435e+12, 6.112580598855732e+04, 4.497487671611623e+02, 0.000000000000000e+00, -1.126355981995027e-01, 0.000000000000000e+00, 0.000000000000000e+00, 2.482498822477575e-05, 2.109000120680051e-03, -1.842388403078410e-04, 3.000167419966637e+01, 1.116240631309715e-01, 4.248082208363452e-23
1857, 9.517820571569813e-01, 4.218228996611002e-03, 4.734029233655936e-01, 0.000000000000000e+00, 0.000000000000000e+00, 1.527918285193647e+05, 1.000000000000000e-10, 1.114660201848982e+12, 6.111673140774586e+04, 4.497379432795814e+02, 0.000000000000000e+00, -1.126801790868412e-01, 0.000000000000000e+00, 0.000000000000000e+00, 2.482457174488704e-05, 2.108587619758537e-03, -1.843008649586509e-04, 3.068932868783132e+01, 1.116083016019681e-01, 4.247096643288878e-23
1858, 9.487982739354875e-01, 4.479138402510888e-03, 4.732817801238335e-01, 0.000000000000000e+00, 0.000000000000000e+00, 1.527445657025866e+05, 1.000000000000000e-10, 1.114904330134538e+12, 6.109782628103458e+04, 4.497139079154427e+02, 0.000000000000000e+00, -1.127730547073846e-01, 0.000000000000000e+00, 0.000000000000000e+00, 2.482364689632040e-05, 2.108221884211834e-03, -1.844129050028358e-04, 3.260976543510932e+01, 1.115888299939359e-01, 4.245080618083823e-23
1859, 9.458145066411858e-01, 4.740229709444125e-03, 4.732187323149337e-01, 0.000000000000000e+00, 0.000000000000000e+00, 1.527218987502021e+05, 1.000000000000000e-10, 1.115041141315649e+12, 6.108875950008080e+04, 4.497070787021179e+02, 0.000000000000000e+00, -1.128175972761953e-01, 0.000000000000000e+00, 0.000000000000000e+00, 2.482338411257516e-05, 2.108375972967841e-03, -1.845315939584048e-04, 3.376101345489973e+01, 1.115868977632993e-01, 4.243994429941291e-23
1860, 9.428307492900284e-01, 5.001434638538728e-03, 4.732461107834418e-01, 0.000000000000000e+00, 0.000000000000000e+00, 1.527366136240392e+05, 1.000000000000000e-10, 1.115006149889896e+12, 6.109464544961566e+04, 4.497243891457566e+02, 0.000000000000000e+00, -1.127886812459626e-01, 0.000000000000000e+00, 0.000000000000000e+00, 2.482405020322201e-05, 2.108804049412533e-03, -1.846254222610030e-04, 3.281007478334423e+01, 1.115985885257487e-01, 4.244372520012425e-23
1861, 9.398469958420801e-01, 5.262684226467135e-03, 4.732302361436045e-01, 0.000000000000000e+00, 0.000000000000000e+00, 1.527312907653710e+05, 1.000000000000000e-10, 1.115042396345208e+12, 6.109251630614838e+04, 4.497238018909747e+02, 0.000000000000000e+00, -1.127991411346356e-01, 0.000000000000000e+00, 0.000000000000000e+00, 2.482402760639714e-05, 2.108575365662533e-03, -1.846133174428456e-04, 3.240888509555612e+01, 1.115907854756090e-01, 4.244091947352654e-23
1862, 9.368632404548567e-01, 5.523911387945502e-03, 4.731303906026793e-01, 0.000000000000000e+00, 0.000000000000000e+00, 1.526888195377850e+05, 1.000000000000000e-10, 1.115226159216086e+12, 6.107552781511396e+04, 4.496936231652641e+02, 0.000000000000000e+00, -1.128826008580753e-01, 0.000000000000000e+00, 0.000000000000000e+00, 2.482286634596583e-05, 2.107767355674348e-03, -1.845136289560736e-04, 3.411456997039156e+01, 1.115627843804417e-01, 4.242498312493300e-23
1863, 9.338794799017924e-01, 5.785079650720879e-03, 4.730348280297796e-01, 0.000000000000000e+00, 0.000000000000000e+00, 1.526486324817795e+05, 1.000000000000000e-10, 1.115404666144948e+12, 6.105945299271178e+04, 4.496660889606720e+02, 0.000000000000000e+00, -1.129615719820740e-01, 0.000000000000000e+00, 0.000000000000000e+00, 2.482180680919561e-05, 2.107466706200636e-03, -1.844457479510549e-04, 3.664738135030510e+01, 1.115482268162928e-01, 4.240963899336167e-23
1864, 9.308957142937465e-01, 6.046190018950668e-03, 4.731430269215578e-01, 0.000000000000000e+00, 0.000000000000000e+00, 1.526958578314713e+05, 1.000000000000000e-10, 1.115211791732943e+12, 6.107834313258846e+04, 4.497023414899500e+02, 0.000000000000000e+00, -1.128687699876737e-01, 0.000000000000000e+00, 0.000000000000000e+00, 2.482320182644942e-05, 2.108483563424063e-03, -1.844946298531831e-04, 3.495046683053879e+01, 1.115815312457616e-01, 4.242666846890615e-23
1865, 9.279119438701943e-01, 6.307245614157335e-03, 4.732551645253401e-01, 0.000000000000000e+00, 0.000000000000000e+00, 1.527435033423555e+05, 1.000000000000000e-10, 1.115005202125377e+12, 6.109740133694215e+04, 4.497360715669408e+02, 0.000000000000000e+00, -1.127751423393207e-01, 0.000000000000000e+00, 0.000000000000000e+00, 2.482449972483610e-05, 2.108931453956194e-03, -1.844959342058132e-04, 3.248660689474838e+01, 1.116006830507291e-01, 4.244457653708401e-23
1866, 9.249281689289663e-01, 6.568249593208189e-03, 4.731613139165532e-01, 0.000000000000000e+00, 0.000000000000000e+00, 1.527026707322987e+05, 1.000000000000000e-10, 1.115173521655957e+12, 6.108106829291944e+04, 4.497050249493295e+02, 0.000000000000000e+00, -1.128553820342002e-01, 0.000000000000000e+00, 0.000000000000000e+00, 2.482330508507252e-05, 2.108379222725006e-03, -1.844119824069825e-04, 3.494469194457635e+01, 1.115802935431238e-01, 4.242976747757648e-23
1867, 9.219443897462156e-01, 6.829205076792118e-03, 4.732853215289408e-01, 0.000000000000000e+00, 0.000000000000000e+00, 1.527559739936487e+05, 1.000000000000000e-10, 1.114948238475822e+12, 6.110238959745943e+04, 4.497441311758010e+02, 0.000000000000000e+00, -1.127506364051343e-01, 0.000000000000000e+00, 0.000000000000000e+00, 2.482480984259240e-05, 2.109224849627871e-03, -1.844539028771980e-04, 3.254891256574799e+01, 1.116104519200813e-01, 4.244945248090304e-23
1868, 9.189606069547160e-01, 7.090119083322639e-03, 4.732297397633219e-01, 0.000000000000000e+00, 0.000000000000000e+00, 1.527320204988508e+05, 1.000000000000000e-10, 1.115049022083076e+12, 6.109280819954030e+04, 4.497264223490208e+02, 0.000000000000000e+00, -1.127977071437229e-01, 0.000000000000000e+00, 0.000000000000000e+00, 2.482412843820383e-05, 2.108970100172569e-03, -1.844090322956060e-04, 3.412249410465986e+01, 1.116001695559541e-01, 4.244063788252346e-23
1869, 9.159768222341721e-01, 7.351011123243237e-03, 4.733510735278120e-01, 0.000000000000000e+00, 0.000000000000000e+00, 1.527843799262841e+05, 1.000000000000000e-10, 1.114829564822210e+12, 6.111375197051359e+04, 4.497652794857736e+02, 0.000000000000000e+00, -1.126948162318888e-01, 0.000000000000000e+00, 0.000000000000000e+00, 2.482562357359352e-05, 2.109611689663556e-03, -1.844572465793811e-04, 3.119259800736452e+01, 1.116247106883282e-01, 4.245986387088049e-23
1870, 9.129930374968789e-01, 7.611902990928574e-03, 4.732047526549230e-01, 0.000000000000000e+00, 0.000000000000000e+00, 1.527219000339528e+05, 1.000000000000000e-10, 1.115097466396918e+12, 6.108876001358110e+04, 4.497203679619309e+02, 0.000000000000000e+00, -1.128175947535114e-01, 0.000000000000000e+00, 0.000000000000000e+00, 2.482389547281647e-05, 2.108628563996948e-03, -1.843790022046180e-04, 3.430472569608161e+01, 1.115892333997343e-01, 4.243655366914684e-23
1871, 9.100092546756055e-01, 7.872816703810532e-03, 4.731734868541599e-01, 0.000000000000000e+00, 0.000000000000000e+00, 1.527099590580869e+05, 1.000000000000000e-10, 1.115162035052319e+12, 6.108398362323471e+04, 4.497149191252689e+02, 0.000000000000000e+00, -1.128410598285756e-01, 0.000000000000000e+00, 0.000000000000000e+00, 2.482368580684570e-05, 2.108967017214217e-03, -1.844319825531793e-04, 3.574573365227225e+01, 1.115954979673091e-01, 4.243129769390977e-23
1872, 9.070254756889218e-01, 8.133774241766806e-03, 4.732857952547219e-01, 0.000000000000000e+00, 0.000000000000000e+00, 1.527599031077640e+05, 1.000000000000000e-10, 1.114966334463530e+12, 6.110396124310555e+04, 4.497552490995769e+02, 0.000000000000000e+00, -1.127429153479371e-01, 0.000000000000000e+00, 0.000000000000000e+00, 2.482523763340480e-05, 2.109907632421281e-03, -1.845532489614752e-04, 3.356727406902397e+01, 1.116267385961213e-01, 4.244880592235775e-23
1873, 9.040417024476960e-01, 8.394797446040506e-03, 4.732402010789780e-01, 0.000000000000000e+00, 0.000000000000000e+00, 1.527424928336389e+05, 1.000000000000000e-10, 1.115060101068839e+12, 6.109699713345554e+04, 4.497473164096565e+02, 0.000000000000000e+00, -1.127771280784389e-01, 0.000000000000000e+00, 0.000000000000000e+00, 2.482493240325878e-05, 2.109753529503533e-03, -1.845902418330162e-04, 3.433143301740846e+01, 1.116187735859211e-01, 4.244114815864579e-23
1874, 9.010579358557554e-01, 8.655896662963356e-03, 4.732032169942159e-01, 0.000000000000000e+00, 0.000000000000000e+00, 1.527288273831141e+05, 1.000000000000000e-10, 1.115138578798626e+12, 6.109153095324559e+04, 4.497422264548676e+02, 0.000000000000000e+00, -1.128039818989266e-01, 0.000000000000000e+00, 0.000000000000000e+00, 2.482473655297617e-05, 2.109809774163930e-03, -1.846428173537928e-04, 3.514155625210531e+01, 1.116168897641571e-01, 4.243484668131539e-23
1875, 8.980741743091787e-01, 8.917053633127555e-03, 4.732044315383032e-01, 0.000000000000000e+00, 0.000000000000000e+00, 1.527315765266689e+05, 1.000000000000000e-10, 1.115147490947651e+12, 6.109263061066754e+04, 4.497491675416687e+02, 0.000000000000000e+00, -1.127985795883783e-01, 0.000000000000000e+00, 0.000000000000000e+00, 2.482500363046221e-05, 2.109988105023998e-03, -1.846913860015908e-04, 3.484657431097348e+01, 1.116206249500937e-01, 4.243461283345435e-23
1876, 8.950904157977924e-01, 9.178245366196915e-03, 4.731202508517892e-01, 0.000000000000000e+00, 0.000000000000000e+00, 1.526972673261983e+05, 1.000000000000000e-10, 1.115310063647750e+12, 6.107890693047929e+04, 4.497281415007231e+02, 0.000000000000000e+00, -1.128660002057107e-01, 0.000000000000000e+00, 0.000000000000000e+00, 2.482419458874923e-05, 2.109580649720013e-03, -1.846722735112699e-04, 3.643031477764715e+01, 1.116035943371775e-01, 4.242088760989688e-23
1877, 8.921066583192381e-01, 9.439448804520247e-03, 4.730553419779256e-01, 0.000000000000000e+00, 0.000000000000000e+00, 1.526715668464669e+05, 1.000000000000000e-10, 1.115439336420045e+12, 6.106862673858675e+04, 4.497141454650992e+02, 0.000000000000000e+00, -1.129165039244060e-01, 0.000000000000000e+00, 0.000000000000000e+00, 2.482365603704065e-05, 2.109729151337131e-03, -1.846855063471742e-04, 3.836454544207496e+01, 1.116022879228010e-01, 4.241015902159493e-23
1878, 8.891228998756715e-01, 9.700641190804637e-03, 4.731940700147249e-01, 0.000000000000000e+00, 0.000000000000000e+00, 1.527321227014861e+05, 1.000000000000000e-10, 1.115191839794714e+12, 6.109284908059441e+04, 4.497606240505317e+02, 0.000000000000000e+00, -1.127975063064936e-01, 0.000000000000000e+00, 0.000000000000000e+00, 2.482544444650596e-05, 2.110808828791780e-03, -1.847639164739950e-04, 3.571492976026850e+01, 1.116391283474689e-01, 4.243199825523952e-23
1879, 8.861391384613492e-01, 9.961799443545661e-03, 4.731448144837080e-01, 0.000000000000000e+00, 0.000000000000000e+00, 1.527108918764529e+05, 1.000000000000000e-10, 1.115281353652882e+12, 6.108435675058111e+04, 4.497449188735998e+02, 0.000000000000000e+00, -1.128392267578764e-01, 0.000000000000000e+00, 0.000000000000000e+00, 2.482484015148270e-05, 2.110653363376052e-03, -1.847185446005280e-04, 3.735461635272758e+01, 1.116318511166014e-01, 4.242418524916264e-23
1880, 8.831553722243684e-01, 1.022290270552771e-02, 4.732629967099739e-01, 0.000000000000000e+00, 0.000000000000000e+00, 1.527617783433199e+05, 1.000000000000000e-10, 1.115067108997553e+12, 6.110471133732793e+04, 4.497824365321670e+02, 0.000000000000000e+00, -1.127392303439996e-01, 0.000000000000000e+00, 0.000000000000000e+00, 2.482628371643754e-05, 2.111587046061116e-03, -1.847609040615361e-04, 3.523130686895173e+01, 1.116638997906279e-01, 4.244292621974933e-23
1881, 8.801716011423004e-01, 1.048395058675575e-02, 4.732697945833337e-01, 0.000000000000000e+00, 0.000000000000000e+00, 1.527644657982725e+05, 1.000000000000000e-10, 1.115053607145262e+12, 6.110578631930894e+04, 4.497838886869133e+02, 0.000000000000000e+00, -1.127339492570180e-01, 0.000000000000000e+00, 0.000000000000000e+00, 2.482633958963582e-05, 2.111577516525574e-03, -1.847247562160891e-04, 3.509832688521215e+01, 1.116641174019878e-01, 4.244404990648602e-23
1882, 8.771878262341821e-01, 1.074495480620516e-02, 4.732559084033524e-01, 0.000000000000000e+00, 0.000000000000000e+00, 1.527586353407749e+05, 1.000000000000000e-10, 1.115079500511414e+12, 6.110345413630993e+04, 4.497799190560395e+02, 0.000000000000000e+00, -1.127454066223435e-01, 0.000000000000000e+00, 0.000000000000000e+00, 2.482618685363959e-05, 2.111529294497032e-03, -1.846935763591472e-04, 3.537993931964936e+01, 1.116618292752970e-01, 4.244181950805343e-23
1883, 8.742040485283140e-01, 1.100592706951682e-02, 4.732079310514530e-01, 0.000000000000000e+00, 0.000000000000000e+00, 1.527384383126705e+05, 1.000000000000000e-10, 1.115168943467039e+12, 6.109537532506818e+04, 4.497660472870506e+02, 0.000000000000000e+00, -1.127850955712084e-01, 0.000000000000000e+00, 0.000000000000000e+00, 2.482565311617333e-05, 2.111382280181356e-03, -1.846621509044141e-04, 3.657213997406351e+01, 1.116546399276627e-01, 4.243411891911111e-23
1884, 8.712202690664390e-01, 1.126687921211892e-02, 4.731725741686409e-01, 0.000000000000000e+00, 0.000000000000000e+00, 1.527241292411210e+05, 1.000000000000000e-10, 1.115237936060223e+12, 6.108965169644838e+04, 4.497575163573490e+02, 0.000000000000000e+00, -1.128132141640082e-01, 0.000000000000000e+00, 0.000000000000000e+00, 2.482532487131141e-05, 2.111648591467043e-03, -1.846753097179785e-04, 3.809883296183264e+01, 1.116589627635906e-01, 4.242832996843735e-23
1885, 8.682364888777908e-01, 1.152782305693358e-02, 4.732691132078480e-01, 0.000000000000000e+00, 0.000000000000000e+00, 1.527666466973751e+05, 1.000000000000000e-10, 1.115067750903119e+12, 6.110665867895001e+04, 4.497909574731632e+02, 0.000000000000000e+00, -1.127296635971418e-01, 0.000000000000000e+00, 0.000000000000000e+00, 2.482661156733951e-05, 2.112729391630869e-03, -1.847680913743782e-04, 3.670905933597940e+01, 1.116931340789935e-01, 4.244345564397370e-23
1886, 8.652527089955723e-01, 1.178877032075960e-02, 4.733352556789419e-01, 0.000000000000000e+00, 0.000000000000000e+00, 1.527957255495832e+05, 1.000000000000000e-10, 1.114950843759178e+12, 6.111829021983325e+04, 4.498137099362567e+02, 0.000000000000000e+00, -1.126725210773426e-01, 0.000000000000000e+00, 0.000000000000000e+00, 2.482748697278264e-05, 2.113271487187652e-03, -1.848218983670699e-04, 3.534493857335725e+01, 1.117113438760709e-01, 4.245383202934230e-23
1887, 8.622689303821421e-01, 1.204973209534592e-02, 4.732847887520574e-01, 0.000000000000000e+00, 0.000000000000000e+00, 1.527751811015983e+05, 1.000000000000000e-10, 1.115048366251804e+12, 6.111007244063927e+04, 4.498011870829020e+02, 0.000000000000000e+00, -1.127128927370403e-01, 0.000000000000000e+00, 0.000000000000000e+00, 2.482700515646738e-05, 2.113158906753056e-03, -1.848238688669483e-04, 3.629187829655945e+01, 1.117046078231229e-01, 4.244559732193607e-23
1888, 8.592851533871512e-01, 1.231071247650678e-02, 4.732492158469276e-01, 0.000000000000000e+00, 0.000000000000000e+00, 1.527611511003469e+05, 1.000000000000000e-10, 1.115119435905449e+12, 6.110446044013871e+04, 4.497936871806186e+02, 0.000000000000000e+00, -1.127404629319900e-01, 0.000000000000000e+00, 0.000000000000000e+00, 2.482671659460357e-05, 2.113310484733109e-03, -1.848505881097780e-04, 3.716548088588082e+01, 1.117057451115593e-01, 4.243970549969471e-23
1889, 8.563013780693038e-01, 1.257171197599907e-02, 4.732490577483854e-01, 0.000000000000000e+00, 0.000000000000000e+00, 1.527625891891778e+05, 1.000000000000000e-10, 1.115127325808721e+12, 6.110503567567109e+04, 4.497980717889209e+02, 0.000000000000000e+00, -1.127376369600807e-01, 0.000000000000000e+00, 0.000000000000000e+00, 2.482688529454364e-05, 2.113647818837589e-03, -1.848939117362678e-04, 3.715323796907607e+01, 1.117139141144331e-01, 4.243939010137093e-23
1890, 8.533176044628346e-01, 1.283273107121346e-02, 4.731788615144109e-01, 0.000000000000000e+00, 0.000000000000000e+00, 1.527340055773394e+05, 1.000000000000000e-10, 1.115263002525102e+12, 6.109360223093571e+04, 4.497806246726146e+02, 0.000000000000000e+00, -1.127938062886953e-01, 0.000000000000000e+00, 0.000000000000000e+00, 2.482621400308023e-05, 2.113767030314209e-03, -1.849184958886307e-04, 3.909803477819123e+01, 1.117118317776951e-01, 4.242793930047193e-23
1891, 8.503338326109684e-01, 1.309377023240890e-02, 4.732579021475812e-01, 0.000000000000000e+00, 0.000000000000000e+00, 1.527691697206765e+05, 1.000000000000000e-10, 1.115125250531877e+12, 6.110766788827057e+04, 4.498090413377658e+02, 0.000000000000000e+00, -1.127247056329168e-01, 0.000000000000000e+00, 0.000000000000000e+00, 2.482730734946108e-05, 2.114710147041562e-03, -1.850155031234846e-04, 3.777410714095347e+01, 1.117411948330581e-01, 4.244025906794734e-23
1892, 8.473500625600292e-01, 1.335482993620572e-02, 4.731920652216381e-01, 0.000000000000000e+00, 0.000000000000000e+00, 1.527417698828957e+05, 1.000000000000000e-10, 1.115249574280521e+12, 6.109670795315826e+04, 4.497909383993492e+02, 0.000000000000000e+00, -1.127785487406735e-01, 0.000000000000000e+00, 0.000000000000000e+00, 2.482661083346095e-05, 2.114743837582223e-03, -1.850332911023540e-04, 3.971436865968032e+01, 1.117374809763572e-01, 4.242963187846237e-23
1893, 8.443662943436793e-01, 1.361591065705635e-02, 4.732424861749681e-01, 0.000000000000000e+00, 0.000000000000000e+00, 1.527647572405028e+05, 1.000000000000000e-10, 1.115164679264545e+12, 6.110590289620108e+04, 4.498107015612223e+02, 0.000000000000000e+00, -1.127333765472254e-01, 0.000000000000000e+00, 0.000000000000000e+00, 2.482737122631423e-05, 2.115573817896566e-03, -1.851210880455541e-04, 3.900537218226014e+01, 1.117619716596900e-01, 4.243737988729862e-23
1894, 8.413825279976648e-01, 1.387701284553700e-02, 4.732285917339939e-01, 0.000000000000000e+00, 0.000000000000000e+00, 1.527604681801655e+05, 1.000000000000000e-10, 1.115198458621543e+12, 6.110418727206615e+04, 4.498112790656563e+02, 0.000000000000000e+00, -1.127418049306256e-01, 0.000000000000000e+00, 0.000000000000000e+00, 2.482739344568304e-05, 2.115856571118310e-03, -1.851603934912506e-04, 3.926970315598345e+01, 1.117677326694490e-01, 4.243484916969869e-23
1895, 8.383987633238966e-01, 1.413813433085208e-02, 4.731570987937079e-01, 0.000000000000000e+00, 0.000000000000000e+00, 1.527315662345825e+05, 1.000000000000000e-10, 1.115337799093271e+12, 6.109262649383298e+04, 4.497941283402288e+02, 0.000000000000000e+00, -1.127985998132396e-01, 0.000000000000000e+00, 0.000000000000000e+00, 2.482673356847388e-05, 2.116110635403277e-03, -1.851941057500041e-04, 4.135497102538931e+01, 1.117689963126977e-01, 4.242314532601186e-23
1896, 8.354149997969685e-01, 1.439926864359230e-02, 4.732513385620205e-01, 0.000000000000000e+00, 0.000000000000000e+00, 1.527736355580545e+05, 1.000000000000000e-10, 1.115174346923423e+12, 6.110945422322178e+04, 4.498284290613358e+02, 0.000000000000000e+00, -1.127159298669764e-01, 0.000000000000000e+00, 0.000000000000000e+00, 2.482805328148287e-05, 2.117267612845833e-03, -1.853020417962625e-04, 3.965960764731958e+01, 1.118047520827713e-01, 4.243780415437689e-23
1897, 8.324312367993713e-01, 1.466040881460598e-02, 4.731983671992536e-01, 0.000000000000000e+00, 0.000000000000000e+00, 1.527523448128754e+05, 1.000000000000000e-10, 1.115278124850500e+12, 6.110093792515010e+04, 4.498160885876044e+02, 0.000000000000000e+00, -1.127577680667525e-01, 0.000000000000000e+00, 0.000000000000000e+00, 2.482757849050110e-05, 2.117373235232225e-03, -1.853129861724796e-04, 4.090969699299872e+01, 1.118034252109034e-01, 4.242910985406438e-23
1898, 8.294474736853239e-01, 1.492154788345896e-02, 4.731620428890412e-01, 0.000000000000000e+00, 0.000000000000000e+00, 1.527379920177354e+05, 1.000000000000000e-10, 1.115350806816429e+12, 6.109519680709414e+04, 4.498083521370634e+02, 0.000000000000000e+00, -1.127859725802796e-01, 0.000000000000000e+00, 0.000000000000000e+00, 2.482728083252877e-05, 2.117943354909120e-03, -1.853596273997141e-04, 4.249796920317318e+01, 1.118155174131390e-01, 4.242309516364686e-23
1899, 8.264637098715792e-01, 1.518267895241180e-02, 4.732737463905762e-01, 0.000000000000000e+00, 0.000000000000000e+00, 1.527868037543918e+05, 1.000000000000000e-10, 1.115151866063286e+12, 6.111472150175670e+04, 4.498459020363952e+02, 0.000000000000000e+00, -1.126900531950039e-01, 0.000000000000000e+00, 0.000000000000000e+00, 2.482872553001054e-05, 2.119260728824625e-03, -1.854666934351573e-04, 4.071960341064072e+01, 1.118569611242687e-01, 4.244067126594669e-23
1900, 8.234799447474631e-01, 1.544379502607339e-02, 4.732618485301197e-01, 0.000000000000000e+00, 0.000000000000000e+00, 1.527824101805233e+05, 1.000000000000000e-10, 1.115177274757292e+12, 6.111296407220928e+04, 4.498442750155562e+02, 0.000000000000000e+00, -1.126986869567486e-01, 0.000000000000000e+00, 0.000000000000000e+00, 2.482866293322029e-05, 2.119691960200904e-03, -1.854912244230022e-04, 4.132865248081129e+01, 1.118671865923155e-01, 4.243864039690140e-23
1901, 8.204961777118395e-01, 1.570488919233217e-02, 4.732825473288007e-01, 0.000000000000000e+00, 0.000000000000000e+00, 1.527920105083158e+05, 1.000000000000000e-10, 1.115143344470300e+12, 6.111680420332629e+04, 4.498528667294387e+02, 0.000000000000000e+00, -1.126798214624355e-01, 0.000000000000000e+00, 0.000000000000000e+00, 2.482899348307716e-05, 2.120510666817075e-03, -1.855447404716195e-04, 4.145572418339184e+01, 1.118897038478537e-01, 4.244178787303608e-23
1902, 8.175124081631336e-01, 1.596595463796362e-02, 4.733336478837375e-01, 0.000000000000000e+00, 0.000000000000000e+00, 1.528144251127451e+05, 1.000000000000000e-10, 1.115052764736678e+12, 6.112577004509800e+04, 4.498702874720795e+02, 0.000000000000000e+00, -1.126357747797045e-01, 0.000000000000000e+00, 0.000000000000000e+00, 2.482966370276073e-05, 2.121359801072189e-03, -1.855980510382305e-04, 4.061103134721430e+01, 1.119150764757399e-01, 4.244981390223043e-23
1903, 8.145286360006830e-01, 1.622699021004741e-02, 4.732944991474402e-01, 0.000000000000000e+00, 0.000000000000000e+00, 1.527980110854364e+05, 1.000000000000000e-10, 1.115126020283626e+12, 6.111920443417453e+04, 4.498591734243988e+02, 0.000000000000000e+00, -1.126680297969850e-01, 0.000000000000000e+00, 0.000000000000000e+00, 2.482923611904611e-05, 2.121611914405146e-03, -1.856008621836619e-04, 4.159880819172234e+01, 1.119189812677747e-01, 4.244351813491016e-23
1904, 8.115448617559743e-01, 1.648800193170741e-02, 4.732579304807535e-01, 0.000000000000000e+00, 0.000000000000000e+00, 1.527830479047266e+05, 1.000000000000000e-10, 1.115196440090586e+12, 6.111321916189059e+04, 4.498498769221313e+02, 0.000000000000000e+00, -1.126974337722126e-01, 0.000000000000000e+00, 0.000000000000000e+00, 2.482887845630485e-05, 2.122070623470581e-03, -1.856262613682140e-04, 4.273033585929893e+01, 1.119283338813836e-01, 4.243756398928073e-23
1905, 8.085610859854958e-01, 1.674899639900043e-02, 4.732434017385158e-01, 0.000000000000000e+00, 0.000000000000000e+00, 1.527777205945319e+05, 1.000000000000000e-10, 1.115227655493576e+12, 6.111108823781274e+04, 4.498480014190043e+02, 0.000000000000000e+00, -1.127079024085293e-01, 0.000000000000000e+00, 0.000000000000000e+00, 2.482880629991909e-05, 2.122799109369529e-03, -1.856799629894817e-04, 4.367793040086462e+01, 1.119461281893456e-01, 4.243507695432984e-23
1906, 8.055773092819645e-01, 1.700998016206433e-02, 4.732503211342152e-01, 0.000000000000000e+00, 0.000000000000000e+00, 1.527816017192874e+05, 1.000000000000000e-10, 1.115219930755891e+12, 6.111264068771491e+04, 4.498528518411708e+02, 0.000000000000000e+00, -1.127002756546742e-01, 0.000000000000000e+00, 0.000000000000000e+00, 2.482899291028226e-05, 2.123871477483001e-03, -1.857684254560874e-04, 4.461973102729298e+01, 1.119743651683345e-01, 4.243599464476234e-23
1907, 8.025935322099443e-01, 1.727095974775375e-02, 4.733696542985983e-01, 0.000000000000000e+00, 0.000000000000000e+00, 1.528336357490869e+05, 1.000000000000000e-10, 1.115006846503806e+12, 6.113345429963474e+04, 4.498926183925109e+02, 0.000000000000000e+00, -1.125980241780072e-01, 0.000000000000000e+00, 0.000000000000000e+00, 2.483052280919040e-05, 2.125467117021498e-03, -1.859073622019147e-04, 4.281137216065805e+01, 1.120236376733623e-01, 4.245479684688520e-23
1908, 7.996097553689200e-01, 1.753194175718253e-02, 4.733532389900282e-01, 0.000000000000000e+00, 0.000000000000000e+00, 1.528275464363834e+05, 1.000000000000000e-10, 1.115041653111091e+12, 6.113101857455332e+04, 4.498902945337870e+02, 0.000000000000000e+00, -1.126099902167366e-01, 0.000000000000000e+00, 0.000000000000000e+00, 2.483043340766071e-05, 2.126119316146455e-03, -1.859684859929052e-04, 4.354041989739932e+01, 1.120392936238423e-01, 4.245200192987219e-23
1909, 7.966259792989859e-01, 1.779293270171992e-02, 4.733448810042287e-01, 0.000000000000000e+00, 0.000000000000000e+00, 1.528250239330519e+05, 1.000000000000000e-10, 1.115062340585049e+12, 6.113000957322074e+04, 4.498908125555517e+02, 0.000000000000000e+00, -1.126149471591747e-01, 0.000000000000000e+00, 0.000000000000000e+00, 2.483045333657764e-05, 2.127002938726292e-03, -1.860545577280408e-04, 4.429335807560282e+01, 1.120615139635299e-01, 4.245046650367387e-23
1910, 7.936422045970523e-01, 1.805393916459766e-02, 4.733681542086611e-01, 0.000000000000000e+00, 0.000000000000000e+00, 1.528364751708437e+05, 1.000000000000000e-10, 1.115027322218926e+12, 6.113459006833745e+04, 4.499024024517041e+02, 0.000000000000000e+00, -1.125924444627973e-01, 0.000000000000000e+00, 0.000000000000000e+00, 2.483089921056623e-05, 2.128014386993232e-03, -1.861556882664604e-04, 4.404297499098718e+01, 1.120889266608191e-01, 4.245388355311099e-23
1911, 7.906584316083074e-01, 1.831496533195547e-02, 4.732911596256287e-01, 0.000000000000000e+00, 0.000000000000000e+00, 1.528051273332342e+05, 1.000000000000000e-10, 1.115176142824558e+12, 6.112205093329361e+04, 4.498832990091139e+02, 0.000000000000000e+00, -1.126540457398508e-01, 0.000000000000000e+00, 0.000000000000000e+00, 2.483016428026792e-05, 2.128444692675490e-03, -1.862063937876561e-04, 4.606110522778706e+01, 1.120944893317253e-01, 4.244132063314638e-23
1912, 7.876746600716227e-01, 1.857600814279166e-02, 4.732319511167463e-01, 0.000000000000000e+00, 0.000000000000000e+00, 1.527819904431039e+05, 1.000000000000000e-10, 1.115295771359126e+12, 6.111279617724152e+04, 4.498714589335584e+02, 0.000000000000000e+00, -1.126995117779494e-01, 0.000000000000000e+00, 0.000000000000000e+00, 2.482970877132986e-05, 2.129507618974951e-03, -1.863097185770423e-04, 4.841741243914004e+01, 1.121175422957735e-01, 4.243146853999925e-23
1913, 7.846908895991233e-01, 1.883706305183259e-02, 4.733970591225616e-01, 0.000000000000000e+00, 0.000000000000000e+00, 1.528542496773665e+05, 1.000000000000000e-10, 1.115002125357242e+12, 6.114169987094656e+04, 4.499272514354753e+02, 0.000000000000000e+00, -1.125575159833776e-01, 0.000000000000000e+00, 0.000000000000000e+00, 2.483185515336249e-05, 2.131670422890683e-03, -1.865060342996150e-04, 4.572847473534418e+01, 1.121843484822468e-01, 4.245743485780137e-23
1914, 7.817071197982799e-01, 1.909812556720809e-02, 4.733342403614650e-01, 0.000000000000000e+00, 0.000000000000000e+00, 1.528279201145068e+05, 1.000000000000000e-10, 1.115119938494234e+12, 6.113116804580267e+04, 4.499094522416920e+02, 0.000000000000000e+00, -1.126092559061314e-01, 0.000000000000000e+00, 0.000000000000000e+00, 2.483117041950825e-05, 2.132266210597955e-03, -1.865620158551493e-04, 4.788073533573565e+01, 1.121956827570862e-01, 4.244732518379047e-23
1915, 7.787233502500389e-01, 1.935919118251658e-02, 4.734024768604017e-01, 0.000000000000000e+00, 0.000000000000000e+00, 1.528586007484595e+05, 1.000000000000000e-10, 1.115002763893263e+12, 6.114344029938378e+04, 4.499349096070992e+02, 0.000000000000000e+00, -1.125489657433508e-01, 0.000000000000000e+00, 0.000000000000000e+00, 2.483214975832148e-05, 2.133852317952055e-03, -1.867013896963060e-04, 4.709881655014170e+01, 1.122410683854669e-01, 4.245789935434168e-23
1916, 7.757395805813708e-01, 1.962025535823946e-02, 4.733611092273466e-01, 0.000000000000000e+00, 0.000000000000000e+00, 1.528419128866978e+05, 1.000000000000000e-10, 1.115083578247489e+12, 6.113676515467907e+04, 4.499251054591743e+02, 0.000000000000000e+00, -1.125817588695823e-01, 0.000000000000000e+00, 0.000000000000000e+00, 2.483177259855156e-05, 2.134638145781178e-03, -1.867674950931720e-04, 4.855304373480220e+01, 1.122585277768397e-01, 4.245111738619062e-23
1917, 7.727558103978197e-01, 1.988131361917892e-02, 4.733447982628465e-01, 0.000000000000000e+00, 0.000000000000000e+00, 1.528360647760859e+05, 1.000000000000000e-10, 1.115119372328059e+12, 6.113442591043432e+04, 4.499233935621622e+02, 0.000000000000000e+00, -1.125932509248408e-01, 0.000000000000000e+00, 0.000000000000000e+00, 2.483170674243972e-05, 2.135826585603122e-03, -1.868655740524397e-04, 4.984062818850671e+01, 1.122881225558234e-01, 4.244829738393280e-23
1918, 7.697720392991707e-01, 2.014236142944238e-02, 4.733945331952160e-01, 0.000000000000000e+00, 0.000000000000000e+00, 1.528583431896175e+05, 1.000000000000000e-10, 1.115033687216761e+12, 6.114333727584696e+04, 4.499417014848117e+02, 0.000000000000000e+00, -1.125494718692847e-01, 0.000000000000000e+00, 0.000000000000000e+00, 2.483241103528493e-05, 2.137456165119188e-03, -1.869990065390733e-04, 4.983803563567500e+01, 1.123336451173728e-01, 4.245601744987129e-23
1919, 7.667882669044098e-01, 2.040339436308233e-02, 4.734492370215744e-01, 0.000000000000000e+00, 0.000000000000000e+00, 1.528824772787259e+05, 1.000000000000000e-10, 1.114937445003814e+12, 6.115299091149031e+04, 4.499607447770879e+02, 0.000000000000000e+00, -1.125020462468825e-01, 0.000000000000000e+00, 0.000000000000000e+00, 2.483314360116592e-05, 2.138867526182605e-03, -1.871113959147060e-04, 4.922165064860943e+01, 1.123738779629846e-01, 4.246458416273515e-23
1920, 7.638044931217541e-01, 2.066441147778489e-02, 4.733888640675530e-01, 0.000000000000000e+00, 0.000000000000000e+00, 1.528575377611610e+05, 1.000000000000000e-10, 1.115052350699899e+12, 6.114301510446439e+04, 4.499447189942935e+02, 0.000000000000000e+00, -1.125510546075300e-01, 0.000000000000000e+00, 0.000000000000000e+00, 2.483252711528422e-05, 2.139558848652789e-03, -1.871618598800291e-04, 5.084984523601338e+01, 1.123876381863938e-01, 4.245480015422354e-23
1921, 7.608207182911820e-01, 2.092541669403129e-02, 4.733092055647231e-01, 0.000000000000000e+00, 0.000000000000000e+00, 1.528245201083891e+05, 1.000000000000000e-10, 1.115203629020030e+12, 6.112980804335559e+04, 4.499232395599564e+02, 0.000000000000000e+00, -1.126159372192557e-01, 0.000000000000000e+00, 0.000000000000000e+00, 2.483170081801929e-05, 2.140465599715271e-03, -1.872341032808725e-04, 5.353241287570165e+01, 1.124057166119119e-01, 4.244190972853115e-23
1922, 7.578369427873737e-01, 2.118641423073259e-02, 4.733254548159074e-01, 0.000000000000000e+00, 0.000000000000000e+00, 1.528328374817432e+05, 1.000000000000000e-10, 1.115181132782533e+12, 6.113313499269725e+04, 4.499322796401281e+02, 0.000000000000000e+00, -1.125995928440319e-01, 0.000000000000000e+00, 0.000000000000000e+00, 2.483204858547561e-05, 2.142276943069780e-03, -1.873885327206917e-04, 5.488597123344883e+01, 1.124536138023986e-01, 4.244422585765407e-23
1923, 7.548531670067398e-01, 2.144740834536498e-02, 4.734260461258659e-01, 0.000000000000000e+00, 0.000000000000000e+00, 1.528771893261215e+05, 1.000000000000000e-10, 1.115004051468824e+12, 6.115087573044856e+04, 4.499672220570010e+02, 0.000000000000000e+00, -1.125124375420488e-01, 0.000000000000000e+00, 0.000000000000000e+00, 2.483339276832069e-05, 2.144538924271324e-03, -1.875854585406554e-04, 5.441486580940091e+01, 1.125188288720827e-01, 4.245998077651700e-23
1924, 7.518693912807172e-01, 2.170840330403490e-02, 4.734851493766721e-01, 0.000000000000000e+00, 0.000000000000000e+00, 1.529038500089479e+05, 1.000000000000000e-10, 1.114903045004257e+12, 6.116154000357913e+04, 4.499895157082801e+02, 0.000000000000000e+00, -1.124600469392366e-01, 0.000000000000000e+00, 0.000000000000000e+00, 2.483425034304671e-05, 2.146335948927373e-03, -1.877447854273601e-04, 5.423946704410512e+01, 1.125691055403180e-01, 4.246912367656480e-23
1925, 7.488856159949883e-01, 2.196940332233401e-02, 4.734587619218310e-01, 0.000000000000000e+00, 0.000000000000000e+00, 1.528938911895388e+05, 1.000000000000000e-10, 1.114958154478877e+12, 6.115755647581550e+04, 4.499852851281609e+02, 0.000000000000000e+00, -1.124796169013241e-01, 0.000000000000000e+00, 0.000000000000000e+00, 2.483408760613336e-05, 2.147660920811827e-03, -1.878659047664295e-04, 5.585407561407713e+01, 1.126014576278538e-01, 4.246466236187062e-23
1926, 7.459018415436391e-01, 2.223041267699077e-02, 4.734594698587687e-01, 0.000000000000000e+00, 0.000000000000000e+00, 1.528957184175788e+05, 1.000000000000000e-10, 1.114964760508669e+12, 6.115828736703147e+04, 4.499899900367628e+02, 0.000000000000000e+00, -1.124760262364071e-01, 0.000000000000000e+00, 0.000000000000000e+00, 2.483426858889884e-05, 2.149291874679471e-03, -1.880168852892245e-04, 5.704984472864026e+01, 1.126434870318160e-01, 4.246447672852962e-23
1927, 7.429180682771099e-01, 2.249143560094096e-02, 4.734564739375462e-01, 0.000000000000000e+00, 0.000000000000000e+00, 1.528960254727071e+05, 1.000000000000000e-10, 1.114978356725532e+12, 6.115841018908282e+04, 4.499937411724845e+02, 0.000000000000000e+00, -1.124754228458872e-01, 0.000000000000000e+00, 0.000000000000000e+00, 2.483441288235778e-05, 2.150918554247422e-03, -1.881705721327410e-04, 5.847664780222797e+01, 1.126851204149896e-01, 4.246369121149618e-23
1928, 7.399342965805169e-01, 2.275247630776895e-02, 4.734277887649829e-01, 0.000000000000000e+00, 0.000000000000000e+00, 1.528857022283279e+05, 1.000000000000000e-10, 1.115040922158850e+12, 6.115428089133112e+04, 4.499906219177419e+02, 0.000000000000000e+00, -1.124957089353144e-01, 0.000000000000000e+00, 0.000000000000000e+00, 2.483429289526000e-05, 2.152646444585114e-03, -1.883352134785311e-04, 6.077238630591842e+01, 1.127275330556461e-01, 4.245874236172180e-23
1929, 7.369505265534239e-01, 2.301353631436726e-02, 4.735311152682140e-01, 0.000000000000000e+00, 0.000000000000000e+00, 1.529320786052822e+05, 1.000000000000000e-10, 1.114863032914664e+12, 6.117283144211285e+04, 4.500289025031269e+02, 0.000000000000000e+00, -1.124045752475277e-01, 0.000000000000000e+00, 0.000000000000000e+00, 2.483576538841101e-05, 2.154998486033825e-03, -1.885540207133471e-04, 5.973043942951543e+01, 1.127947501031020e-01, 4.247477455020787e-23
1930, 7.339667579768062e-01, 2.327461282191687e-02, 4.734123674171236e-01, 0.000000000000000e+00, 0.000000000000000e+00, 1.528827318272331e+05, 1.000000000000000e-10, 1.115087718650185e+12, 6.115309273089320e+04, 4.499965371973999e+02, 0.000000000000000e+00, -1.125015460365231e-01, 0.000000000000000e+00, 0.000000000000000e+00, 2.483452043553124e-05, 2.155916862466395e-03, -1.886452097678638e-04, 6.358761937718213e+01, 1.128103146899997e-01, 4.245558176499275e-23
1931, 7.309829905634347e-01, 2.353570258999113e-02, 4.734143692876430e-01, 0.000000000000000e+00, 0.000000000000000e+00, 1.528856358881333e+05, 1.000000000000000e-10, 1.115094748747658e+12, 6.115425435525329e+04, 4.500031821563401e+02, 0.000000000000000e+00, -1.124958392996718e-01, 0.000000000000000e+00, 0.000000000000000e+00, 2.483477604214061e-05, 2.158127441805410e-03, -1.888471283813614e-04, 6.583402087635405e+01, 1.128672314052301e-01, 4.245549800087635e-23
1932, 7.279992240158064e-01, 2.379680239711187e-02, 4.735212851759060e-01, 0.000000000000000e+00, 0.000000000000000e+00, 1.529335050347690e+05, 1.000000000000000e-10, 1.114910190424779e+12, 6.117340201390758e+04, 4.500424425048153e+02, 0.000000000000000e+00, -1.124017721872621e-01, 0.000000000000000e+00, 0.000000000000000e+00, 2.483628619944886e-05, 2.160817049799986e-03, -1.890886381827125e-04, 6.559817407023732e+01, 1.129434392653564e-01, 4.247210659027737e-23
1933, 7.250154580809005e-01, 2.405790903525126e-02, 4.734961202565850e-01, 0.000000000000000e+00, 0.000000000000000e+00, 1.529243735075422e+05, 1.000000000000000e-10, 1.114964772932876e+12, 6.116974940301683e+04, 4.500394878575897e+02, 0.000000000000000e+00, -1.124197164469469e-01, 0.000000000000000e+00, 0.000000000000000e+00, 2.483617255077048e-05, 2.162640143842030e-03, -1.892519780325157e-04, 6.818408727160976e+01, 1.129885979400788e-01, 4.246777728544507e-23
1934, 7.220316924336067e-01, 2.431901926204829e-02, 4.735780477061871e-01, 0.000000000000000e+00, 0.000000000000000e+00, 1.529614138433860e+05, 1.000000000000000e-10, 1.114825228703464e+12, 6.118456553735436e+04, 4.500706192485323e+02, 0.000000000000000e+00, -1.123469289067380e-01, 0.000000000000000e+00, 0.000000000000000e+00, 2.483736998060593e-05, 2.165193184558200e-03, -1.894768461468579e-04, 6.840038380622595e+01, 1.130596036472381e-01, 4.248043563346086e-23
1935, 7.190479268332233e-01, 2.458012987363034e-02, 4.735487379965084e-01, 0.000000000000000e+00, 0.000000000000000e+00, 1.529506256717457e+05, 1.000000000000000e-10, 1.114887845199281e+12, 6.118025026869824e+04, 4.500667309431032e+02, 0.000000000000000e+00, -1.123681286194069e-01, 0.000000000000000e+00, 0.000000000000000e+00, 2.483722042422225e-05, 2.166945924473521e-03, -1.896293297206636e-04, 7.085573614880305e+01, 1.131025345789350e-01, 4.247542606545012e-23
1936, 7.160641609872855e-01, 2.484123764113766e-02, 4.735267406019367e-01, 0.000000000000000e+00, 0.000000000000000e+00, 1.529430542969887e+05, 1.000000000000000e-10, 1.114937701247166e+12, 6.117722171879544e+04, 4.500653582411032e+02, 0.000000000000000e+00, -1.123830070413220e-01, 0.000000000000000e+00, 0.000000000000000e+00, 2.483716762564801e-05, 2.169048762924698e-03, -1.898100809922554e-04, 7.371383080567669e+01, 1.131550044147932e-01, 4.247156072287827e-23
1937, 7.130803946112760e-01, 2.510233932955995e-02, 4.736039913231999e-01, 0.000000000000000e+00, 0.000000000000000e+00, 1.529783458001877e+05, 1.000000000000000e-10, 1.114807932824258e+12, 6.119133832007504e+04, 4.500957822928233e+02, 0.000000000000000e+00, -1.123136561121361e-01, 0.000000000000000e+00, 0.000000000000000e+00, 2.483833781340812e-05, 2.171628874793119e-03, -1.900303371651798e-04, 7.404041368283922e+01, 1.132261721152766e-01, 4.248342735627870e-23
1938, 7.100966274403496e-01, 2.536343202947520e-02, 4.734974377922521e-01, 0.000000000000000e+00, 0.000000000000000e+00, 1.529343788609739e+05, 1.000000000000000e-10, 1.115011311424332e+12, 6.117375154438953e+04, 4.500676801597745e+02, 0.000000000000000e+00, -1.124000550413839e-01, 0.000000000000000e+00, 0.000000000000000e+00, 2.483725693412635e-05, 2.173038939629553e-03, -1.901465522337720e-04, 7.853851957467941e+01, 1.132550960378422e-01, 4.246613846233148e-23
1939, 7.071128593427735e-01, 2.562451416773043e-02, 4.734982779721629e-01, 0.000000000000000e+00, 0.000000000000000e+00, 1.529370247537752e+05, 1.000000000000000e-10, 1.115021802782032e+12, 6.117480990151006e+04, 4.500746680892198e+02, 0.000000000000000e+00, -1.123948556277101e-01, 0.000000000000000e+00, 0.000000000000000e+00, 2.483752571094982e-05, 2.175669932996948e-03, -1.903685973919049e-04, 8.179558749501399e+01, 1.133224924853406e-01, 4.246582075421117e-23
1940, 7.041290902323036e-01, 2.588558461840896e-02, 4.736058059583460e-01, 0.000000000000000e+00, 0.000000000000000e+00, 1.529855670188852e+05, 1.000000000000000e-10, 1.114838407590055e+12, 6.119422680755405e+04, 4.501153040618731e+02, 0.000000000000000e+00, -1.122994657778875e-01, 0.000000000000000e+00, 0.000000000000000e+00, 2.483908864908526e-05, 2.179017665812252e-03, -1.906525040090655e-04, 8.293676834884431e+01, 1.134153637150483e-01, 4.248244568384578e-23
1941, 7.011453200002696e-01, 2.614664225153232e-02, 4.737090368220705e-01, 0.000000000000000e+00, 0.000000000000000e+00, 1.530319084351004e+05, 1.000000000000000e-10, 1.114660974851650e+12, 6.121276337404013e+04, 4.501535311101132e+02, 0.000000000000000e+00, -1.122084007910493e-01, 0.000000000000000e+00, 0.000000000000000e+00, 2.484055886706620e-05, 2.182064619027900e-03, -1.909092310499018e-04, 8.367892041911647e+01, 1.135002593126726e-01, 4.249846205101567e-23
1942, 6.981615485458945e-01, 2.640768592772680e-02, 4.737177117672430e-01, 0.000000000000000e+00, 0.000000000000000e+00, 1.530378122706430e+05, 1.000000000000000e-10, 1.114656422238893e+12, 6.121512490825717e+04, 4.501626538901489e+02, 0.000000000000000e+00, -1.121967992313670e-01, 0.000000000000000e+00, 0.000000000000000e+00, 2.484090972076818e-05, 2.184380014399676e-03, -1.911010950327849e-04, 8.591390570653623e+01, 1.135598727669427e-01, 4.249941574025422e-23
1943, 6.951777757664016e-01, 2.666871452386179e-02, 4.736725388245041e-01, 0.000000000000000e+00, 0.000000000000000e+00, 1.530202683394472e+05, 1.000000000000000e-10, 1.114748381559393e+12, 6.120810733577883e+04, 4.501539741388196e+02, 0.000000000000000e+00, -1.122312746098496e-01, 0.000000000000000e+00, 0.000000000000000e+00, 2.484057590562850e-05, 2.186442810696404e-03, -1.912700038503770e-04, 8.953189206554762e+01, 1.136095631538188e-01, 4.249186768640033e-23
1944, 6.921940015697713e-01, 2.692972690109068e-02, 4.736507895103326e-01, 0.000000000000000e+00, 0.000000000000000e+00, 1.530129026860317e+05, 1.000000000000000e-10, 1.114798333370307e+12, 6.120516107441262e+04, 4.501529752918603e+02, 0.000000000000000e+00, -1.122457487711102e-01, 0.000000000000000e+00, 0.000000000000000e+00, 2.484053749068730e-05, 2.188844372227131e-03, -1.914676847642124e-04, 9.312128636105571e+01, 1.136694777871995e-01, 4.248802053048418e-23
1945, 6.892102258640929e-01, 2.719072192557917e-02, 4.736329888631440e-01, 0.000000000000000e+00, 0.000000000000000e+00, 1.530076505215305e+05, 1.000000000000000e-10, 1.114843175769572e+12, 6.120306020861216e+04, 4.501544414131731e+02, 0.000000000000000e+00, -1.122560697394843e-01, 0.000000000000000e+00, 0.000000000000000e+00, 2.484059387665114e-05, 2.191402178357585e-03, -1.916781688519829e-04, 9.691510666740095e+01, 1.137334482082078e-01, 4.248472138255127e-23
1946, 6.862264485116819e-01, 2.745169847435929e-02, 4.736121280825797e-01, 0.000000000000000e+00, 0.000000000000000e+00, 1.530010496547233e+05, 1.000000000000000e-10, 1.114893579277749e+12, 6.120041986188929e+04, 4.501548481119585e+02, 0.000000000000000e+00, -1.122690410273302e-01, 0.000000000000000e+00, 0.000000000000000e+00, 2.484060951797463e-05, 2.194199179821570e-03, -1.919087265433827e-04, 1.015052145652123e+02, 1.138033973918439e-01, 4.248093906005883e-23
1947, 6.832426695044383e-01, 2.771265546383266e-02, 4.737040575367297e-01, 0.000000000000000e+00, 0.000000000000000e+00, 1.530429518690519e+05, 1.000000000000000e-10, 1.114738982202567e+12, 6.121718074762073e+04, 4.501907481833407e+02, 0.000000000000000e+00, -1.121866994653329e-01, 0.000000000000000e+00, 0.000000000000000e+00, 2.484199017768906e-05, 2.197780307139555e-03, -1.922088912333079e-04, 1.039436652458011e+02, 1.139009213543767e-01, 4.249507427635303e-23
1948, 6.802588891014931e-01, 2.797359685240697e-02, 4.737398663392490e-01, 0.000000000000000e+00, 0.000000000000000e+00, 1.530609686648412e+05, 1.000000000000000e-10, 1.114687593124190e+12, 6.122438746593645e+04, 4.502097135528321e+02, 0.000000000000000e+00, -1.121512948660475e-01, 0.000000000000000e+00, 0.000000000000000e+00, 2.484271953211588e-05, 2.200912521810712e-03, -1.924761189372280e-04, 1.074245920210822e+02, 1.139830031231307e-01, 4.250024808915282e-23
1949, 6.772751084891092e-01, 2.823453580772144e-02, 4.737772493356098e-01, 0.000000000000000e+00, 0.000000000000000e+00, 1.530800309195298e+05, 1.000000000000000e-10, 1.114635132855707e+12, 6.123201236781190e+04, 4.502302549492500e+02, 0.000000000000000e+00, -1.121138358474395e-01, 0.000000000000000e+00, 0.000000000000000e+00, 2.484350947770761e-05, 2.204085970627058e-03, -1.927571150889173e-04, 1.109011826281548e+02, 1.140660294592547e-01, 4.250560290370813e-23
1950, 6.742913288939316e-01, 2.849548651780949e-02, 4.737399523850476e-01, 0.000000000000000e+00, 0.000000000000000e+00, 1.530679151250080e+05, 1.000000000000000e-10, 1.114723132419473e+12, 6.122716605000316e+04, 4.502300639217238e+02, 0.000000000000000e+00, -1.121376444566443e-01, 0.000000000000000e+00, 0.000000000000000e+00, 2.484350213158850e-05, 2.207068114161607e-03, -1.930319035316659e-04, 1.163198207927764e+02, 1.141387416671077e-01, 4.249891049881021e-23
1951, 6.713075515610466e-01, 2.875646300419817e-02, 4.738233984823325e-01, 0.000000000000000e+00, 0.000000000000000e+00, 1.531073438831899e+05, 1.000000000000000e-10, 1.114589720495465e+12, 6.124293755327593e+04, 4.502667272190237e+02, 0.000000000000000e+00, -1.120601634550234e-01, 0.000000000000000e+00, 0.000000000000000e+00, 2.484491201828215e-05, 2.210792067201118e-03, -1.933821597854564e-04, 1.193265382153329e+02, 1.142386257524904e-01, 4.251147850113681e-23
1952, 6.683237777357969e-01, 2.901747949431374e-02, 4.737463193493411e-01, 0.000000000000000e+00, 0.000000000000000e+00, 1.530778863780101e+05, 1.000000000000000e-10, 1.114748910704781e+12, 6.123115455120400e+04, 4.502533418019037e+02, 0.000000000000000e+00, -1.121180500614454e-01, 0.000000000000000e+00, 0.000000000000000e+00, 2.484439728926640e-05, 2.213498767303037e-03, -1.936540885484726e-04, 1.260817602314418e+02, 1.143016852038530e-01, 4.249850793276688e-23
1953, 6.653400086390974e-01, 2.927855007399673e-02, 4.737688101682077e-01, 0.000000000000000e+00, 0.000000000000000e+00, 1.530924313375317e+05, 1.000000000000000e-10, 1.114733060119549e+12, 6.123697253501265e+04, 4.502747468799062e+02, 0.000000000000000e+00, -1.120894679278903e-01, 0.000000000000000e+00, 0.000000000000000e+00, 2.484522040614281e-05, 2.217235950421306e-03, -1.940268279702757e-04, 1.312781192198274e+02, 1.143971636539195e-01, 4.250113173651545e-23
1954, 6.623562454871164e-01, 2.953968884817243e-02, 4.737951639136696e-01, 0.000000000000000e+00, 0.000000000000000e+00, 1.531090933212990e+05, 1.000000000000000e-10, 1.114712432204409e+12, 6.124363732851958e+04, 4.502987048258066e+02, 0.000000000000000e+00, -1.120567256542095e-01, 0.000000000000000e+00, 0.000000000000000e+00, 2.484614166712201e-05, 2.220911135530604e-03, -1.944049167531428e-04, 1.363588834906632e+02, 1.144909994832955e-01, 4.250428275841629e-23
1955, 6.593724895875452e-01, 2.980091003062896e-02, 4.737574168136734e-01, 0.000000000000000e+00, 0.000000000000000e+00, 1.530990435098124e+05, 1.000000000000000e-10, 1.114812629989425e+12, 6.123961740392491e+04, 4.503050236596227e+02, 0.000000000000000e+00, -1.120764744237877e-01, 0.000000000000000e+00, 0.000000000000000e+00, 2.484638464251433e-05, 2.224250911994801e-03, -1.947644300371691e-04, 1.429125131057768e+02, 1.145715178007005e-01, 4.249708376937136e-23
1956, 6.563887421106690e-01, 3.006222764430866e-02, 4.737305764506395e-01, 0.000000000000000e+00, 0.000000000000000e+00, 1.530945500915348e+05, 1.000000000000000e-10, 1.114897362936557e+12, 6.123782003661390e+04, 4.503173197031696e+02, 0.000000000000000e+00, -1.120853043886382e-01, 0.000000000000000e+00, 0.000000000000000e+00, 2.484685745179576e-05, 2.227879846694200e-03, -1.951598775244266e-04, 1.496209777440109e+02, 1.146596869052624e-01, 4.249145169222560e-23
1957, 6.534050042554362e-01, 3.032365532511656e-02, 4.737261507824521e-01, 0.000000000000000e+00, 0.000000000000000e+00, 1.531005744824514e+05, 1.000000000000000e-10, 1.114945709029690e+12, 6.124022979298053e+04, 4.503392471863420e+02, 0.000000000000000e+00, -1.120734659269697e-01, 0.000000000000000e+00, 0.000000000000000e+00, 2.484770059363436e-05, 2.231666808995514e-03, -1.955688063686548e-04, 1.557046215084347e+02, 1.147528376582367e-01, 4.248921329084415e-23
1958, 6.504212747220084e-01, 3.058517778612197e-02, 4.736537126451965e-01, 0.000000000000000e+00, 0.000000000000000e+00, 1.530772588859015e+05, 1.000000000000000e-10, 1.115117512418640e+12, 6.123090355436055e+04, 4.503395273424502e+02, 0.000000000000000e+00, -1.121192831390093e-01, 0.000000000000000e+00, 0.000000000000000e+00, 2.484771136588066e-05, 2.235002902769009e-03, -1.959119714698785e-04, 1.634636975449581e+02, 1.148298603337220e-01, 4.247618343905725e-23
1959, 6.474375486789035e-01, 3.084674009838868e-02, 4.736147477633432e-01, 0.000000000000000e+00, 0.000000000000000e+00, 1.530679829638826e+05, 1.000000000000000e-10, 1.115226957719362e+12, 6.122719318555298e+04, 4.503492861692370e+02, 0.000000000000000e+00, -1.121375111472480e-01, 0.000000000000000e+00, 0.000000000000000e+00, 2.484808659905085e-05, 2.238913139472152e-03, -1.962626494041029e-04, 1.716220932904203e+02, 1.149238211502531e-01, 4.246853438200873e-23
1960, 6.444538209812852e-01, 3.110828351126272e-02, 4.737565478725296e-01, 0.000000000000000e+00, 0.000000000000000e+00, 1.531354547300866e+05, 1.000000000000000e-10, 1.115002501823888e+12, 6.125418189203459e+04, 4.504129448707023e+02, 0.000000000000000e+00, -1.120049231513873e-01, 0.000000000000000e+00, 0.000000000000000e+00, 2.485053421134850e-05, 2.243860189579546e-03, -1.966600283328842e-04, 1.762127073647317e+02, 1.150565250428067e-01, 4.248979312325929e-23
1961, 6.414700865422773e-01, 3.136975007838402e-02, 4.737210374530791e-01, 0.000000000000000e+00, 0.000000000000000e+00, 1.531255266088480e+05, 1.000000000000000e-10, 1.115095197835611e+12, 6.125021064353914e+04, 4.504175046124897e+02, 0.000000000000000e+00, -1.120244327888512e-01, 0.000000000000000e+00, 0.000000000000000e+00, 2.485070952174354e-05, 2.247590979016698e-03, -1.969065073351575e-04, 1.850867053754268e+02, 1.151468282889004e-01, 4.248309609768632e-23
1962, 6.384863402571440e-01, 3.163108138594299e-02, 4.738944004840424e-01, 0.000000000000000e+00, 0.000000000000000e+00, 1.532049374929506e+05, 1.000000000000000e-10, 1.114805537531284e+12, 6.128197499718019e+04, 4.504862310719190e+02, 0.000000000000000e+00, -1.118683833689967e-01, 0.000000000000000e+00, 0.000000000000000e+00, 2.485335176418308e-05, 2.252953492234150e-03, -1.972511116599780e-04, 1.902277467112324e+02, 1.152926664092191e-01, 4.250968142562686e-23
1963, 6.355025770234497e-01, 3.189221886901270e-02, 4.740491326018976e-01, 0.000000000000000e+00, 0.000000000000000e+00, 1.532751706250668e+05, 1.000000000000000e-10, 1.114543962418604e+12, 6.131006825002668e+04, 4.505456372179541e+02, 0.000000000000000e+00, -1.117303690445732e-01, 0.000000000000000e+00, 0.000000000000000e+00, 2.485563550773530e-05, 2.257810485181866e-03, -1.975065001775181e-04, 1.954448315520355e+02, 1.154247330510469e-01, 4.253353944406562e-23
1964, 6.325187917439158e-01, 3.215310465991690e-02, 4.741070438724785e-01, 0.000000000000000e+00, 0.000000000000000e+00, 1.533022077871889e+05, 1.000000000000000e-10, 1.114450963375184e+12, 6.132088311487551e+04, 4.505700687720342e+02, 0.000000000000000e+00, -1.116772386266042e-01, 0.000000000000000e+00, 0.000000000000000e+00, 2.485657468080472e-05, 2.262021195308863e-03, -1.976601437828059e-04, 2.031378654958638e+02, 1.155345292531263e-01, 4.254230172029604e-23
1965, 6.295349793504930e-01, 3.241368003680409e-02, 4.742903510438229e-01, 0.000000000000000e+00, 0.000000000000000e+00, 1.533819162363608e+05, 1.000000000000000e-10, 1.114123828090709e+12, 6.135276649454430e+04, 4.506301095134612e+02, 0.000000000000000e+00, -1.115206044650362e-01, 0.000000000000000e+00, 0.000000000000000e+00, 2.485888259153432e-05, 2.267159885002976e-03, -1.978492485075994e-04, 2.087556803662250e+02, 1.156767291329421e-01, 4.257124878492927e-23
1966, 6.265511347741405e-01, 3.267388683087508e-02, 4.744291813861641e-01, 0.000000000000000e+00, 0.000000000000000e+00, 1.534399435999793e+05, 1.000000000000000e-10, 1.113865030714899e+12, 6.137597743999169e+04, 4.506686756516291e+02, 0.000000000000000e+00, -1.114065755566482e-01, 0.000000000000000e+00, 0.000000000000000e+00, 2.486036495234735e-05, 2.271947306329237e-03, -1.979620717272672e-04, 2.162822501545770e+02, 1.158081666406744e-01, 4.259361674112282e-23
1967, 6.235672530907702e-01, 3.293366720841885e-02, 4.746934852139966e-01, 0.000000000000000e+00, 0.000000000000000e+00, 1.535504016464856e+05, 1.000000000000000e-10, 1.113370807506198e+12, 6.142016065859419e+04, 4.507419944070811e+02, 0.000000000000000e+00, -1.111895157131476e-01, 0.000000000000000e+00, 0.000000000000000e+00, 2.486318290883086e-05, 2.277382921459251e-03, -1.981194025997092e-04, 2.215551413986531e+02, 1.159650705100931e-01, 4.263625951228081e-23
1968, 6.205833369230030e-01, 3.319305140963885e-02, 4.747466938239671e-01, 0.000000000000000e+00, 0.000000000000000e+00, 1.535703977061056e+05, 1.000000000000000e-10, 1.113261433404320e+12, 6.142815908244219e+04, 4.507501673691564e+02, 0.000000000000000e+00, -1.111502216851520e-01, 0.000000000000000e+00, 0.000000000000000e+00, 2.486349701601543e-05, 2.281435164211286e-03, -1.982401900958186e-04, 2.318515929424555e+02, 1.160727250234634e-01, 4.264524916820579e-23
1969, 6.175994029051339e-01, 3.345223016117008e-02, 4.748223289739588e-01, 0.000000000000000e+00, 0.000000000000000e+00, 1.536037054521084e+05, 1.000000000000000e-10, 1.113129418583011e+12, 6.144148218084333e+04, 4.507761139366112e+02, 0.000000000000000e+00, -1.110847690145372e-01, 0.000000000000000e+00, 0.000000000000000e+00, 2.486449418689110e-05, 2.286388038525923e-03, -1.985936563831082e-04, 2.426432803206077e+02, 1.162030774035293e-01, 4.265711180734491e-23
1970, 6.146154694256256e-01, 3.371141513755540e-02, 4.748812734839731e-01, 0.000000000000000e+00, 0.000000000000000e+00, 1.536343823939341e+05, 1.000000000000000e-10, 1.113049857363612e+12, 6.145375295757360e+04, 4.508101769849070e+02, 0.000000000000000e+00, -1.110244861071133e-01, 0.000000000000000e+00, 0.000000000000000e+00, 2.486580324179078e-05, 2.291473053697334e-03, -1.991217422289562e-04, 2.535022723642122e+02, 1.163335107553463e-01, 4.266545569664017e-23
1971, 6.116315548124397e-01, 3.397081723670111e-02, 4.747442619568279e-01, 0.000000000000000e+00, 0.000000000000000e+00, 1.535851904310742e+05, 1.000000000000000e-10, 1.113347391450157e+12, 6.143407617242963e+04, 4.507958952249216e+02, 0.000000000000000e+00, -1.111211526705516e-01, 0.000000000000000e+00, 0.000000000000000e+00, 2.486525439512602e-05, 2.295445292370701e-03, -1.997163387008871e-04, 2.682526041476827e+02, 1.164206162690662e-01, 4.264175982251389e-23
1972, 6.086476772956064e-01, 3.423064580634839e-02, 4.744696241850299e-01, 0.000000000000000e+00, 0.000000000000000e+00, 1.534815819536205e+05, 1.000000000000000e-10, 1.113918673406082e+12, 6.139263278144816e+04, 4.507525472390467e+02, 0.000000000000000e+00, -1.113247525042690e-01, 0.000000000000000e+00, 0.000000000000000e+00, 2.486358847974492e-05, 2.299219833015372e-03, -2.004582089713890e-04, 2.870076521019902e+02, 1.164912990556136e-01, 4.259525694029408e-23
1973, 6.056638556969363e-01, 3.449111297319234e-02, 4.742250860845509e-01, 0.000000000000000e+00, 0.000000000000000e+00, 1.533961060458981e+05, 1.000000000000000e-10, 1.114461418825808e+12, 6.135844241835918e+04, 4.507338220738743e+02, 0.000000000000000e+00, -1.114927202326523e-01, 0.000000000000000e+00, 0.000000000000000e+00, 2.486286882279656e-05, 2.303568216232085e-03, -2.014154984109824e-04, 3.056530389312960e+02, 1.165759944135969e-01, 4.255257759782675e-23
1974, 6.026801077838505e-01, 3.475242804793468e-02, 4.737431897968816e-01, 0.000000000000000e+00, 0.000000000000000e+00, 1.532142053485294e+05, 1.000000000000000e-10, 1.115465128133985e+12, 6.128568213941174e+04, 4.506572785852936e+02, 0.000000000000000e+00, -1.118501712120270e-01, 0.000000000000000e+00, 0.000000000000000e+00, 2.485992689203393e-05, 2.306808921926850e-03, -2.024414851010913e-04, 3.306122193019341e+02, 1.166141094379643e-01, 4.247111646790217e-23
1975, 5.996964530264930e-01, 3.501480171365015e-02, 4.732805172346305e-01, 0.000000000000000e+00, 0.000000000000000e+00, 1.530494869717131e+05, 1.000000000000000e-10, 1.116480044609658e+12, 6.121979478868522e+04, 4.506128662189051e+02, 0.000000000000000e+00, -1.121738574098578e-01, 0.000000000000000e+00, 0.000000000000000e+00, 2.485821979187791e-05, 2.311147766383974e-03, -2.037310795777536e-04, 3.564239665345179e+02, 1.166767298222179e-01, 4.239108235827192e-23
1976, 5.967129101992129e-01, 3.527844530379975e-02, 4.727364593443359e-01, 0.000000000000000e+00, 0.000000000000000e+00, 1.528586740242362e+05, 1.000000000000000e-10, 1.117690247049528e+12, 6.114346960969444e+04, 4.505690190159374e+02, 0.000000000000000e+00, -1.125488217499604e-01, 0.000000000000000e+00, 0.000000000000000e+00, 2.485653432769855e-05, 2.315406643268548e-03, -2.051820243896439e-04, 3.845736303124982e+02, 1.167273326545706e-01, 4.229651776580598e-23
1977, 5.937294985645843e-01, 3.554356921956305e-02, 4.720184533204119e-01, 0.000000000000000e+00, 0.000000000000000e+00, 1.526031661031028e+05, 1.000000000000000e-10, 1.119273338906515e+12, 6.104126644124109e+04, 4.505001120078542e+02, 0.000000000000000e+00, -1.130509174426562e-01, 0.000000000000000e+00, 0.000000000000000e+00, 2.485388540167737e-05, 2.319562719966421e-03, -2.067304564678335e-04, 4.173232711963847e+02, 1.167583504567724e-01, 4.217257422393379e-23
1978, 5.907462234041974e-01, 3.581022479573434e-02, 4.715327219448006e-01, 0.000000000000000e+00, 0.000000000000000e+00, 1.524517609228411e+05, 1.000000000000000e-10, 1.120455905856042e+12, 6.098070436913639e+04, 4.505167534878299e+02, 0.000000000000000e+00, -1.133484420302464e-01, 0.000000000000000e+00, 0.000000000000000e+00, 2.485452515379949e-05, 2.325966003353366e-03, -2.082749594283038e-04, 4.467086140151698e+02, 1.168583825559256e-01, 4.208471869084596e-23
1979, 5.877630329989604e-01, 3.607782697389785e-02, 4.712909899531956e-01, 0.000000000000000e+00, 0.000000000000000e+00, 1.523989404748736e+05, 1.000000000000000e-10, 1.121160985546589e+12, 6.095957618994941e+04, 4.505916580332354e+02, 0.000000000000000e+00, -1.134522388882580e-01, 0.000000000000000e+00, 0.000000000000000e+00, 2.485740457086362e-05, 2.333192355419182e-03, -2.093705385073475e-04, 4.731432636636681e+02, 1.169972109047470e-01, 4.203669476507394e-23
1980, 5.847798597686937e-01, 3.634562032983795e-02, 4.712865814952703e-01, 0.000000000000000e+00, 0.000000000000000e+00, 1.524376729874612e+05, 1.000000000000000e-10, 1.121378653164751e+12, 6.097506919498445e+04, 4.507103928017042e+02, 0.000000000000000e+00, -1.133761260708891e-01, 0.000000000000000e+00, 0.000000000000000e+00, 2.486196835242393e-05, 2.340903521996351e-03, -2.099125899422408e-04, 4.973962360362276e+02, 1.171679950425090e-01, 4.202815985496384e-23
1981, 5.817966353977641e-01, 3.661284345848334e-02, 4.716202216287073e-01, 0.000000000000000e+00, 0.000000000000000e+00, 1.526093856357167e+05, 1.000000000000000e-10, 1.120912939940076e+12, 6.104375425428663e+04, 4.508988862753583e+02, 0.000000000000000e+00, -1.130386955102709e-01, 0.000000000000000e+00, 0.000000000000000e+00, 2.486921212489654e-05, 2.349711937582043e-03, -2.099517264349871e-04, 5.163327870684219e+02, 1.173939064509629e-01, 4.207540408528678e-23
1982, 5.788132930235028e-01, 3.687874567554797e-02, 4.722963266992483e-01, 0.000000000000000e+00, 0.000000000000000e+00, 1.529149787699188e+05, 1.000000000000000e-10, 1.119751705910950e+12, 6.116599150796750e+04, 4.511550235560540e+02, 0.000000000000000e+00, -1.124381779383705e-01, 0.000000000000000e+00, 0.000000000000000e+00, 2.487905286524086e-05, 2.359541621721644e-03, -2.094740975557949e-04, 5.308432464941275e+02, 1.176739446916159e-01, 4.217942763123785e-23
1983, 5.758297659440822e-01, 3.714256693635581e-02, 4.733142450874937e-01, 0.000000000000000e+00, 0.000000000000000e+00, 1.533516531122941e+05, 1.000000000000000e-10, 1.117887709109878e+12, 6.134066124491761e+04, 4.514703392132161e+02, 0.000000000000000e+00, -1.115800741839162e-01, 0.000000000000000e+00, 0.000000000000000e+00, 2.489116315978204e-05, 2.370226015675297e-03, -2.084527853947749e-04, 5.407510903493602e+02, 1.180053578750915e-01, 4.234082464705261e-23
1984, 5.728459891841221e-01, 3.740354841519788e-02, 4.746756123532190e-01, 0.000000000000000e+00, 0.000000000000000e+00, 1.539178751829667e+05, 1.000000000000000e-10, 1.115313213256012e+12, 6.156715007318665e+04, 4.518377128154549e+02, 0.000000000000000e+00, -1.104673976706680e-01, 0.000000000000000e+00, 0.000000000000000e+00, 2.490526718349510e-05, 2.381713505475118e-03, -2.068759775058593e-04, 5.461094531277118e+02, 1.183883135027840e-01, 4.256062831921664e-23
1985, 5.698619003838776e-01, 3.766093659691855e-02, 4.763754560508621e-01, 0.000000000000000e+00, 0.000000000000000e+00, 1.546085591504104e+05, 1.000000000000000e-10, 1.112031833937804e+12, 6.184342366016412e+04, 4.522457475900056e+02, 0.000000000000000e+00, -1.091101425079739e-01, 0.000000000000000e+00, 0.000000000000000e+00, 2.492092512502587e-05, 2.393848334919484e-03, -2.047169687341412e-04, 5.470713040002466e+02, 1.188203332087319e-01, 4.283907884225383e-23
1986, 5.668774389945893e-01, 3.791396650840588e-02, 4.783941255096408e-01, 0.000000000000000e+00, 0.000000000000000e+00, 1.554109123690494e+05, 1.000000000000000e-10, 1.108069494479565e+12, 6.216436494761974e+04, 4.526744771490357e+02, 0.000000000000000e+00, -1.075334473773015e-01, 0.000000000000000e+00, 0.000000000000000e+00, 2.493736913957894e-05, 2.406253498020127e-03, -2.019315482190738e-04, 5.446560441129125e+02, 1.192932149842368e-01, 4.317444653666024e-23
1987, 5.638925484525512e-01, 3.816188152161128e-02, 4.806956956343503e-01, 0.000000000000000e+00, 0.000000000000000e+00, 1.563018946925851e+05, 1.000000000000000e-10, 1.103467769032305e+12, 6.252075787703401e+04, 4.530898631337317e+02, 0.000000000000000e+00, -1.057825882065527e-01, 0.000000000000000e+00, 0.000000000000000e+00, 2.495329348167415e-05, 2.417724318839529e-03, -1.984598717702120e-04, 5.426249186329939e+02, 1.197789805587168e-01, 4.356307329936284e-23
1988, 5.609071852204548e-01, 3.840403718735700e-02, 4.828937605721828e-01, 0.000000000000000e+00, 0.000000000000000e+00, 1.571310087723983e+05, 1.000000000000000e-10, 1.099002270503536e+12, 6.285240350895929e+04, 4.534199673589972e+02, 0.000000000000000e+00, -1.041533056137429e-01, 0.000000000000000e+00, 0.000000000000000e+00, 2.496594291909078e-05, 2.426394750235823e-03, -1.949735325687558e-04, 5.485346299323403e+02, 1.201982488170289e-01, 4.394009305535964e-23
1989, 5.579214598139841e-01, 3.864168978241857e-02, 4.842824564701530e-01, 0.000000000000000e+00, 0.000000000000000e+00, 1.576338586677469e+05, 1.000000000000000e-10, 1.096098919610467e+12, 6.305354346709872e+04, 4.535666421716729e+02, 0.000000000000000e+00, -1.031651610372183e-01, 0.000000000000000e+00, 0.000000000000000e+00, 2.497156186073758e-05, 2.431016138712989e-03, -1.927695791414957e-04, 5.723545018622395e+02, 1.204533325895733e-01, 4.418319187303232e-23
1990, 5.549355929302024e-01, 3.887755989017459e-02, 4.845152456716272e-01, 0.000000000000000e+00, 0.000000000000000e+00, 1.576853815386894e+05, 1.000000000000000e-10, 1.095456785281063e+12, 6.307415261547572e+04, 4.534969002051346e+02, 0.000000000000000e+00, -1.030639140329736e-01, 0.000000000000000e+00, 0.000000000000000e+00, 2.496889024726111e-05, 2.431921715891104e-03, -1.925286140293885e-04, 6.189599332180931e+02, 1.205169976209891e-01, 4.423036263767338e-23
1991, 5.519498068158312e-01, 3.911444927450507e-02, 4.835626984827879e-01, 0.000000000000000e+00, 0.000000000000000e+00, 1.572798852094362e+05, 1.000000000000000e-10, 1.097153617242210e+12, 6.291195408377446e+04, 4.532217336287623e+02, 0.000000000000000e+00, -1.038607502305319e-01, 0.000000000000000e+00, 0.000000000000000e+00, 2.495834728273567e-05, 2.429835191640098e-03, -1.943351901834701e-04, 6.897637934992092e+02, 1.204015344318920e-01, 4.407517083046530e-23
1992, 5.489643245966670e-01, 3.935513448915424e-02, 4.815703705892388e-01, 0.000000000000000e+00, 0.000000000000000e+00, 1.564804785223251e+05, 1.000000000000000e-10, 1.100954235510112e+12, 6.259219140892998e+04, 4.527836579961902e+02, 0.000000000000000e+00, -1.054316551658086e-01, 0.000000000000000e+00, 0.000000000000000e+00, 2.494155547474013e-05, 2.425088372930631e-03, -1.981920303664332e-04, 7.830426275959484e+02, 1.201251148136658e-01, 4.374209446815868e-23
1993, 5.459793795719163e-01, 3.960238658468096e-02, 4.783604674045880e-01, 0.000000000000000e+00, 0.000000000000000e+00, 1.552216414264342e+05, 1.000000000000000e-10, 1.107274061388327e+12, 6.208865657057362e+04, 4.521549885892974e+02, 0.000000000000000e+00, -1.079053815412916e-01, 0.000000000000000e+00, 0.000000000000000e+00, 2.491744298383315e-05, 2.416896006210819e-03, -2.040144060085890e-04, 9.021030036970171e+02, 1.196506952103467e-01, 4.320259603693820e-23
1994, 5.429952251497697e-01, 3.985899658124903e-02, 4.738616215121636e-01, 0.000000000000000e+00, 0.000000000000000e+00, 1.534839341357047e+05, 1.000000000000000e-10, 1.116384239772646e+12, 6.139357365428186e+04, 4.513378159780802e+02, 0.000000000000000e+00, -1.113201302581653e-01, 0.000000000000000e+00, 0.000000000000000e+00, 2.488607390059444e-05, 2.405625498860100e-03, -2.117762486016413e-04, 1.048826717280960e+03, 1.189770347970140e-01, 4.244713087311118e-23
1995, 5.400121367876379e-01, 4.012770538095597e-02, 4.682196991216588e-01, 0.000000000000000e+00, 0.000000000000000e+00, 1.513365103497162e+05, 1.000000000000000e-10, 1.128181193125195e+12, 6.053460413988644e+04, 4.503854692727859e+02, 0.000000000000000e+00, -1.155400081725351e-01, 0.000000000000000e+00, 0.000000000000000e+00, 2.484947782505692e-05, 2.391996968405814e-03, -2.214733736414415e-04, 1.221059540741235e+03, 1.181290487210867e-01, 4.150327476882436e-23
1996, 5.370304253902294e-01, 4.041127333715207e-02, 4.616104794084538e-01, 0.000000000000000e+00, 0.000000000000000e+00, 1.488643732422117e+05, 1.000000000000000e-10, 1.142544562925046e+12, 5.954574929688464e+04, 4.493714225888510e+02, 0.000000000000000e+00, -1.203979765201522e-01, 0.000000000000000e+00, 0.000000000000000e+00, 2.481046567368660e-05, 2.376397770544684e-03, -2.330799616429936e-04, 1.416643807262883e+03, 1.171236271788931e-01, 4.040314518725119e-23
1997, 5.340504410172645e-01, 4.071243569787060e-02, 4.536539687139565e-01, 0.000000000000000e+00, 0.000000000000000e+00, 1.459407251828758e+05, 1.000000000000000e-10, 1.160608181664852e+12, 5.837629007315031e+04, 4.482725256041649e+02, 0.000000000000000e+00, -1.261432038737283e-01, 0.000000000000000e+00, 0.000000000000000e+00, 2.476813648289760e-05, 2.359546610976484e-03, -2.465869763300517e-04, 1.638127016502599e+03, 1.159326733800136e-01, 3.908886537474822e-23
1998, 5.310725803672874e-01, 4.103390438958224e-02, 4.451059985476917e-01, 0.000000000000000e+00, 0.000000000000000e+00, 1.428915486483584e+05, 1.000000000000000e-10, 1.181183163700826e+12, 5.715661945934332e+04, 4.473355699944802e+02, 0.000000000000000e+00, -1.321351057977827e-01, 0.000000000000000e+00, 0.000000000000000e+00, 2.473200179560576e-05, 2.348498649498312e-03, -2.615156792482405e-04, 1.864251889782135e+03, 1.147753801427780e-01, 3.768438285468483e-23
1999, 5.280969452212163e-01, 4.137538370396705e-02, 4.380760344885821e-01, 0.000000000000000e+00, 0.000000000000000e+00, 1.405098580488393e+05, 1.000000000000000e-10, 1.199413421701023e+12, 5.620394321953569e+04, 4.469383655734238e+02, 0.000000000000000e+00, -1.368153387473056e-01, 0.000000000000000e+00, 0.000000000000000e+00, 2.471667108939579e-05, 2.351104798947989e-03, -2.743843863988877e-04, 2.074347392423660e+03, 1.140331210408678e-01, 3.652555650698295e-23
2000, 5.251226401496015e-01, 4.172828887489750e-02, 4.351232163697925e-01, 0.000000000000000e+00, 0.000000000000000e+00, 1.397625492396036e+05, 1.000000000000000e-10, 1.208770104468839e+12, 5.590501969584139e+04, 4.475781677228885e+02, 0.000000000000000e+00, -1.382838667387920e-01, 0.000000000000000e+00, 0.000000000000000e+00, 2.474136167689103e-05, 2.370745593474920e-03, -2.818093190958621e-04, 2.234161999094392e+03, 1.140221119476786e-01, 3.599858879558771e-23
2001, 5.221484868542934e-01, 4.208247391502409e-02, 4.363500408439711e-01, 0.000000000000000e+00, 0.000000000000000e+00, 1.406780730290074e+05, 1.000000000000000e-10, 1.208498184676335e+12, 5.627122921160291e+04, 4.492434217897749e+02, 0.000000000000000e+00, -1.364847814142310e-01, 0.000000000000000e+00, 0.000000000000000e+00, 2.480553794428511e-05, 2.405116513727686e-03, -2.827710590240277e-04, 2.342965608266731e+03, 1.147013654452466e-01, 3.610823233088264e-23
2002, 5.191732896304105e-01, 4.242775775185818e-02, 4.417489125250851e-01, 0.000000000000000e+00, 0.000000000000000e+00, 1.432602020704478e+05, 1.000000000000000e-10, 1.198630241305160e+12, 5.730408082817907e+04, 4.518979872352720e+02, 0.000000000000000e+00, -1.314106691755928e-01, 0.000000000000000e+00, 0.000000000000000e+00, 2.490758062817236e-05, 2.453430624476830e-03, -2.768007019368028e-04, 2.397050085337657e+03, 1.160537694590021e-01, 3.685595098268361e-23
2003, 5.161959552091034e-01, 4.275404983865185e-02, 4.510516491074387e-01, 0.000000000000000e+00, 0.000000000000000e+00, 1.474122195470970e+05, 1.000000000000000e-10, 1.180221416487643e+12, 5.896488781883875e+04, 4.554047403688859e+02, 0.000000000000000e+00, -1.232515871331427e-01, 0.000000000000000e+00, 0.000000000000000e+00, 2.504189567973610e-05, 2.515435223494092e-03, -2.631566722527255e-04, 2.386804286325260e+03, 1.180538803408484e-01, 3.821908359154731e-23
2004, 5.132155633983804e-01, 4.305103574159551e-02, 4.645734453548556e-01, 0.000000000000000e+00, 0.000000000000000e+00, 1.532725414156012e+05, 1.000000000000000e-10, 1.153381836274372e+12, 6.130901656624045e+04, 4.597273197450169e+02, 0.000000000000000e+00, -1.117355356740147e-01, 0.000000000000000e+00, 0.000000000000000e+00, 2.520670509124841e-05, 2.591316225563170e-03, -2.408109045063706e-04, 2.312939857634359e+03, 1.207411229695868e-01, 4.028081446544680e-23
2005, 5.102314944008300e-01, 4.330832692300150e-02, 4.825325294549260e-01, 0.000000000000000e+00, 0.000000000000000e+00, 1.609406352483873e+05, 1.000000000000000e-10, 1.118822962961463e+12, 6.437625409935490e+04, 4.647607583023092e+02, 0.000000000000000e+00, -9.666705220958588e-02, 0.000000000000000e+00, 0.000000000000000e+00, 2.539758328387729e-05, 2.680848721200831e-03, -2.084802699050649e-04, 2.162538682450007e+03, 1.241416957309262e-01, 4.313015265542311e-23
2006, 5.072435393936056e-01, 4.351545925290698e-02, 5.050282248011697e-01, 0.000000000000000e+00, 0.000000000000000e+00, 1.704464114018698e+05, 1.000000000000000e-10, 1.077706781296591e+12, 6.817856456074791e+04, 4.702865390250692e+02, 0.000000000000000e+00, -7.798736024065371e-02, 0.000000000000000e+00, 0.000000000000000e+00, 2.560586944373807e-05, 2.784050837537203e-03, -1.645403464911298e-04, 1.925080328340921e+03, 1.282917182586397e-01, 4.686296377312541e-23
2007, 5.042520051607490e-01, 4.366172105580163e-02, 5.348494350122421e-01, 0.000000000000000e+00, 0.000000000000000e+00, 1.828836224387959e+05, 1.000000000000000e-10, 1.026761870749065e+12, 7.315344897551832e+04, 4.764678598459690e+02, 0.000000000000000e+00, -5.354713911917615e-02, 0.000000000000000e+00, 0.000000000000000e+00, 2.583732531870085e-05, 2.898307842635034e-03, -1.070246245400866e-04, 1.557380766358900e+03, 1.334320188972937e-01, 5.209247411700937e-23
2008, 5.012578523194564e-01, 4.373649026358901e-02, 5.711697827955947e-01, 0.000000000000000e+00, 0.000000000000000e+00, 1.978633509390367e+05, 1.000000000000000e-10, 9.700565815612134e+11, 7.914534037561463e+04, 4.827146428264379e+02, 0.000000000000000e+00, -2.411064601806115e-02, 0.000000000000000e+00, 0.000000000000000e+00, 2.606960955972031e-05, 3.011579083777903e-03, -3.421431312664319e-05, 1.106866153826252e+03, 1.392643950005787e-01, 5.888154039219463e-23
2009, 4.982627904869573e-01, 4.372976405269172e-02, 6.115693819179537e-01, 0.000000000000000e+00, 0.000000000000000e+00, 2.143950342799561e+05, 1.000000000000000e-10, 9.133867881783655e+11, 8.575801371198239e+04, 4.884941019150131e+02, 0.000000000000000e+00, 8.375575785422806e-03, 0.000000000000000e+00, 0.000000000000000e+00, 2.628308949735305e-05, 3.109479383340735e-03, 4.861487694942556e-05, 6.323077459903910e+02, 1.452434012335362e-01, 6.695766514791615e-23
2010, 4.952689617108583e-01, 4.364285748970396e-02, 6.511711755081153e-01, 0.000000000000000e+00, 0.000000000000000e+00, 2.305502834612600e+05, 1.000000000000000e-10, 8.636921074895547e+11, 9.222011338450394e+04, 4.933564712900196e+02, 0.000000000000000e+00, 4.012207112841928e-02, 0.000000000000000e+00, 0.000000000000000e+00, 2.646164923689391e-05, 3.182093071425016e-03, 1.295545001802822e-04, 1.798934307190264e+02, 1.506389140433769e-01, 7.539524380677307e-23
2011, 4.922779557894611e-01, 4.348609981959357e-02, 6.874873085398397e-01, 0.000000000000000e+00, 0.000000000000000e+00, 2.453571134818998e+05, 1.000000000000000e-10, 8.225532719630896e+11, 9.814284539275986e+04, 4.973066940447658e+02, 0.000000000000000e+00, 6.921880340530533e-02, 0.000000000000000e+00, 0.000000000000000e+00, 2.660601923866326e-05, 3.231755202304657e-03, 2.014188649385086e-04, -2.344823901706829e+02, 1.552224257451935e-01, 8.358084676877302e-23
2012, 4.892906149299980e-01, 4.327025754093588e-02, 7.189635096136783e-01, 0.000000000000000e+00, 0.000000000000000e+00, 2.581551241068363e+05, 1.000000000000000e-10, 7.898228234045482e+11, 1.032620496427344e+05, 5.003388634507639e+02, 0.000000000000000e+00, 9.436802766947563e-02, 0.000000000000000e+00, 0.000000000000000e+00, 2.671642006544469e-05, 3.262046706212514e-03, 2.623527790429546e-04, -5.910485600154641e+02, 1.589187996746246e-01, 9.102943710762026e-23
2013, 4.863071621140935e-01, 4.300589384619610e-02, 7.453242222908377e-01, 0.000000000000000e+00, 0.000000000000000e+00, 2.688135651514435e+05, 1.000000000000000e-10, 7.642113472063291e+11, 1.075254260605773e+05, 5.025696773482627e+02, 0.000000000000000e+00, 1.153128082289616e-01, 0.000000000000000e+00, 0.000000000000000e+00, 2.679741455527196e-05, 3.277019265476297e-03, 3.114443876331980e-04, -8.863365203616063e+02, 1.617875078825286e-01, 9.752932957851420e-23
2014, 4.833273114466050e-01, 4.270351158944808e-02, 7.661276562049077e-01, 0.000000000000000e+00, 0.000000000000000e+00, 2.771409356817055e+05, 1.000000000000000e-10, 7.449766395913219e+11, 1.108563742726821e+05, 5.040688677823574e+02, 0.000000000000000e+00, 1.316768287891837e-01, 0.000000000000000e+00, 0.000000000000000e+00, 2.685173746464853e-05, 3.279187898354013e-03, 3.481164332789882e-04, -1.116230479888034e+03, 1.638413106978730e-01, 1.028397376096851e-22
2015, 4.803503830356773e-01, 4.237352609207928e-02, 7.809332450422251e-01, 0.000000000000000e+00, 0.000000000000000e+00, 2.829477517665141e+05, 1.000000000000000e-10, 7.316517018329946e+11, 1.131791007066056e+05, 5.048736124278270e+02, 0.000000000000000e+00, 1.430877366449012e-01, 0.000000000000000e+00, 0.000000000000000e+00, 2.688086145651984e-05, 3.270577980551470e-03, 3.722394555385329e-04, -1.273120460390210e+03, 1.650881719691688e-01, 1.067360865682869e-22
2016, 4.773754344570799e-01, 4.202610121636181e-02, 7.893357019402165e-01, 0.000000000000000e+00, 0.000000000000000e+00, 2.860805115658002e+05, 1.000000000000000e-10, 7.240187512884288e+11, 1.144322046263200e+05, 5.050296357619157e+02, 0.000000000000000e+00, 1.492438870863229e-01, 0.000000000000000e+00, 0.000000000000000e+00, 2.688650510876432e-05, 3.253431464496052e-03, 3.839507366777691e-04, -1.351492072855370e+03, 1.655427021413541e-01, 1.090217796030731e-22
2017, 4.744013360428487e-01, 4.167145475590592e-02, 7.910660437403532e-01, 0.000000000000000e+00, 0.000000000000000e+00, 2.864648501929676e+05, 1.000000000000000e-10, 7.220199501316238e+11, 1.145859400771870e+05, 5.046019615739350e+02, 0.000000000000000e+00, 1.499991465255662e-01, 0.000000000000000e+00, 0.000000000000000e+00, 2.687103310680750e-05, 3.230258550474204e-03, 3.835957888772662e-04, -1.350268261286041e+03, 1.652348865908371e-01, 1.095632077179821e-22
2018, 4.714268942064377e-01, 4.131970729944816e-02, 7.861606628206956e-01, 0.000000000000000e+00, 0.000000000000000e+00, 2.841707285651803e+05, 1.000000000000000e-10, 7.256247205763539e+11, 1.136682914260720e+05, 5.036842468762279e+02, 0.000000000000000e+00, 1.454909943605655e-01, 0.000000000000000e+00, 0.000000000000000e+00, 2.683780907691380e-05, 3.204360606812847e-03, 3.718339395395433e-04, -1.278234421597502e+03, 1.642378330156299e-01, 1.083429469717714e-22
2019, 4.684509462856569e-01, 4.098097164969489e-02, 7.755271926088725e-01, 0.000000000000000e+00, 0.000000000000000e+00, 2.796278761987561e+05, 1.000000000000000e-10, 7.343227096465963e+11, 1.118511504795024e+05, 5.024279262061278e+02, 0.000000000000000e+00, 1.365638871475424e-01, 0.000000000000000e+00, 0.000000000000000e+00, 2.679227372597090e-05, 3.181642060459784e-03, 3.509501944693263e-04, -1.160352898849713e+03, 1.627687194879116e-01, 1.056116678628829e-22
2020, 4.654727170481935e-01, 4.066293334691602e-02, 7.626756442704024e-01, 0.000000000000000e+00, 0.000000000000000e+00, 2.742763931759769e+05, 1.000000000000000e-10, 7.453734441020858e+11, 1.097105572703907e+05, 5.011167146048850e+02, 0.000000000000000e+00, 1.260477490828075e-01, 0.000000000000000e+00, 0.000000000000000e+00, 2.674468359629241e-05, 3.166617101528242e-03, 3.274736647121472e-04, -1.029990225629145e+03, 1.612606139490634e-01, 1.023218362558469e-22
2021, 4.624924303549099e-01, 4.036477556866391e-02, 7.510080055109394e-01, 0.000000000000000e+00, 0.000000000000000e+00, 2.694747350375451e+05, 1.000000000000000e-10, 7.558021421104742e+11, 1.077898940150180e+05, 4.999928843694265e+02, 0.000000000000000e+00, 1.166120656080646e-01, 0.000000000000000e+00, 0.000000000000000e+00, 2.670384119964656e-05, 3.157605326469176e-03, 3.067243085551896e-04, -9.111241921426224e+02, 1.599888104491407e-01, 9.936634187056047e-23
2022, 4.595104760394608e-01, 4.008377158926600e-02, 7.410767781757605e-01, 0.000000000000000e+00, 0.000000000000000e+00, 2.654158253265436e+05, 1.000000000000000e-10, 7.649627623160740e+11, 1.061663301306174e+05, 4.990613600799441e+02, 0.000000000000000e+00, 1.086359485706947e-01, 0.000000000000000e+00, 0.000000000000000e+00, 2.666995025030773e-05, 3.151008438002546e-03, 2.892578338857446e-04, -8.072700162896657e+02, 1.589231706989132e-01, 9.687823811601698e-23
2023, 4.565271979125262e-01, 3.981717620520342e-02, 7.331892686883767e-01, 0.000000000000000e+00, 0.000000000000000e+00, 2.622316234832370e+05, 1.000000000000000e-10, 7.724743831081121e+11, 1.048926493932947e+05, 4.983785021786512e+02, 0.000000000000000e+00, 1.023787099570880e-01, 0.000000000000000e+00, 0.000000000000000e+00, 2.664508477478529e-05, 3.147835055892210e-03, 2.750921074120996e-04, -7.250018489672761e+02, 1.581118665459393e-01, 9.491517280075955e-23
2024, 4.535428982623551e-01, 3.956225965560328e-02, 7.268417082709846e-01, 0.000000000000000e+00, 0.000000000000000e+00, 2.596843500410857e+05, 1.000000000000000e-10, 7.786575950881384e+11, 1.038737400164342e+05, 4.978474348061196e+02, 0.000000000000000e+00, 9.737309205784918e-02, 0.000000000000000e+00, 0.000000000000000e+00, 2.662573393539371e-05, 3.145592133465755e-03, 2.639726104029855e-04, -6.559307220893361e+02, 1.574608556385344e-01, 9.334634979054758e-23
2025, 4.505578513924766e-01, 3.931623904728863e-02, 7.223333021676597e-01, 0.000000000000000e+00, 0.000000000000000e+00, 2.579182457623192e+05, 1.000000000000000e-10, 7.831977572451636e+11, 1.031672983049276e+05, 4.975477481870471e+02, 0.000000000000000e+00, 9.390254074465801e-02, 0.000000000000000e+00, 0.000000000000000e+00, 2.661480917537806e-05, 3.146496602106975e-03, 2.560745383196949e-04, -6.105623695528262e+02, 1.570423327037167e-01, 9.222960545434597e-23
2026, 4.475723051414614e-01, 3.907634879337518e-02, 7.193405713078066e-01, 0.000000000000000e+00, 0.000000000000000e+00, 2.567699707635340e+05, 1.000000000000000e-10, 7.862912185463624e+11, 1.027079883054135e+05, 4.973933937398062e+02, 0.000000000000000e+00, 9.164607868131820e-02, 0.000000000000000e+00, 0.000000000000000e+00, 2.660918096928289e-05, 3.148691960685817e-03, 2.512177630072202e-04, -5.808658464181344e+02, 1.567943958878938e-01, 9.148617137154861e-23
2027, 4.445864908088170e-01, 3.883981522855161e-02, 7.179806193845404e-01, 0.000000000000000e+00, 0.000000000000000e+00, 2.562892966193157e+05, 1.000000000000000e-10, 7.877912527045396e+11, 1.025157186477262e+05, 4.974026381962909e+02, 0.000000000000000e+00, 9.070151141963929e-02, 0.000000000000000e+00, 0.000000000000000e+00, 2.660951807506940e-05, 3.153322100923547e-03, 2.495081426279341e-04, -5.695966623853225e+02, 1.567551529121213e-01, 9.113936891953227e-23
2028, 4.416006324702180e-01, 3.860383729315530e-02, 7.184953400762730e-01, 0.000000000000000e+00, 0.000000000000000e+00, 2.565770739288349e+05, 1.000000000000000e-10, 7.874440849256875e+11, 1.026308295715339e+05, 4.976044194484855e+02, 0.000000000000000e+00, 9.126701931827597e-02, 0.000000000000000e+00, 0.000000000000000e+00, 2.661687533711752e-05, 3.160395281117996e-03, 2.509469107829034e-04, -5.831125080157859e+02, 1.569454401589496e-01, 9.124490192939619e-23
2029, 4.386149494900879e-01, 3.836565307057704e-02, 7.205822188958638e-01, 0.000000000000000e+00, 0.000000000000000e+00, 2.574829769053951e+05, 1.000000000000000e-10, 7.854966370224192e+11, 1.029931907621580e+05, 4.979151228101219e+02, 0.000000000000000e+00, 9.304719889358447e-02, 0.000000000000000e+00, 0.000000000000000e+00, 2.662820094182587e-05, 3.167708817889435e-03, 2.553179454305238e-04, -6.117405822982751e+02, 1.572955495715486e-01, 9.173677840416284e-23
2030, 4.356296611922650e-01, 3.812257584945753e-02, 7.237658930106609e-01, 0.000000000000000e+00, 0.000000000000000e+00, 2.588130670112236e+05, 1.000000000000000e-10, 7.824369694524906e+11, 1.035252268044894e+05, 4.982856985414719e+02, 0.000000000000000e+00, 9.566094374372980e-02, 0.000000000000000e+00, 0.000000000000000e+00, 2.664170402767287e-05, 3.173850765372532e-03, 2.614851107396158e-04, -6.489515373877789e+02, 1.577268541299509e-01, 9.250237096425198e-23
2031, 4.326448430818621e-01, 3.787379190548568e-02, 7.270272115922136e-01, 0.000000000000000e+00, 0.000000000000000e+00, 2.601582412535328e+05, 1.000000000000000e-10, 7.792916198067551e+11, 1.040632965014131e+05, 4.986286844578678e+02, 0.000000000000000e+00, 9.830433025790444e-02, 0.000000000000000e+00, 0.000000000000000e+00, 2.665419699190952e-05, 3.177875166559726e-03, 2.675541332371960e-04, -6.865065608904169e+02, 1.581196563003193e-01, 9.329418797232947e-23
2032, 4.296604453184889e-01, 3.762001099227881e-02, 7.298419763346059e-01, 0.000000000000000e+00, 0.000000000000000e+00, 2.613090110490241e+05, 1.000000000000000e-10, 7.765761510314229e+11, 1.045236044196096e+05, 4.989027353462506e+02, 0.000000000000000e+00, 1.005656948177097e-01, 0.000000000000000e+00, 0.000000000000000e+00, 2.666417574398010e-05, 3.180256796019229e-03, 2.727068510672267e-04, -7.198147496291741e+02, 1.584358829218636e-01, 9.398283877572341e-23
2033, 4.266764103940517e-01, 3.736199912002986e-02, 7.321693185930100e-01, 0.000000000000000e+00, 0.000000000000000e+00, 2.622494500449219e+05, 1.000000000000000e-10, 7.743228061610369e+11, 1.048997800179687e+05, 4.991066965312719e+02, 0.000000000000000e+00, 1.024137407295113e-01, 0.000000000000000e+00, 0.000000000000000e+00, 2.667160047792858e-05, 3.181567251496837e-03, 2.769587674295609e-04, -7.471045425280096e+02, 1.586856415723383e-01, 9.455688338281924e-23
2034, 4.236926780296093e-01, 3.710051058823834e-02, 7.340804566389467e-01, 0.000000000000000e+00, 0.000000000000000e+00, 2.630157266314751e+05, 1.000000000000000e-10, 7.724700354715259e+11, 1.052062906525900e+05, 4.992618617072160e+02, 0.000000000000000e+00, 1.039195420832043e-01, 0.000000000000000e+00, 0.000000000000000e+00, 2.667724781589564e-05, 3.182297571220002e-03, 2.803506122268487e-04, -7.700985580696282e+02, 1.588844162005656e-01, 9.503106494816582e-23
2035, 4.207091849766700e-01, 3.683630494416521e-02, 7.355256399401290e-01, 0.000000000000000e+00, 0.000000000000000e+00, 2.635872877981677e+05, 1.000000000000000e-10, 7.710590707774022e+11, 1.054349151192671e+05, 4.993637141330695e+02, 0.000000000000000e+00, 1.050427103929601e-01, 0.000000000000000e+00, 0.000000000000000e+00, 2.668095428945266e-05, 3.182389207474902e-03, 2.828708262512586e-04, -7.878125831904080e+02, 1.590264360612011e-01, 9.539237547185309e-23
2036, 4.177258658049909e-01, 3.657014268097562e-02, 7.365374993346099e-01, 0.000000000000000e+00, 0.000000000000000e+00, 2.639812131392395e+05, 1.000000000000000e-10, 7.700616668603182e+11, 1.055924852556957e+05, 4.994229481434137e+02, 0.000000000000000e+00, 1.058168085740203e-01, 0.000000000000000e+00, 0.000000000000000e+00, 2.668310966560200e-05, 3.182018820375833e-03, 2.845377069011609e-04, -8.012857910332548e+02, 1.591174235754348e-01, 9.564731154534982e-23
2037, 4.147426544179276e-01, 3.630277481151196e-02, 7.370574773310514e-01, 0.000000000000000e+00, 0.000000000000000e+00, 2.641695502974139e+05, 1.000000000000000e-10, 7.695222297617633e+11, 1.056678201189655e+05, 4.994266776118919e+02, 0.000000000000000e+00, 1.061869077688885e-01, 0.000000000000000e+00, 0.000000000000000e+00, 2.668324536695704e-05, 3.180944706134222e-03, 2.853281956654177e-04, -8.081418207939631e+02, 1.591478710806248e-01, 9.578192810973243e-23
2038, 4.117594828660662e-01, 3.603496290393349e-02, 7.371902189636695e-01, 0.000000000000000e+00, 0.000000000000000e+00, 2.642057058025785e+05, 1.000000000000000e-10, 7.693608161437239e+11, 1.056822823210313e+05, 4.994050903123535e+02, 0.000000000000000e+00, 1.062579565384525e-01, 0.000000000000000e+00, 0.000000000000000e+00, 2.668245987864319e-05, 3.179677764305457e-03, 2.852865039939815e-04, -8.120500007950372e+02, 1.591353463807759e-01, 9.581926374141926e-23
2039, 4.087762834779727e-01, 3.576746109950667e-02, 7.368198949669543e-01, 0.000000000000000e+00, 0.000000000000000e+00, 2.640349365127303e+05, 1.000000000000000e-10, 7.696719547229584e+11, 1.056139746050920e+05, 4.993331375852768e+02, 0.000000000000000e+00, 1.059223797606478e-01, 0.000000000000000e+00, 0.000000000000000e+00, 2.667984163235028e-05, 3.177586285784178e-03, 2.843602952394329e-04, -8.098687199906956e+02, 1.590570056733127e-01, 9.573241314373000e-23
2040, 4.057929887372331e-01, 3.550102491470886e-02, 7.359925543854836e-01, 0.000000000000000e+00, 0.000000000000000e+00, 2.636799819888753e+05, 1.000000000000000e-10, 7.704209701772897e+11, 1.054719927955501e+05, 4.992224141644633e+02, 0.000000000000000e+00, 1.052248626866569e-01, 0.000000000000000e+00, 0.000000000000000e+00, 2.667581218609951e-05, 3.175449665861319e-03, 2.827586602795447e-04, -8.025391596833272e+02, 1.589351088848046e-01, 9.553196270985676e-23
2041, 4.028095547955566e-01, 3.523615234452004e-02, 7.350565822982431e-01, 0.000000000000000e+00, 0.000000000000000e+00, 2.632896873870642e+05, 1.000000000000000e-10, 7.712924857299489e+11, 1.053158749548256e+05, 4.991182093307510e+02, 0.000000000000000e+00, 1.044578992297805e-01, 0.000000000000000e+00, 0.000000000000000e+00, 2.667201952614481e-05, 3.174209275518713e-03, 2.810340020832243e-04, -7.951584633148861e+02, 1.588220146294667e-01, 9.530267347262622e-23
2042, 3.998259927255444e-01, 3.497272680200630e-02, 7.342587803549359e-01, 0.000000000000000e+00, 0.000000000000000e+00, 2.629619136866395e+05, 1.000000000000000e-10, 7.720465930750747e+11, 1.051847654746557e+05, 4.990384858335565e+02, 0.000000000000000e+00, 1.038137948809518e-01, 0.000000000000000e+00, 0.000000000000000e+00, 2.666911760689633e-05, 3.173565853938248e-03, 2.795393278111321e-04, -7.900570898475083e+02, 1.587338313474727e-01, 9.510624955799645e-23
2043, 3.968423218573466e-01, 3.471053656680752e-02, 7.335521618520324e-01, 0.000000000000000e+00, 0.000000000000000e+00, 2.626696884133650e+05, 1.000000000000000e-10, 7.727119874754586e+11, 1.050678753653460e+05, 4.989640937254438e+02, 0.000000000000000e+00, 1.032395463396264e-01, 0.000000000000000e+00, 0.000000000000000e+00, 2.666640952475292e-05, 3.172922385518376e-03, 2.782717121067405e-04, -7.849115907099560e+02, 1.586548173273075e-01, 9.493291291278428e-23
2044, 3.938585608585894e-01, 3.444937095501901e-02, 7.329848760062667e-01, 0.000000000000000e+00, 0.000000000000000e+00, 2.624373773162788e+05, 1.000000000000000e-10, 7.732515644708196e+11, 1.049749509265115e+05, 4.989086248521222e+02, 0.000000000000000e+00, 1.027830344604837e-01, 0.000000000000000e+00, 0.000000000000000e+00, 2.666439016061858e-05, 3.172662834644987e-03, 2.772631562995273e-04, -7.811443245879115e+02, 1.585968402537530e-01, 9.479330883562315e-23
2045, 3.908747290732559e-01, 3.418902082527982e-02, 7.325482432689648e-01, 0.000000000000000e+00, 0.000000000000000e+00, 2.622610408099631e+05, 1.000000000000000e-10, 7.736722962483201e+11, 1.049044163239852e+05, 4.988705718357816e+02, 0.000000000000000e+00, 1.024365176092901e-01, 0.000000000000000e+00, 0.000000000000000e+00, 2.666300475729953e-05, 3.172694299122948e-03, 2.765058708717182e-04, -7.787725573855110e+02, 1.585569747014754e-01, 9.468532305197015e-23
2046, 3.878908444515973e-01, 3.392927400691816e-02, 7.322080184900748e-01, 0.000000000000000e+00, 0.000000000000000e+00, 2.621245566450695e+05, 1.000000000000000e-10, 7.740023867272550e+11, 1.048498226580277e+05, 4.988426354190604e+02, 0.000000000000000e+00, 1.021683141382969e-01, 0.000000000000000e+00, 0.000000000000000e+00, 2.666198763482753e-05, 3.172983683475413e-03, 2.759967876886515e-04, -7.771922454838968e+02, 1.585322732919607e-01, 9.460099352189402e-23
2047, 3.849069255741160e-01, 3.366992121443163e-02, 7.321566402350732e-01, 0.000000000000000e+00, 0.000000000000000e+00, 2.621180211271737e+05, 1.000000000000000e-10, 7.740801545434249e+11, 1.048472084508694e+05, 4.988652026784347e+02, 0.000000000000000e+00, 1.021554712668491e-01, 0.000000000000000e+00, 0.000000000000000e+00, 2.666280927681379e-05, 3.173991301555743e-03, 2.757751558324083e-04, -7.823219109756711e+02, 1.585463274670429e-01, 9.458482566564291e-23
2048, 3.819229907814365e-01, 3.341075154749400e-02, 7.320481733008806e-01, 0.000000000000000e+00, 0.000000000000000e+00, 2.620727540794411e+05, 1.000000000000000e-10, 7.741819821495336e+11, 1.048291016317764e+05, 4.988529537091702e+02, 0.000000000000000e+00, 1.020665175092249e-01, 0.000000000000000e+00, 0.000000000000000e+00, 2.666236331164729e-05, 3.174123072120181e-03, 2.757037109593861e-04, -7.833387382041524e+02, 1.585403469564947e-01, 9.455838112482171e-23
2049, 3.789390584579964e-01, 3.315155344070582e-02, 7.321839813776132e-01, 0.000000000000000e+00, 0.000000000000000e+00, 2.621360260526568e+05, 1.000000000000000e-10, 7.740676075734536e+11, 1.048544104210627e+05, 4.988808399475422e+02, 0.000000000000000e+00, 1.021908525399317e-01, 0.000000000000000e+00, 0.000000000000000e+00, 2.666337859596069e-05, 3.175019492387966e-03, 2.759242763030205e-04, -7.897403654427551e+02, 1.585717090168922e-01, 9.458988346327220e-23
2050, 3.759551468027295e-01, 3.289211755647066e-02, 7.323326396765787e-01, 0.000000000000000e+00, 0.000000000000000e+00, 2.621939180954945e+05, 1.000000000000000e-10, 7.739198683287471e+11, 1.048775672381977e+05, 4.988897248367891e+02, 0.000000000000000e+00, 1.023046155310014e-01, 0.000000000000000e+00, 0.000000000000000e+00, 2.666370207129525e-05, 3.175377601958472e-03, 2.763059447561786e-04, -7.937233034866982e+02, 1.585955809700645e-01, 9.462715205389156e-23
2051, 3.729712713693227e-01, 3.263226557754815e-02, 7.326465243629160e-01, 0.000000000000000e+00, 0.000000000000000e+00, 2.623262763663142e+05, 1.000000000000000e-10, 7.736281422406707e+11, 1.049305105465256e+05, 4.989277245262049e+02, 0.000000000000000e+00, 1.025647112547522e-01, 0.000000000000000e+00, 0.000000000000000e+00, 2.666508550467083e-05, 3.176129507211498e-03, 2.768185076814221e-04, -8.018254477061712e+02, 1.586410793119951e-01, 9.470339153473172e-23
2052, 3.699874322978723e-01, 3.237199587385271e-02, 7.328296589151316e-01, 0.000000000000000e+00, 0.000000000000000e+00, 2.623942354338555e+05, 1.000000000000000e-10, 7.734396596054504e+11, 1.049576941735421e+05, 4.989322636814387e+02, 0.000000000000000e+00, 1.026982568408958e-01, 0.000000000000000e+00, 0.000000000000000e+00, 2.666525075536870e-05, 3.176194108588389e-03, 2.772408967709230e-04, -8.056753456390769e+02, 1.586624365104692e-01, 9.475015470714993e-23
2053, 3.670036246304425e-01, 3.211136676691642e-02, 7.331344001210877e-01, 0.000000000000000e+00, 0.000000000000000e+00, 2.625243580063791e+05, 1.000000000000000e-10, 7.731599370700126e+11, 1.050097432025516e+05, 4.989721931121269e+02, 0.000000000000000e+00, 1.029539592195023e-01, 0.000000000000000e+00, 0.000000000000000e+00, 2.666670437573721e-05, 3.176880855116087e-03, 2.776549226324252e-04, -8.150784939817783e+02, 1.587046927200988e-01, 9.482382803966038e-23
2054, 3.640198432159918e-01, 3.185043697366188e-02, 7.332185279897349e-01, 0.000000000000000e+00, 0.000000000000000e+00, 2.625480852208055e+05, 1.000000000000000e-10, 7.730585064467610e+11, 1.050192340883222e+05, 4.989600345809074e+02, 0.000000000000000e+00, 1.030005852971219e-01, 0.000000000000000e+00, 0.000000000000000e+00, 2.666626175423230e-05, 3.176511426548418e-03, 2.779141461487825e-04, -8.181812101454057e+02, 1.587078359771061e-01, 9.484716251689271e-23
2055, 3.610360830626303e-01, 3.158926437321342e-02, 7.333696200299888e-01, 0.000000000000000e+00, 0.000000000000000e+00, 2.626075044930823e+05, 1.000000000000000e-10, 7.729097030810157e+11, 1.050430017972329e+05, 4.989701368462819e+02, 0.000000000000000e+00, 1.031173494292903e-01, 0.000000000000000e+00, 0.000000000000000e+00, 2.666662951944723e-05, 3.176810052058288e-03, 2.781693532194730e-04, -8.239185937501470e+02, 1.587299559847893e-01, 9.488496082156580e-23
2056, 3.580523390428058e-01, 3.132790753407070e-02, 7.334630194916085e-01, 0.000000000000000e+00, 0.000000000000000e+00, 2.626406612288391e+05, 1.000000000000000e-10, 7.728106074976046e+11, 1.050562644915356e+05, 4.989695895783946e+02, 0.000000000000000e+00, 1.031825053513983e-01, 0.000000000000000e+00, 0.000000000000000e+00, 2.666660959668233e-05, 3.176865592038396e-03, 2.783405502935509e-04, -8.285533567733274e+02, 1.587419307133004e-01, 9.490920932122918e-23
2057, 3.550686060400819e-01, 3.106642486672536e-02, 7.335326806179006e-01, 0.000000000000000e+00, 0.000000000000000e+00, 2.626648019974010e+05, 1.000000000000000e-10, 7.727354891853778e+11, 1.050659207989603e+05, 4.989680628417470e+02, 0.000000000000000e+00, 1.032299440995181e-01, 0.000000000000000e+00, 0.000000000000000e+00, 2.666655401723040e-05, 3.176983187529462e-03, 2.784547700484382e-04, -8.330918644717304e+02, 1.587529636060817e-01, 9.492744465279425e-23
2058, 3.520848789903110e-01, 3.080487432344082e-02, 7.335671027053010e-01, 0.000000000000000e+00, 0.000000000000000e+00, 2.626743173167152e+05, 1.000000000000000e-10, 7.726935006855011e+11, 1.050697269266860e+05, 4.989627239535758e+02, 0.000000000000000e+00, 1.032486425446430e-01, 0.000000000000000e+00, 0.000000000000000e+00, 2.666635965916978e-05, 3.177065658741157e-03, 2.785033103178995e-04, -8.371770603891322e+02, 1.587599958727811e-01, 9.493705333648770e-23
2059, 3.491011527393209e-01, 3.054331465216092e-02, 7.335620736341718e-01, 0.000000000000000e+00, 0.000000000000000e+00, 2.626675299516056e+05, 1.000000000000000e-10, 7.726887498468530e+11, 1.050670119806422e+05, 4.989532516645977e+02, 0.000000000000000e+00, 1.032353047711165e-01, 0.000000000000000e+00, 0.000000000000000e+00, 2.666601482512961e-05, 3.177187712704413e-03, 2.784926688005862e-04, -8.404367920224799e+02, 1.587645078587672e-01, 9.493698416423720e-23
2060, 3.461174221982152e-01, 3.028180388560120e-02, 7.335586939749786e-01, 0.000000000000000e+00, 0.000000000000000e+00, 2.626644981909032e+05, 1.000000000000000e-10, 7.726885318207899e+11, 1.050657992763612e+05, 4.989497914032963e+02, 0.000000000000000e+00, 1.032293470928450e-01, 0.000000000000000e+00, 0.000000000000000e+00, 2.666588885513596e-05, 3.177548557576283e-03, 2.784437399803571e-04, -8.441548735078924e+02, 1.587737326103958e-01, 9.493656655022177e-23
2061, 3.431336827820023e-01, 3.002039434959798e-02, 7.335384370372930e-01, 0.000000000000000e+00, 0.000000000000000e+00, 2.626575336695193e+05, 1.000000000000000e-10, 7.727102534395844e+11, 1.050630134678076e+05, 4.989503401217087e+02, 0.000000000000000e+00, 1.032156611915506e-01, 0.000000000000000e+00, 0.000000000000000e+00, 2.666590883113115e-05, 3.177894639548133e-03, 2.783616474191256e-04, -8.493899532784878e+02, 1.587798232745033e-01, 9.493126508298558e-23
2062, 3.401499338698074e-01, 2.975909307531260e-02, 7.334808667604307e-01, 0.000000000000000e+00, 0.000000000000000e+00, 2.626301899674683e+05, 1.000000000000000e-10, 7.727573150749521e+11, 1.050520759869872e+05, 4.989375554937522e+02, 0.000000000000000e+00, 1.031619283954742e-01, 0.000000000000000e+00, 0.000000000000000e+00, 2.666544340598532e-05, 3.177881755491534e-03, 2.782518316626568e-04, -8.532473709946248e+02, 1.587758058367432e-01, 9.491802864545628e-23
2063, 3.371661767503909e-01, 2.949788608418363e-02, 7.333966117138437e-01, 0.000000000000000e+00, 0.000000000000000e+00, 2.625888657061257e+05, 1.000000000000000e-10, 7.728237504313431e+11, 1.050355462824502e+05, 4.989163593972828e+02, 0.000000000000000e+00, 1.030807225622777e-01, 0.000000000000000e+00, 0.000000000000000e+00, 2.666467174672427e-05, 3.177815105007498e-03, 2.781524456323307e-04, -8.554054214206838e+02, 1.587694128642681e-01, 9.489896991155308e-23
2064, 3.341824125778485e-01, 2.923675914873965e-02, 7.333568807732284e-01, 0.000000000000000e+00, 0.000000000000000e+00, 2.625708294445806e+05, 1.000000000000000e-10, 7.728578950808036e+11, 1.050283317778322e+05, 4.989091185141750e+02, 0.000000000000000e+00, 1.030452797110583e-01, 0.000000000000000e+00, 0.000000000000000e+00, 2.666440813309315e-05, 3.178163059001363e-03, 2.781045407352133e-04, -8.590141312113761e+02, 1.587752036584373e-01, 9.488963267517375e-23
2065, 3.311986426660265e-01, 2.897569817404684e-02, 7.334338921516650e-01, 0.000000000000000e+00, 0.000000000000000e+00, 2.626074538068119e+05, 1.000000000000000e-10, 7.727945932101222e+11, 1.050429815227247e+05, 4.989263149036306e+02, 0.000000000000000e+00, 1.031172498262800e-01, 0.000000000000000e+00, 0.000000000000000e+00, 2.666503418634235e-05, 3.178752920620309e-03, 2.780929109263706e-04, -8.665976376305415e+02, 1.587944088846416e-01, 9.490735367048245e-23
2066, 3.282148682012815e-01, 2.871468907025177e-02, 7.333849727513022e-01, 0.000000000000000e+00, 0.000000000000000e+00, 2.625804711600024e+05, 1.000000000000000e-10, 7.728271390324899e+11, 1.050321884640009e+05, 4.989083274859034e+02, 0.000000000000000e+00, 1.030642265357281e-01, 0.000000000000000e+00, 0.000000000000000e+00, 2.666437933457057e-05, 3.178296732920076e-03, 2.780049598134774e-04, -8.699945972402248e+02, 1.587815138747090e-01, 9.489702726722580e-23
2067, 3.252310904408093e-01, 2.845371761151071e-02, 7.333141032142757e-01, 0.000000000000000e+00, 0.000000000000000e+00, 2.625445948298159e+05, 1.000000000000000e-10, 7.728807480995117e+11, 1.050178379319263e+05, 4.988883710323126e+02, 0.000000000000000e+00, 1.029937263697197e-01, 0.000000000000000e+00, 0.000000000000000e+00, 2.666365278305202e-05, 3.177980837068171e-03, 2.779444510613806e-04, -8.727012505122073e+02, 1.587702061871816e-01, 9.488127557837561e-23
2068, 3.222473106185697e-01, 2.819276977572445e-02, 7.333367717336401e-01, 0.000000000000000e+00, 0.000000000000000e+00, 2.625537848963551e+05, 1.000000000000000e-10, 7.728588069238208e+11, 1.050215139585420e+05, 4.988904121224635e+02, 0.000000000000000e+00, 1.030117856643373e-01, 0.000000000000000e+00, 0.000000000000000e+00, 2.666372709342134e-05, 3.178150969936895e-03, 2.779415902723311e-04, -8.783646814486633e+02, 1.587764290734558e-01, 9.488689073373198e-23
2069, 3.192635299737484e-01, 2.793183137578725e-02, 7.333281159435047e-01, 0.000000000000000e+00, 0.000000000000000e+00, 2.625470266293726e+05, 1.000000000000000e-10, 7.728605016634160e+11, 1.050188106517490e+05, 4.988834588999311e+02, 0.000000000000000e+00, 1.029985050712078e-01, 0.000000000000000e+00, 0.000000000000000e+00, 2.666347394541654e-05, 3.177847535272994e-03, 2.779125315313155e-04, -8.827184371493170e+02, 1.587694141928202e-01, 9.488555864219826e-23
2070, 3.162797497529334e-01, 2.767088824150109e-02, 7.333369410472943e-01, 0.000000000000000e+00, 0.000000000000000e+00, 2.625492006263672e+05, 1.000000000000000e-10, 7.728491286797394e+11, 1.050196802505468e+05, 4.988815861597735e+02, 0.000000000000000e+00, 1.030027771678303e-01, 0.000000000000000e+00, 0.000000000000000e+00, 2.666340576369469e-05, 3.177655719085527e-03, 2.779074112754806e-04, -8.872699235790531e+02, 1.587660089854508e-01, 9.488809253277060e-23
2071, 3.132959709983599e-01, 2.740992811970977e-02, 7.333540771342114e-01, 0.000000000000000e+00, 0.000000000000000e+00, 2.625529954886636e+05, 1.000000000000000e-10, 7.728262757856324e+11, 1.050211981954654e+05, 4.988771395489464e+02, 0.000000000000000e+00, 1.030102344083140e-01, 0.000000000000000e+00, 0.000000000000000e+00, 2.666324387331617e-05, 3.179113220139957e-03, 2.780544409596938e-04, -8.934222427560341e+02, 1.588052775489108e-01, 9.489311267264018e-23
2072, 3.103121939421062e-01, 2.714894854323445e-02, 7.333904941078915e-01, 0.000000000000000e+00, 0.000000000000000e+00, 2.625666391937817e+05, 1.000000000000000e-10, 7.727889898845415e+11, 1.050266556775126e+05, 4.988782906125814e+02, 0.000000000000000e+00, 1.030370454971517e-01, 0.000000000000000e+00, 0.000000000000000e+00, 2.666328578084195e-05, 3.179982287680574e-03, 2.781507263039372e-04, -8.991103358678240e+02, 1.588307199819382e-01, 9.490239817946482e-23
2073, 3.073284185005667e-01, 2.688795066469421e-02, 7.334305827209124e-01, 0.000000000000000e+00, 0.000000000000000e+00, 2.625816891898569e+05, 1.000000000000000e-10, 7.727480009848998e+11, 1.050326756759427e+05, 4.988796159287820e+02, 0.000000000000000e+00, 1.030666200722605e-01, 0.000000000000000e+00, 0.000000000000000e+00, 2.666333403243046e-05, 3.180964548302596e-03, 2.782556973708213e-04, -9.053534231031811e+02, 1.588593440209062e-01, 9.491261330491733e-23
2074, 3.043446445532459e-01, 2.662693561552728e-02, 7.334935518245773e-01, 0.000000000000000e+00, 0.000000000000000e+00, 2.626077205617314e+05, 1.000000000000000e-10, 7.726884172744420e+11, 1.050430882246925e+05, 4.988862408335311e+02, 0.000000000000000e+00, 1.031177740233208e-01, 0.000000000000000e+00, 0.000000000000000e+00, 2.666357522831334e-05, 3.181949028798933e-03, 2.783596539923130e-04, -9.129797364520800e+02, 1.588893466605469e-01, 9.492806939536821e-23
2075, 3.013608720169653e-01, 2.636590453531755e-02, 7.335114654116167e-01, 0.000000000000000e+00, 0.000000000000000e+00, 2.626107394081184e+05, 1.000000000000000e-10, 7.726625810145388e+11, 1.050442957632473e+05, 4.988797920716165e+02, 0.000000000000000e+00, 1.031237063238188e-01, 0.000000000000000e+00, 0.000000000000000e+00, 2.666334044536399e-05, 3.182506097111652e-03, 2.784250134831365e-04, -9.193821573379662e+02, 1.589066301893734e-01, 9.493355418307273e-23
2076, 2.983771007635985e-01, 2.610485854500675e-02, 7.335179314531056e-01, 0.000000000000000e+00, 0.000000000000000e+00, 2.626082364675819e+05, 1.000000000000000e-10, 7.726459860714795e+11, 1.050432945870327e+05, 4.988706396144268e+02, 0.000000000000000e+00, 1.031187878240053e-01, 0.000000000000000e+00, 0.000000000000000e+00, 2.666300722497981e-05, 3.182848417821277e-03, 2.784703739834127e-04, -9.249028615934138e+02, 1.589178961124629e-01, 9.493642379149538e-23
2077, 2.953933307364290e-01, 2.584379878788458e-02, 7.335219020028989e-01, 0.000000000000000e+00, 0.000000000000000e+00, 2.626045409234481e+05, 1.000000000000000e-10, 7.726313503149487e+11, 1.050418163693792e+05, 4.988609189309955e+02, 0.000000000000000e+00, 1.031115257525067e-01, 0.000000000000000e+00, 0.000000000000000e+00, 2.666265331316372e-05, 3.183245026362620e-03, 2.785192674687788e-04, -9.306096763634868e+02, 1.589303674871169e-01, 9.493872542835926e-23
2078, 2.924095618050234e-01, 2.558272639194629e-02, 7.335375954315114e-01, 0.000000000000000e+00, 0.000000000000000e+00, 2.626066704843852e+05, 1.000000000000000e-10, 7.726076064625016e+11, 1.050426681937540e+05, 4.988542915832521e+02, 0.000000000000000e+00, 1.031157105283409e-01, 0.000000000000000e+00, 0.000000000000000e+00, 2.666241202176534e-05, 3.183769804898160e-03, 2.785781647851502e-04, -9.366104209589831e+02, 1.589466341379916e-01, 9.494366218347889e-23
2079, 2.894257938830259e-01, 2.532164248677538e-02, 7.335560852257074e-01, 0.000000000000000e+00, 0.000000000000000e+00, 2.626105505888263e+05, 1.000000000000000e-10, 7.725826688085544e+11, 1.050442202355305e+05, 4.988490881709415e+02, 0.000000000000000e+00, 1.031233352771881e-01, 0.000000000000000e+00, 0.000000000000000e+00, 2.666222257243052e-05, 3.184449447825149e-03, 2.786493944242451e-04, -9.426800196462628e+02, 1.589667569541542e-01, 9.494912638237767e-23
2080, 2.864420268687000e-01, 2.506054821846400e-02, 7.336881152048551e-01, 0.000000000000000e+00, 0.000000000000000e+00, 2.626700647280851e+05, 1.000000000000000e-10, 7.724677601901116e+11, 1.050680258912340e+05, 4.988723497464829e+02, 0.000000000000000e+00, 1.032402858313776e-01, 0.000000000000000e+00, 0.000000000000000e+00, 2.666306948729143e-05, 3.185453603181122e-03, 2.787474710570994e-04, -9.536814471530286e+02, 1.590010975806384e-01, 9.498031862245440e-23
2081, 2.834582606007968e-01, 2.479944533117742e-02, 7.335994857918358e-01, 0.000000000000000e+00, 0.000000000000000e+00, 2.626203085303569e+05, 1.000000000000000e-10, 7.725249777190747e+11, 1.050481234121427e+05, 4.988381105702943e+02, 0.000000000000000e+00, 1.031425104964546e-01, 0.000000000000000e+00, 0.000000000000000e+00, 2.666182288908508e-05, 3.185280935386111e-03, 2.787399821572641e-04, -9.570781463345363e+02, 1.589946346234442e-01, 9.496181366311420e-23
2082, 2.804744948282981e-01, 2.453833689450024e-02, 7.336181573316943e-01, 0.000000000000000e+00, 0.000000000000000e+00, 2.626239137910082e+05, 1.000000000000000e-10, 7.724989746065449e+11, 1.050495655164032e+05, 4.988322623816272e+02, 0.000000000000000e+00, 1.031495951529148e-01, 0.000000000000000e+00, 0.000000000000000e+00, 2.666160996051905e-05, 3.185959568135834e-03, 2.788036026894850e-04, -9.642127163543041e+02, 1.590148735181509e-01, 9.496741947233212e-23
2083, 2.774907292519921e-01, 2.427722613673148e-02, 7.336315056818933e-01, 0.000000000000000e+00, 0.000000000000000e+00, 2.626244132126278e+05, 1.000000000000000e-10, 7.724761866215577e+11, 1.050497652850511e+05, 4.988241347721740e+02, 0.000000000000000e+00, 1.031505765606259e-01, 0.000000000000000e+00, 0.000000000000000e+00, 2.666131403757035e-05, 3.186516401692457e-03, 2.788531063013312e-04, -9.712647696337566e+02, 1.590319825850799e-01, 9.497194195428418e-23
2084, 2.745069636120411e-01, 2.401611626016752e-02, 7.336272462450687e-01, 0.000000000000000e+00, 0.000000000000000e+00, 2.626162296108789e+05, 1.000000000000000e-10, 7.724672145730652e+11, 1.050464918443515e+05, 4.988114870653722e+02, 0.000000000000000e+00, 1.031344950584531e-01, 0.000000000000000e+00, 0.000000000000000e+00, 2.666085353457307e-05, 3.187070528540653e-03, 2.788989040944859e-04, -9.775806694485336e+02, 1.590480891940682e-01, 9.497248931122813e-23
2085, 2.715231976089956e-01, 2.375501050940963e-02, 7.336437691801404e-01, 0.000000000000000e+00, 0.000000000000000e+00, 2.626187370314242e+05, 1.000000000000000e-10, 7.724428386882944e+11, 1.050474948125696e+05, 4.988050154325063e+02, 0.000000000000000e+00, 1.031394223618808e-01, 0.000000000000000e+00, 0.000000000000000e+00, 2.666061790000100e-05, 3.187867067623102e-03, 2.789624414126754e-04, -9.845047610039443e+02, 1.590711470756503e-01, 9.497761886722158e-23
2086, 2.685394309574496e-01, 2.349391208940956e-02, 7.336864838675597e-01, 0.000000000000000e+00, 0.000000000000000e+00, 2.626346610042134e+05, 1.000000000000000e-10, 7.723989082486486e+11, 1.050538644016853e+05, 4.988062188153826e+02, 0.000000000000000e+00, 1.031707143786316e-01, 0.000000000000000e+00, 0.000000000000000e+00, 2.666066171574557e-05, 3.188842158612702e-03, 2.790381385180322e-04, -9.926219891934013e+02, 1.590998222833476e-01, 9.498853936764494e-23
2087, 2.655556633864135e-01, 2.323282422417300e-02, 7.337266520189188e-01, 0.000000000000000e+00, 0.000000000000000e+00, 2.626490338900212e+05, 1.000000000000000e-10, 7.723563533415631e+11, 1.050596135560084e+05, 4.988062075379675e+02, 0.000000000000000e+00, 1.031989583721001e-01, 0.000000000000000e+00, 0.000000000000000e+00, 2.666066130512977e-05, 3.189694958511097e-03, 2.790996487179181e-04, -1.001132978624066e+03, 1.591254248966417e-01, 9.499896024684328e-23
2088, 2.625718946035611e-01, 2.297175015174918e-02, 7.336945350733799e-01, 0.000000000000000e+00, 0.000000000000000e+00, 2.626278266784431e+05, 1.000000000000000e-10, 7.723706652678031e+11, 1.050511306713772e+05, 4.987877652777955e+02, 0.000000000000000e+00, 1.031572843232480e-01, 0.000000000000000e+00, 0.000000000000000e+00, 2.665998980740489e-05, 3.190322361370198e-03, 2.791379598451763e-04, -1.007047072224858e+03, 1.591415631768298e-01, 9.499304250669831e-23
2089, 2.595881243398226e-01, 2.271069307688467e-02, 7.338210746099340e-01, 0.000000000000000e+00, 0.000000000000000e+00, 2.626843291758174e+05, 1.000000000000000e-10, 7.722594556078137e+11, 1.050737316703269e+05, 4.988090468161728e+02, 0.000000000000000e+00, 1.032683167344246e-01, 0.000000000000000e+00, 0.000000000000000e+00, 2.666076468438009e-05, 3.191545359461232e-03, 2.792253140305336e-04, -1.019615454944835e+03, 1.591811197634238e-01, 9.502308115413482e-23
2090, 2.566043523678035e-01, 2.244965547124268e-02, 7.336961234052451e-01, 0.000000000000000e+00, 0.000000000000000e+00, 2.626164199311304e+05, 1.000000000000000e-10, 7.723446143969902e+11, 1.050465679724521e+05, 4.987650216194012e+02, 0.000000000000000e+00, 1.031348690546019e-01, 0.000000000000000e+00, 0.000000000000000e+00, 2.665916167391859e-05, 3.191461469213765e-03, 2.791982479539200e-04, -1.023350884338798e+03, 1.591750029190639e-01, 9.499643425005786e-23
2091, 2.536205789005131e-01, 2.218863500182633e-02, 7.337015871290173e-01, 0.000000000000000e+00, 0.000000000000000e+00, 2.626133481807931e+05, 1.000000000000000e-10, 7.723286232492854e+11, 1.050453392723172e+05, 4.987554735489664e+02, 0.000000000000000e+00, 1.031288327931562e-01, 0.000000000000000e+00, 0.000000000000000e+00, 2.665881400715066e-05, 3.192426625045098e-03, 2.792664882867460e-04, -1.030945284825372e+03, 1.592017036818482e-01, 9.499910132717915e-23
2092, 2.506368043060388e-01, 2.192762743845497e-02, 7.337251982989992e-01, 0.000000000000000e+00, 0.000000000000000e+00, 2.626189673308459e+05, 1.000000000000000e-10, 7.722979054197719e+11, 1.050475869323383e+05, 4.987500952211906e+02, 0.000000000000000e+00, 1.031398749206395e-01, 0.000000000000000e+00, 0.000000000000000e+00, 2.665861816854000e-05, 3.193436845937279e-03, 2.793432486871815e-04, -1.039215924038080e+03, 1.592305974328246e-01, 9.500592854987473e-23
2093, 2.476530289532917e-01, 2.166662850243975e-02, 7.337669806220194e-01, 0.000000000000000e+00, 0.000000000000000e+00, 2.626333211143236e+05, 1.000000000000000e-10, 7.722524971685931e+11, 1.050533284457294e+05, 4.987489535692385e+02, 0.000000000000000e+00, 1.031680813763381e-01, 0.000000000000000e+00, 0.000000000000000e+00, 2.665857659793932e-05, 3.194557331174506e-03, 2.794342289867855e-04, -1.048333353017435e+03, 1.592632972964373e-01, 9.501691459020453e-23
2094, 2.446692532135654e-01, 2.140563397720396e-02, 7.338262683272605e-01, 0.000000000000000e+00, 0.000000000000000e+00, 2.626557425693889e+05, 1.000000000000000e-10, 7.721922121338514e+11, 1.050622970277555e+05, 4.987512339725330e+02, 0.000000000000000e+00, 1.032121415211755e-01, 0.000000000000000e+00, 0.000000000000000e+00, 2.665865963347087e-05, 3.195693932546284e-03, 2.795311895796409e-04, -1.058646030343030e+03, 1.592975608434569e-01, 9.503199517493796e-23
2095, 2.416854774633740e-01, 2.114463960047838e-02, 7.338640848547977e-01, 0.000000000000000e+00, 0.000000000000000e+00, 2.626664071844892e+05, 1.000000000000000e-10, 7.721463329816068e+11, 1.050665628737956e+05, 4.987457827343740e+02, 0.000000000000000e+00, 1.032330984343011e-01, 0.000000000000000e+00, 0.000000000000000e+00, 2.665846113909431e-05, 3.196502980162243e-03, 2.796040967244996e-04, -1.068837191895002e+03, 1.593230200415669e-01, 9.504252089481196e-23
2096, 2.387017020700124e-01, 2.088364111265619e-02, 7.337513578753774e-01, 0.000000000000000e+00, 0.000000000000000e+00, 2.626032572420868e+05, 1.000000000000000e-10, 7.722192826616693e+11, 1.050413028968346e+05, 4.987024792802803e+02, 0.000000000000000e+00, 1.031090032049493e-01, 0.000000000000000e+00, 0.000000000000000e+00, 2.665688430144495e-05, 3.196883211915441e-03, 2.796440717890286e-04, -1.073034109943207e+03, 1.593296967064125e-01, 9.501894780787905e-23
2097, 2.357179274062141e-01, 2.062263429532080e-02, 7.338065443799729e-01, 0.000000000000000e+00, 0.000000000000000e+00, 2.626216359120265e+05, 1.000000000000000e-10, 7.721583050207286e+11, 1.050486543648105e+05, 4.986998737554840e+02, 0.000000000000000e+00, 1.031451189189877e-01, 0.000000000000000e+00, 0.000000000000000e+00, 2.665678942238389e-05, 3.198217201479831e-03, 2.797720687022121e-04, -1.082569581239461e+03, 1.593695201759223e-01, 9.503359362439079e-23
2098, 2.327341538446474e-01, 2.036161486899830e-02, 7.338694420224058e-01, 0.000000000000000e+00, 0.000000000000000e+00, 2.626438457185692e+05, 1.000000000000000e-10, 7.720912912621537e+11, 1.050575382874276e+05, 4.986993029911942e+02, 0.000000000000000e+00, 1.031887631557348e-01, 0.000000000000000e+00, 0.000000000000000e+00, 2.665676863821307e-05, 3.199521568252839e-03, 2.799016987475462e-04, -1.092463343533097e+03, 1.594090048905866e-01, 9.504997795523190e-23
2099, 2.297503816917536e-01, 2.010057931078658e-02, 7.339279688311036e-01, 0.000000000000000e+00, 0.000000000000000e+00, 2.626644912696786e+05, 1.000000000000000e-10, 7.720288827870958e+11, 1.050657965078714e+05, 4.986987323557927e+02, 0.000000000000000e+00, 1.032293334920258e-01, 0.000000000000000e+00, 0.000000000000000e+00, 2.665674785872291e-05, 3.200925693264400e-03, 2.800409445644047e-04, -1.102628853968371e+03, 1.594504972918911e-01, 9.506523179321832e-23
2100, 2.267666107864191e-01, 1.983952952403963e-02, 7.340598165341323e-01, 0.000000000000000e+00, 0.000000000000000e+00, 2.627200120875647e+05, 1.000000000000000e-10, 7.719064399411101e+11, 1.050880048350258e+05, 4.987145526110732e+02, 0.000000000000000e+00, 1.033384368160710e-01, 0.000000000000000e+00, 0.000000000000000e+00, 2.665732394310383e-05, 3.202440416876130e-03, 2.801864055297093e-04, -1.116435084916977e+03, 1.594991260901202e-01, 9.509736739089015e-23
2101, 2.237828407341149e-01, 1.957847003376119e-02, 7.340136600255578e-01, 0.000000000000000e+00, 0.000000000000000e+00, 2.626872818324692e+05, 1.000000000000000e-10, 7.719224087968497e+11, 1.050749127329876e+05, 4.986837780600550e+02, 0.000000000000000e+00, 1.032741189662314e-01, 0.000000000000000e+00, 0.000000000000000e+00, 2.665620329868385e-05, 3.202975614960689e-03, 2.802413071469753e-04, -1.124207029544782e+03, 1.595141616739435e-01, 9.508941698090749e-23
2102, 2.207990711395342e-01, 1.931740531451299e-02, 7.339797342078208e-01, 0.000000000000000e+00, 0.000000000000000e+00, 2.626618792399367e+05, 1.000000000000000e-10, 7.719314429542792e+11, 1.050647516959746e+05, 4.986586017494657e+02, 0.000000000000000e+00, 1.032242006222627e-01, 0.000000000000000e+00, 0.000000000000000e+00, 2.665528648461755e-05, 3.204018375508979e-03, 2.803357458257805e-04, -1.132167696893051e+03, 1.595419325045993e-01, 9.508390767357843e-23
2103, 2.178153015983557e-01, 1.905633990268732e-02, 7.340556536611317e-01, 0.000000000000000e+00, 0.000000000000000e+00, 2.626902621985232e+05, 1.000000000000000e-10, 7.718536933277687e+11, 1.050761048794092e+05, 4.986609070914127e+02, 0.000000000000000e+00, 1.032799756494674e-01, 0.000000000000000e+00, 0.000000000000000e+00, 2.665537043639136e-05, 3.205576548103699e-03, 2.804703874057263e-04, -1.144528385535115e+03, 1.595884685106597e-01, 9.510330439949502e-23
2104, 2.148315317229560e-01, 1.879527830649731e-02, 7.340622103618533e-01, 0.000000000000000e+00, 0.000000000000000e+00, 2.626837745904534e+05, 1.000000000000000e-10, 7.718288956489161e+11, 1.050735098361813e+05, 4.986441377962552e+02, 0.000000000000000e+00, 1.032672269250707e-01, 0.000000000000000e+00, 0.000000000000000e+00, 2.665475975777535e-05, 3.206631791324592e-03, 2.805561513422825e-04, -1.155030203631672e+03, 1.596190893625119e-01, 9.510720019138653e-23
2105, 2.118477611228740e-01, 1.853422501774481e-02, 7.340499618679037e-01, 0.000000000000000e+00, 0.000000000000000e+00, 2.626679060764848e+05, 1.000000000000000e-10, 7.718186029847136e+11, 1.050671624305939e+05, 4.986223350739756e+02, 0.000000000000000e+00, 1.032360438898137e-01, 0.000000000000000e+00, 0.000000000000000e+00, 2.665396576300924e-05, 3.207712998318590e-03, 2.806392887916058e-04, -1.164916070122957e+03, 1.596493961116007e-01, 9.510687513243696e-23
2106, 2.088639893988309e-01, 1.827318457973493e-02, 7.340500542026672e-01, 0.000000000000000e+00, 0.000000000000000e+00, 2.626583755222284e+05, 1.000000000000000e-10, 7.717991310665822e+11, 1.050633502088913e+05, 4.986041805098290e+02, 0.000000000000000e+00, 1.032173155066781e-01, 0.000000000000000e+00, 0.000000000000000e+00, 2.665330460984520e-05, 3.208991775139042e-03, 2.807348055345814e-04, -1.175191369975600e+03, 1.596851513111592e-01, 9.510927681671082e-23
2107, 2.058802161593342e-01, 1.801216148743687e-02, 7.340645573295503e-01, 0.000000000000000e+00, 0.000000000000000e+00, 2.626562171007372e+05, 1.000000000000000e-10, 7.717688895120264e+11, 1.050624868402948e+05, 4.985902321932610e+02, 0.000000000000000e+00, 1.032130740172991e-01, 0.000000000000000e+00, 0.000000000000000e+00, 2.665279663108811e-05, 3.210439097462833e-03, 2.808414303222983e-04, -1.185804434040887e+03, 1.597257367721071e-01, 9.511486875977378e-23
2108, 2.028964412111404e-01, 1.775115792927684e-02, 7.340819103348445e-01, 0.000000000000000e+00, 0.000000000000000e+00, 2.626556246283489e+05, 1.000000000000000e-10, 7.717367936868630e+11, 1.050622498513395e+05, 4.985773213485000e+02, 0.000000000000000e+00, 1.032119097565869e-01, 0.000000000000000e+00, 0.000000000000000e+00, 2.665232642885049e-05, 3.212008922952564e-03, 2.809603198379329e-04, -1.196290698172742e+03, 1.597694501585742e-01, 9.512106179077759e-23
2109, 1.999126649985070e-01, 1.749016882707588e-02, 7.341417633053261e-01, 0.000000000000000e+00, 0.000000000000000e+00, 2.626756833419413e+05, 1.000000000000000e-10, 7.716708756219595e+11, 1.050702733367765e+05, 4.985747461142277e+02, 0.000000000000000e+00, 1.032513269051870e-01, 0.000000000000000e+00, 0.000000000000000e+00, 2.665223264017671e-05, 3.213837569117187e-03, 2.811081254421046e-04, -1.208867560972325e+03, 1.598219745604816e-01, 9.513693083961123e-23
2110, 1.969288880917732e-01, 1.722918765704485e-02, 7.342023439816687e-01, 0.000000000000000e+00, 0.000000000000000e+00, 2.626950062434720e+05, 1.000000000000000e-10, 7.716021690682117e+11, 1.050780024973887e+05, 4.985702806374871e+02, 0.000000000000000e+00, 1.032892981179224e-01, 0.000000000000000e+00, 0.000000000000000e+00, 2.665207000925318e-05, 3.215498353821367e-03, 2.812483613835029e-04, -1.222138343380233e+03, 1.598708244997112e-01, 9.515323868269688e-23
2111, 1.939451110677280e-01, 1.696820781829331e-02, 7.341970712700633e-01, 0.000000000000000e+00, 0.000000000000000e+00, 2.626809602125572e+05, 1.000000000000000e-10, 7.715831874772285e+11, 1.050723840850228e+05, 4.985472029412276e+02, 0.000000000000000e+00, 1.032616964232645e-01, 0.000000000000000e+00, 0.000000000000000e+00, 2.665122951608730e-05, 3.216781895413047e-03, 2.813627253633787e-04, -1.232943989014401e+03, 1.599072025422428e-01, 9.515488966970744e-23
2112, 1.909613345011753e-01, 1.670722278762151e-02, 7.342055629964205e-01, 0.000000000000000e+00, 0.000000000000000e+00, 2.626738100154806e+05, 1.000000000000000e-10, 7.715537046089943e+11, 1.050695240061922e+05, 4.985278664705012e+02, 0.000000000000000e+00, 1.032476456527907e-01, 0.000000000000000e+00, 0.000000000000000e+00, 2.665052526284374e-05, 3.218363194433110e-03, 2.815102399022775e-04, -1.243781477510909e+03, 1.599516726492505e-01, 9.515962124188681e-23
2113, 1.879775589637462e-01, 1.644622601483276e-02, 7.343210777519023e-01, 0.000000000000000e+00, 0.000000000000000e+00, 2.627186845172840e+05, 1.000000000000000e-10, 7.714389994238809e+11, 1.050874738069136e+05, 4.985345977198688e+02, 0.000000000000000e+00, 1.033358280229005e-01, 0.000000000000000e+00, 0.000000000000000e+00, 2.665077042321576e-05, 3.220381439906588e-03, 2.817031298432299e-04, -1.258954243101137e+03, 1.600129674769848e-01, 9.518872269481600e-23
2114, 1.849937850264682e-01, 1.618521090924972e-02, 7.342980036033790e-01, 0.000000000000000e+00, 0.000000000000000e+00, 2.626947116869525e+05, 1.000000000000000e-10, 7.714317170188199e+11, 1.050778846747809e+05, 4.985047711399910e+02, 0.000000000000000e+00, 1.032887192882757e-01, 0.000000000000000e+00, 0.000000000000000e+00, 2.664968408902969e-05, 3.221740603136982e-03, 2.818455091623936e-04, -1.268856328584410e+03, 1.600507907404752e-01, 9.518663129144441e-23
2115, 1.820100132627795e-01, 1.592417096331770e-02, 7.344858792034958e-01, 0.000000000000000e+00, 0.000000000000000e+00, 2.627734916562657e+05, 1.000000000000000e-10, 7.712569357704167e+11, 1.051093966625062e+05, 4.985267168293820e+02, 0.000000000000000e+00, 1.034435289046956e-01, 0.000000000000000e+00, 0.000000000000000e+00, 2.665048339132414e-05, 3.224053563641398e-03, 2.820779446866662e-04, -1.287243073999146e+03, 1.601239759038104e-01, 9.523253049338238e-23
2116, 1.790262441636915e-01, 1.566310058193105e-02, 7.344643102195219e-01, 0.000000000000000e+00, 0.000000000000000e+00, 2.627477369766873e+05, 1.000000000000000e-10, 7.712432646441779e+11, 1.050990947906748e+05, 4.984924945314348e+02, 0.000000000000000e+00, 1.033929186785008e-01, 0.000000000000000e+00, 0.000000000000000e+00, 2.664923694417416e-05, 3.224900662665942e-03, 2.821837168514047e-04, -1.298730939834618e+03, 1.601502173534395e-01, 9.523141107861317e-23
2117, 1.760424774861152e-01, 1.540200249921661e-02, 7.343945245772490e-01, 0.000000000000000e+00, 0.000000000000000e+00, 2.626992897642381e+05, 1.000000000000000e-10, 7.712695542895172e+11, 1.050797159056952e+05, 4.984479394803445e+02, 0.000000000000000e+00, 1.032977156155744e-01, 0.000000000000000e+00, 0.000000000000000e+00, 2.664761408789749e-05, 3.225973630624436e-03, 2.823040387558366e-04, -1.307914152916803e+03, 1.601790587665695e-01, 9.521912151644152e-23
2118, 1.730587126282834e-01, 1.514088358739150e-02, 7.344811949210088e-01, 0.000000000000000e+00, 0.000000000000000e+00, 2.627281179675036e+05, 1.000000000000000e-10, 7.711738422991168e+11, 1.050912471870014e+05, 4.984438139944023e+02, 0.000000000000000e+00, 1.033543655880041e-01, 0.000000000000000e+00, 0.000000000000000e+00, 2.664746381882570e-05, 3.227971779730926e-03, 2.824977946291323e-04, -1.322607621483131e+03, 1.602390569084414e-01, 9.524216198295409e-23
2119, 1.700749489832139e-01, 1.487975083269286e-02, 7.345191166221069e-01, 0.000000000000000e+00, 0.000000000000000e+00, 2.627331484038265e+05, 1.000000000000000e-10, 7.711166850243417e+11, 1.050932593615305e+05, 4.984276235473935e+02, 0.000000000000000e+00, 1.033642508408717e-01, 0.000000000000000e+00, 0.000000000000000e+00, 2.664687408222707e-05, 3.229585227584203e-03, 2.826503391647644e-04, -1.335851833995425e+03, 1.602868076766571e-01, 9.525412773652318e-23
2120, 1.670911859475324e-01, 1.461861112160160e-02, 7.345657541749304e-01, 0.000000000000000e+00, 0.000000000000000e+00, 2.627428598956730e+05, 1.000000000000000e-10, 7.710534979821956e+11, 1.050971439582691e+05, 4.984144007704363e+02, 0.000000000000000e+00, 1.033833347823955e-01, 0.000000000000000e+00, 0.000000000000000e+00, 2.664639243530547e-05, 3.231358509211955e-03, 2.828093317489524e-04, -1.349381367954593e+03, 1.603388025804157e-01, 9.526796976641200e-23
2121, 1.641074229105502e-01, 1.435747140873131e-02, 7.346470971870611e-01, 0.000000000000000e+00, 0.000000000000000e+00, 2.627698986489781e+05, 1.000000000000000e-10, 7.709636397034623e+11, 1.051079594595912e+05, 4.984105003000713e+02, 0.000000000000000e+00, 1.034364683271802e-01, 0.000000000000000e+00, 0.000000000000000e+00, 2.664625035721815e-05, 3.233328809566186e-03, 2.829779760790206e-04, -1.364507647325382e+03, 1.603974050782364e-01, 9.528960677082128e-23
2122, 1.611236592635977e-01, 1.409633865174909e-02, 7.347502705047541e-01, 0.000000000000000e+00, 0.000000000000000e+00, 2.628070250443003e+05, 1.000000000000000e-10, 7.708553483142489e+11, 1.051228100177201e+05, 4.984109235530026e+02, 0.000000000000000e+00, 1.035094249818855e-01, 0.000000000000000e+00, 0.000000000000000e+00, 2.664626577460987e-05, 3.235141779569775e-03, 2.831252807744604e-04, -1.381398310930645e+03, 1.604535157499647e-01, 9.531635302772490e-23
2123, 1.581398944053235e-01, 1.383521974290275e-02, 7.347478623617026e-01, 0.000000000000000e+00, 0.000000000000000e+00, 2.627919551308625e+05, 1.000000000000000e-10, 7.708291565602012e+11, 1.051167820523450e+05, 4.983839770640591e+02, 0.000000000000000e+00, 1.034798112673954e-01, 0.000000000000000e+00, 0.000000000000000e+00, 2.664528420903573e-05, 3.236229005601959e-03, 2.832019204403252e-04, -1.395095783814860e+03, 1.604860840532771e-01, 9.531926445450010e-23
2124, 1.551561277953125e-01, 1.357412085777314e-02, 7.347178998217994e-01, 0.000000000000000e+00, 0.000000000000000e+00, 2.627638979777379e+05, 1.000000000000000e-10, 7.708257088123624e+11, 1.051055591910951e+05, 4.983510892095376e+02, 0.000000000000000e+00, 1.034246764767763e-01, 0.000000000000000e+00, 0.000000000000000e+00, 2.664408618187833e-05, 3.237372561870791e-03, 2.832793554595899e-04, -1.407636952825896e+03, 1.605183319222749e-01, 9.531579559385548e-23
2125, 1.521723593145455e-01, 1.331304336008285e-02, 7.347842108249080e-01, 0.000000000000000e+00, 0.000000000000000e+00, 2.627830332700295e+05, 1.000000000000000e-10, 7.707465809703331e+11, 1.051132133080117e+05, 4.983424034591433e+02, 0.000000000000000e+00, 1.034622790207425e-01, 0.000000000000000e+00, 0.000000000000000e+00, 2.664376977334746e-05, 3.238940711366109e-03, 2.833934162209312e-04, -1.424057669742942e+03, 1.605663061347846e-01, 9.533416484009248e-23
2126, 1.491885889996145e-01, 1.305198681567439e-02, 7.347708514885644e-01, 0.000000000000000e+00, 0.000000000000000e+00, 2.627628414483770e+05, 1.000000000000000e-10, 7.707295044816406e+11, 1.051051365793508e+05, 4.983131716220084e+02, 0.000000000000000e+00, 1.034226003030165e-01, 0.000000000000000e+00, 0.000000000000000e+00, 2.664270488073347e-05, 3.239920935155346e-03, 2.834564955236148e-04, -1.437914183739673e+03, 1.605955109179865e-01, 9.533453183298867e-23
2127, 1.462048168923847e-01, 1.279095078568702e-02, 7.347814913766414e-01, 0.000000000000000e+00, 0.000000000000000e+00, 2.627544315001811e+05, 1.000000000000000e-10, 7.706936333970521e+11, 1.051017726000724e+05, 4.982900071704460e+02, 0.000000000000000e+00, 1.034060740100302e-01, 0.000000000000000e+00, 0.000000000000000e+00, 2.664186099435410e-05, 3.241096466298836e-03, 2.835371243263185e-04, -1.452397764318326e+03, 1.606308454947872e-01, 9.534033703255372e-23
2128, 1.432210430288785e-01, 1.252993483683903e-02, 7.348283577022214e-01, 0.000000000000000e+00, 0.000000000000000e+00, 2.627637551375266e+05, 1.000000000000000e-10, 7.706292769141067e+11, 1.051055020550106e+05, 4.982759072372433e+02, 0.000000000000000e+00, 1.034243957831114e-01, 0.000000000000000e+00, 0.000000000000000e+00, 2.664134732018986e-05, 3.242403184303738e-03, 2.836296900582145e-04, -1.468324878702458e+03, 1.606713978976815e-01, 9.535436557812285e-23
2129, 1.402372674469926e-01, 1.226893853014851e-02, 7.349043280806317e-01, 0.000000000000000e+00, 0.000000000000000e+00, 2.627868275089752e+05, 1.000000000000000e-10, 7.705410106435482e+11, 1.051147310035900e+05, 4.982681455586348e+02, 0.000000000000000e+00, 1.034697350362868e-01, 0.000000000000000e+00, 0.000000000000000e+00, 2.664106455142477e-05, 3.243633156864359e-03, 2.837160049696372e-04, -1.485904501088779e+03, 1.607118364369094e-01, 9.537512771366927e-23
2130, 1.372534901869490e-01, 1.200796142928077e-02, 7.349492179280421e-01, 0.000000000000000e+00, 0.000000000000000e+00, 2.627937639382656e+05, 1.000000000000000e-10, 7.704752994076195e+11, 1.051175055753062e+05, 4.982508632257056e+02, 0.000000000000000e+00, 1.034833657341296e-01, 0.000000000000000e+00, 0.000000000000000e+00, 2.664043492346920e-05, 3.244337067794567e-03, 2.837568394954917e-04, -1.503197793188934e+03, 1.607379368402118e-01, 9.538906669384378e-23
2131, 1.342697112974882e-01, 1.174700297378958e-02, 7.348619488976776e-01, 0.000000000000000e+00, 0.000000000000000e+00, 2.627364408602417e+05, 1.000000000000000e-10, 7.705144447768354e+11, 1.050945763440966e+05, 4.982013372165088e+02, 0.000000000000000e+00, 1.033707208093063e-01, 0.000000000000000e+00, 0.000000000000000e+00, 2.663863053272171e-05, 3.244498580641415e-03, 2.837535705091517e-04, -1.515480329858194e+03, 1.607432440837825e-01, 9.537289051630800e-23
2132, 1.312859312617379e-01, 1.148605762499011e-02, 7.349521939954169e-01, 0.000000000000000e+00, 0.000000000000000e+00, 2.627657287533124e+05, 1.000000000000000e-10, 7.704134342885468e+11, 1.051062915013249e+05, 4.981956917979597e+02, 0.000000000000000e+00, 1.034282741129131e-01, 0.000000000000000e+00, 0.000000000000000e+00, 2.663842484597700e-05, 3.245590012972103e-03, 2.838409571426731e-04, -1.534318521416999e+03, 1.607813739455452e-01, 9.539708746887587e-23
2133, 1.283021510800235e-01, 1.122511388824220e-02, 7.349867760152460e-01, 0.000000000000000e+00, 0.000000000000000e+00, 2.627666555183433e+05, 1.000000000000000e-10, 7.703539208571791e+11, 1.051066622073373e+05, 4.981740081211749e+02, 0.000000000000000e+00, 1.034300952882726e-01, 0.000000000000000e+00, 0.000000000000000e+00, 2.663763480525871e-05, 3.245987113862206e-03, 2.838804841477050e-04, -1.551789691906597e+03, 1.607997716646635e-01, 9.540892650839868e-23
2134, 1.253183718051605e-01, 1.096415978365896e-02, 7.349940443498894e-01, 0.000000000000000e+00, 0.000000000000000e+00, 2.627536752106796e+05, 1.000000000000000e-10, 7.703148100047804e+11, 1.051014700842718e+05, 4.981444728325340e+02, 0.000000000000000e+00, 1.034045878341833e-01, 0.000000000000000e+00, 0.000000000000000e+00, 2.663655866284661e-05, 3.246227217846927e-03, 2.839194214613525e-04, -1.568195453516259e+03, 1.608130491128077e-01, 9.541469701328685e-23
2135, 1.223345944871655e-01, 1.070318332033024e-02, 7.350728657630573e-01, 0.000000000000000e+00, 0.000000000000000e+00, 2.627748609220759e+05, 1.000000000000000e-10, 7.702177659363453e+11, 1.051099443688303e+05, 4.981312179651387e+02, 0.000000000000000e+00, 1.034462196332741e-01, 0.000000000000000e+00, 0.000000000000000e+00, 2.663607569977704e-05, 3.246800362482220e-03, 2.840005677103598e-04, -1.587112191106974e+03, 1.608388511785731e-01, 9.543692892624912e-23
2136, 1.193508201618721e-01, 1.044217263775415e-02, 7.352024681803143e-01, 0.000000000000000e+00, 0.000000000000000e+00, 2.628190601820339e+05, 1.000000000000000e-10, 7.700771785960575e+11, 1.051276240728135e+05, 4.981271786689326e+02, 0.000000000000000e+00, 1.035330750933586e-01, 0.000000000000000e+00, 0.000000000000000e+00, 2.663592851995206e-05, 3.247437992237365e-03, 2.841004681851439e-04, -1.607960781027536e+03, 1.608698072368968e-01, 9.547115361032558e-23
2137, 1.163670498822792e-01, 1.018111570265238e-02, 7.354097975488123e-01, 0.000000000000000e+00, 0.000000000000000e+00, 2.628983741894250e+05, 1.000000000000000e-10, 7.698697302174209e+11, 1.051593496757699e+05, 4.981370282007172e+02, 0.000000000000000e+00, 1.036889341418954e-01, 0.000000000000000e+00, 0.000000000000000e+00, 2.663628740619222e-05, 3.248027544712789e-03, 2.842089897012396e-04, -1.632389912698166e+03, 1.609050468644103e-01, 9.552377129251785e-23
2138, 1.133832846398260e-01, 9.920001191121006e-03, 7.355464893927874e-01, 0.000000000000000e+00, 0.000000000000000e+00, 2.629415046144362e+05, 1.000000000000000e-10, 7.697145206213258e+11, 1.051766018457744e+05, 4.981261637290927e+02, 0.000000000000000e+00, 1.037736892466539e-01, 0.000000000000000e+00, 0.000000000000000e+00, 2.663589153849119e-05, 3.247640107330397e-03, 2.842357351941734e-04, -1.656184332649163e+03, 1.609129241078333e-01, 9.556075447430820e-23
2139, 1.103995240375112e-01, 9.658833664088646e-03, 7.354714602187469e-01, 0.000000000000000e+00, 0.000000000000000e+00, 2.628825832269805e+05, 1.000000000000000e-10, 7.697286692026306e+11, 1.051530332907921e+05, 4.980653458510176e+02, 0.000000000000000e+00, 1.036579035022514e-01, 0.000000000000000e+00, 0.000000000000000e+00, 2.663367543780376e-05, 3.246247237357962e-03, 2.841594624652999e-04, -1.673473515262075e+03, 1.608836920085149e-01, 9.554923678625074e-23
2140, 1.074157660804793e-01, 9.397635905273040e-03, 7.355090576737640e-01, 0.000000000000000e+00, 0.000000000000000e+00, 2.628791178390921e+05, 1.000000000000000e-10, 7.696551635710798e+11, 1.051516471356368e+05, 4.980333206540029e+02, 0.000000000000000e+00, 1.036510937081575e-01, 0.000000000000000e+00, 0.000000000000000e+00, 2.663250843539808e-05, 3.245668029579010e-03, 2.841290733232592e-04, -1.695302548033695e+03, 1.608805434042588e-01, 9.556322837404533e-23
2141, 1.044320087211906e-01, 9.136431316893434e-03, 7.355707056506223e-01, 0.000000000000000e+00, 0.000000000000000e+00, 2.628873005862642e+05, 1.000000000000000e-10, 7.695625245823687e+11, 1.051549202345056e+05, 4.980070818096819e+02, 0.000000000000000e+00, 1.036671735310111e-01, 0.000000000000000e+00, 0.000000000000000e+00, 2.663155225844162e-05, 3.244986286186184e-03, 2.840638858836343e-04, -1.719521141540167e+03, 1.608761516792307e-01, 9.558272036058352e-23
2142, 1.014482498852685e-01, 8.875243608362162e-03, 7.356013397321397e-01, 0.000000000000000e+00, 0.000000000000000e+00, 2.628799914283091e+05, 1.000000000000000e-10, 7.694935390845244e+11, 1.051519965713236e+05, 4.979724966211867e+02, 0.000000000000000e+00, 1.036528103883336e-01, 0.000000000000000e+00, 0.000000000000000e+00, 2.663029188876427e-05, 3.243920079772106e-03, 2.839391322588399e-04, -1.744255398987137e+03, 1.608606145914766e-01, 9.559524696353379e-23
2143, 9.846448750771700e-02, 8.614096378478753e-03, 7.355734368292010e-01, 0.000000000000000e+00, 0.000000000000000e+00, 2.628441686968576e+05, 1.000000000000000e-10, 7.694706521642284e+11, 1.051376674787430e+05, 4.979235250514743e+02, 0.000000000000000e+00, 1.035824155485862e-01, 0.000000000000000e+00, 0.000000000000000e+00, 2.662850716349742e-05, 3.242483714357573e-03, 2.837561907091228e-04, -1.768226760005935e+03, 1.608326024534476e-01, 9.559444120401216e-23
2144, 9.548071952889296e-02, 8.353013172980723e-03, 7.355019114789126e-01, 0.000000000000000e+00, 0.000000000000000e+00, 2.627893007998456e+05, 1.000000000000000e-10, 7.694864408511808e+11, 1.051157203199382e+05, 4.978679965334864e+02, 0.000000000000000e+00, 1.034745952718807e-01, 0.000000000000000e+00, 0.000000000000000e+00, 2.662648336215521e-05, 3.241479497622292e-03, 2.835898247968189e-04, -1.791283091682170e+03, 1.608119295302001e-01, 9.558315777649861e-23
2145, 9.249694460639568e-02, 8.092009335480462e-03, 7.358120449555586e-01, 0.000000000000000e+00, 0.000000000000000e+00, 2.629153406113434e+05, 1.000000000000000e-10, 7.691914926640421e+11, 1.051661362445373e+05, 4.978968411506076e+02, 0.000000000000000e+00, 1.037222746635040e-01, 0.000000000000000e+00, 0.000000000000000e+00, 2.662753465284652e-05, 3.241691030642159e-03, 2.835304858111920e-04, -1.830176114736074e+03, 1.608445600165800e-01, 9.566007877530878e-23
2146, 8.951316418556944e-02, 7.831068345542149e-03, 7.356575072501705e-01, 0.000000000000000e+00, 0.000000000000000e+00, 2.628144598480255e+05, 1.000000000000000e-10, 7.692616894911108e+11, 1.051257839392101e+05, 4.978103496477754e+02, 0.000000000000000e+00, 1.035240350296284e-01, 0.000000000000000e+00, 0.000000000000000e+00, 2.662438222632305e-05, 3.239284759028685e-03, 2.832648226726317e-04, -1.854565289702972e+03, 1.607868838067011e-01, 9.563125314810127e-23
2147, 8.652938043421422e-02, 7.570165430800899e-03, 7.358143530084253e-01, 0.000000000000000e+00, 0.000000000000000e+00, 2.628591993593816e+05, 1.000000000000000e-10, 7.690745241193423e+11, 1.051436797437526e+05, 4.977889620235882e+02, 0.000000000000000e+00, 1.036119521315546e-01, 0.000000000000000e+00, 0.000000000000000e+00, 2.662360264878354e-05, 3.238541388164682e-03, 2.831717272578651e-04, -1.889799113304330e+03, 1.607902184799267e-01, 9.567489189277064e-23
2148, 8.354559551994442e-02, 7.309275808707348e-03, 7.359370771744006e-01, 0.000000000000000e+00, 0.000000000000000e+00, 2.628843353167104e+05, 1.000000000000000e-10, 7.689082164830404e+11, 1.051537341266841e+05, 4.977535444298692e+02, 0.000000000000000e+00, 1.036613465137350e-01, 0.000000000000000e+00, 0.000000000000000e+00, 2.662231164023046e-05, 3.237063420435260e-03, 2.830413580238489e-04, -1.926018895473916e+03, 1.607747234351752e-01, 9.571151077690217e-23
2149, 8.056181158722123e-02, 7.048374977178399e-03, 7.359615234540975e-01, 0.000000000000000e+00, 0.000000000000000e+00, 2.628612056980420e+05, 1.000000000000000e-10, 7.688184509928052e+11, 1.051444822792167e+05, 4.976932177552807e+02, 0.000000000000000e+00, 1.036158947647027e-01, 0.000000000000000e+00, 0.000000000000000e+00, 2.662011255601025e-05, 3.235153208699504e-03, 2.829001559997594e-04, -1.961056846731394e+03, 1.607432823820194e-01, 9.572583375699089e-23
2150, 7.757803080773917e-02, 6.787438084459300e-03, 7.360801494278875e-01, 0.000000000000000e+00, 0.000000000000000e+00, 2.628772531740458e+05, 1.000000000000000e-10, 7.686412352140718e+11, 1.051509012696183e+05, 4.976433888861994e+02, 0.000000000000000e+00, 1.036474294762076e-01, 0.000000000000000e+00, 0.000000000000000e+00, 2.661829603974947e-05, 3.233524192419091e-03, 2.828066136349049e-04, -1.999767338001652e+03, 1.607268314344195e-01, 9.576329678057638e-23
2151, 7.459425470808932e-02, 6.526447676737085e-03, 7.363849690779450e-01, 0.000000000000000e+00, 0.000000000000000e+00, 2.629743451270370e+05, 1.000000000000000e-10, 7.682984090572706e+11, 1.051897380508147e+05, 4.976211192438725e+02, 0.000000000000000e+00, 1.038382237622557e-01, 0.000000000000000e+00, 0.000000000000000e+00, 2.661748416622688e-05, 3.231885224177607e-03, 2.827192269276920e-04, -2.045492113177280e+03, 1.607243832160899e-01, 9.584563856365481e-23
2152, 7.161048289673884e-02, 6.265408242733935e-03, 7.365146575953897e-01, 0.000000000000000e+00, 0.000000000000000e+00, 2.629869239701275e+05, 1.000000000000000e-10, 7.680948257390535e+11, 1.051947695880509e+05, 4.975572945822391e+02, 0.000000000000000e+00, 1.038629423029054e-01, 0.000000000000000e+00, 0.000000000000000e+00, 2.661515723358377e-05, 3.228956824439530e-03, 2.825116951740311e-04, -2.087999720843530e+03, 1.606798486642763e-01, 9.588786651963035e-23
2153, 6.862671460075610e-02, 6.004328626094666e-03, 7.365022668246214e-01, 0.000000000000000e+00, 0.000000000000000e+00, 2.629330370912423e+05, 1.000000000000000e-10, 7.680082655688752e+11, 1.051732148364969e+05, 4.974637125608421e+02, 0.000000000000000e+00, 1.037570498136978e-01, 0.000000000000000e+00, 0.000000000000000e+00, 2.661174511146597e-05, 3.225572665926342e-03, 2.822546279040176e-04, -2.127758763585236e+03, 1.606149497275231e-01, 9.589700881001527e-23
2154, 6.564294905850293e-02, 5.743217544378613e-03, 7.366410033581636e-01, 0.000000000000000e+00, 0.000000000000000e+00, 2.629467495918645e+05, 1.000000000000000e-10, 7.677910785794166e+11, 1.051786998367457e+05, 4.973959607615735e+02, 0.000000000000000e+00, 1.037839960917933e-01, 0.000000000000000e+00, 0.000000000000000e+00, 2.660927457792383e-05, 3.222218842788011e-03, 2.819905864847025e-04, -2.172916343156117e+03, 1.605615161917615e-01, 9.594213759103389e-23
2155, 6.265918549911749e-02, 5.482083827296463e-03, 7.366870514972320e-01, 0.000000000000000e+00, 0.000000000000000e+00, 2.629162730017152e+05, 1.000000000000000e-10, 7.676484739460168e+11, 1.051665092006860e+05, 4.973072234072388e+02, 0.000000000000000e+00, 1.037241068931566e-01, 0.000000000000000e+00, 0.000000000000000e+00, 2.660603854414433e-05, 3.217758958415063e-03, 2.816198593421034e-04, -2.216074739361870e+03, 1.604749339421120e-01, 9.596589136963293e-23
2156, 5.967542311203577e-02, 5.220936714961789e-03, 7.367020228153541e-01, 0.000000000000000e+00, 0.000000000000000e+00, 2.628720510143900e+05, 1.000000000000000e-10, 7.675330037144642e+11, 1.051488204057559e+05, 4.972134727165945e+02, 0.000000000000000e+00, 1.036372067717830e-01, 0.000000000000000e+00, 0.000000000000000e+00, 2.660261934977532e-05, 3.212545334617328e-03, 2.811708939618707e-04, -2.258442281316208e+03, 1.603671295259773e-01, 9.598221287381572e-23
2157, 5.669166073306005e-02, 4.959789478596838e-03, 7.367428759456888e-01, 0.000000000000000e+00, 0.000000000000000e+00, 2.628404002621224e+05, 1.000000000000000e-10, 7.673972375934078e+11, 1.051361601048489e+05, 4.971260387383464e+02, 0.000000000000000e+00, 1.035750102406006e-01, 0.000000000000000e+00, 0.000000000000000e+00, 2.659943022142500e-05, 3.206398464480779e-03, 2.806245276060716e-04, -2.300682649497318e+03, 1.602372664814617e-01, 9.600445206845640e-23
2158, 5.370789698943705e-02, 4.698657834878078e-03, 7.368178637413786e-01, 0.000000000000000e+00, 0.000000000000000e+00, 2.628255381610974e+05, 1.000000000000000e-10, 7.672351381002235e+11, 1.051302152644389e+05, 4.970473382437926e+02, 0.000000000000000e+00, 1.035458048959054e-01, 0.000000000000000e+00, 0.000000000000000e+00, 2.659655938699512e-05, 3.198958882744685e-03, 2.799481815418162e-04, -2.341400909196313e+03, 1.600766319008995e-01, 9.603444350938584e-23
2159, 5.072413052362905e-02, 4.437557311300991e-03, 7.368555003725689e-01, 0.000000000000000e+00, 0.000000000000000e+00, 2.627988308149825e+05, 1.000000000000000e-10, 7.671149717953418e+11, 1.051195323259929e+05, 4.969714448718724e+02, 0.000000000000000e+00, 1.034933225955986e-01, 0.000000000000000e+00, 0.000000000000000e+00, 2.659379071976601e-05, 3.190351096975271e-03, 2.791529153021598e-04, -2.377835156454901e+03, 1.598817539930557e-01, 9.605432934907599e-23
2160, 4.774035996174524e-02, 4.176503592972497e-03, 7.372864420642863e-01, 0.000000000000000e+00, 0.000000000000000e+00, 2.629515056520050e+05, 1.000000000000000e-10, 7.666633768741418e+11, 1.051806022608019e+05, 4.969695168837579e+02, 0.000000000000000e+00, 1.037933421711640e-01, 0.000000000000000e+00, 0.000000000000000e+00, 2.659372038184921e-05, 3.179299542452783e-03, 2.781305261514847e-04, -2.420805568819563e+03, 1.596515602699343e-01, 9.616705113846340e-23
2161, 4.475658446925255e-02, 3.915506242575182e-03, 7.370050215381234e-01, 0.000000000000000e+00, 0.000000000000000e+00, 2.627949596645058e+05, 1.000000000000000e-10, 7.668438753451235e+11, 1.051179838658023e+05, 4.968633017942751e+02, 0.000000000000000e+00, 1.034857154420847e-01, 0.000000000000000e+00, 0.000000000000000e+00, 2.658984515869941e-05, 3.163704194625593e-03, 2.767157190853446e-04, -2.438011019487498e+03, 1.592522096978719e-01, 9.610768677176366e-23
2162, 4.177280563874736e-02, 3.654547055925063e-03, 7.372002076226041e-01, 0.000000000000000e+00, 0.000000000000000e+00, 2.628692348541669e+05, 1.000000000000000e-10, 7.666495144627529e+11, 1.051476939416667e+05, 4.968721429605642e+02, 0.000000000000000e+00, 1.036316727675466e-01, 0.000000000000000e+00, 0.000000000000000e+00, 2.659016774274158e-05, 3.144829654329510e-03, 2.750384786487769e-04, -2.455147808924386e+03, 1.587954919735026e-01, 9.615746738906115e-23
2163, 3.878902580401168e-02, 3.393599355098600e-03, 7.368180246084893e-01, 0.000000000000000e+00, 0.000000000000000e+00, 2.627170251097665e+05, 1.000000000000000e-10, 7.670156955711674e+11, 1.050868100439065e+05, 4.968420133220636e+02, 0.000000000000000e+00, 1.033325671401720e-01, 0.000000000000000e+00, 0.000000000000000e+00, 2.658906840223133e-05, 3.118143680229345e-03, 2.727064266163562e-04, -2.438505106743885e+03, 1.580858616734670e-01, 9.606173218841090e-23
2164, 3.580524727800659e-02, 3.132636687746494e-03, 7.370245579891603e-01, 0.000000000000000e+00, 0.000000000000000e+00, 2.628666693103439e+05, 1.000000000000000e-10, 7.669525955912958e+11, 1.051466677241375e+05, 4.969857083234850e+02, 0.000000000000000e+00, 1.036266312467310e-01, 0.000000000000000e+00, 0.000000000000000e+00, 2.659431108226153e-05, 3.080647742412336e-03, 2.694554947428864e-04, -2.395051712833950e+03, 1.571235921172210e-01, 9.609657005914136e-23
2165, 3.282147221612586e-02, 2.871634418215129e-03, 7.362288785214017e-01, 0.000000000000000e+00, 0.000000000000000e+00, 2.626559930882457e+05, 1.000000000000000e-10, 7.679299596149023e+11, 1.050623972352983e+05, 4.971240827572283e+02, 0.000000000000000e+00, 1.032126338129150e-01, 0.000000000000000e+00, 0.000000000000000e+00, 2.659935887415500e-05, 3.022855945736271e-03, 2.644461484407116e-04, -2.258540932732435e+03, 1.555293684695803e-01, 9.587075228737756e-23
2166, 2.983770149456916e-02, 2.610582535513559e-03, 7.347793025392075e-01, 0.000000000000000e+00, 0.000000000000000e+00, 2.623029470149904e+05, 1.000000000000000e-10, 7.697791285682717e+11, 1.049211788059961e+05, 4.974352894992679e+02, 0.000000000000000e+00, 1.025188670133639e-01, 0.000000000000000e+00, 0.000000000000000e+00, 2.661070870153086e-05, 2.937244457799305e-03, 2.570071619265222e-04, -1.985688048638414e+03, 1.530949320870971e-01, 9.545237836907814e-23
2167, 2.685393534019147e-02, 2.349478452577571e-03, 7.329272696670526e-01, 0.000000000000000e+00, 0.000000000000000e+00, 2.620036805395407e+05, 1.000000000000000e-10, 7.724623062525339e+11, 1.048014722158162e+05, 4.981232904373341e+02, 0.000000000000000e+00, 1.019307818861983e-01, 0.000000000000000e+00, 0.000000000000000e+00, 2.663578684386292e-05, 2.807241384711782e-03, 2.456826630927410e-04, -1.499848892346993e+03, 1.493392206457370e-01, 9.488151026851787e-23
2168, 2.387017397684986e-02, 2.088319626232953e-03, 7.297345140558575e-01, 0.000000000000000e+00, 0.000000000000000e+00, 2.614786931322544e+05, 1.000000000000000e-10, 7.771075560485482e+11, 1.045914772529017e+05, 4.993002170942989e+02, 0.000000000000000e+00, 1.008991351382276e-01, 0.000000000000000e+00, 0.000000000000000e+00, 2.667864364007807e-05, 2.616812100229972e-03, 2.290545616574924e-04, -6.889958184425228e+02, 1.436396479087728e-01, 9.390418337858528e-23
2169, 2.088641530652586e-02, 1.827130025125155e-03, 7.253228342642771e-01, 0.000000000000000e+00, 0.000000000000000e+00, 2.608921967854539e+05, 1.000000000000000e-10, 7.838940220810054e+11, 1.043568787141815e+05, 5.012104028210197e+02, 0.000000000000000e+00, 9.974661787690724e-02, 0.000000000000000e+00, 0.000000000000000e+00, 2.674808620524410e-05, 2.367868431126925e-03, 2.072562027656426e-04, 4.716173069009105e+02, 1.358692088405560e-01, 9.252940576543015e-23
2170, 1.790265222687152e-02, 1.565990817096684e-03, 7.201578110453425e-01, 0.000000000000000e+00, 0.000000000000000e+00, 2.604191918499234e+05, 1.000000000000000e-10, 7.924135993515507e+11, 1.041676767399693e+05, 5.038898936348814e+02, 0.000000000000000e+00, 9.881712128948146e-02, 0.000000000000000e+00, 0.000000000000000e+00, 2.684525693269826e-05, 2.100663838305724e-03, 1.838007176969282e-04, 1.841921846170120e+03, 1.270554355310174e-01, 9.088390230217374e-23
2171, 1.491887692228086e-02, 1.304991347861664e-03, 7.146040805913082e-01, 0.000000000000000e+00, 0.000000000000000e+00, 2.601275376804623e+05, 1.000000000000000e-10, 8.021997351027162e+11, 1.040510150721849e+05, 5.072372914400798e+02, 0.000000000000000e+00, 9.824399501772597e-02, 0.000000000000000e+00, 0.000000000000000e+00, 2.696625989186314e-05, 1.884752856796714e-03, 1.648157109235839e-04, 3.169367956863750e+03, 1.193457605164572e-01, 8.908393869565264e-23
2172, 1.193508812895067e-02, 1.044146101099013e-03, 7.080481021260212e-01, 0.000000000000000e+00, 0.000000000000000e+00, 2.599784037472717e+05, 1.000000000000000e-10, 8.144109438046233e+11, 1.039913614989086e+05, 5.116404196666759e+02, 0.000000000000000e+00, 9.795093363177124e-02, 0.000000000000000e+00, 0.000000000000000e+00, 2.712477393524385e-05, 1.757882188048816e-03, 1.536664195427643e-04, 4.352261842984583e+03, 1.140584091758790e-01, 8.694407650117965e-23
2173, 8.951296663162821e-03, 7.833314220786938e-04, 6.970426168842495e-01, 0.000000000000000e+00, 0.000000000000000e+00, 2.595455802420317e+05, 1.000000000000000e-10, 8.351685570130988e+11, 1.038182320968126e+05, 5.188533712356068e+02, 0.000000000000000e+00, 9.710039711331603e-02, 0.000000000000000e+00, 0.000000000000000e+00, 2.738286445686436e-05, 1.710088465997569e-03, 1.495251901402127e-04, 5.686781017222308e+03, 1.105675420852763e-01, 8.346627382507997e-23
2174, 5.967518983416271e-03, 5.223591123537380e-04, 6.736117737275252e-01, 0.000000000000000e+00, 0.000000000000000e+00, 2.595539407586108e+05, 1.000000000000000e-10, 8.844021242044335e+11, 1.038215763034443e+05, 5.369184086517351e+02, 0.000000000000000e+00, 9.711682626879765e-02, 0.000000000000000e+00, 0.000000000000000e+00, 2.802089140506621e-05, 1.884268408636708e-03, 1.649735294840527e-04, 7.881140802793128e+03, 1.114972194511020e-01, 7.617177818117642e-23
2175, 2.983787645339082e-03, 2.608575428872578e-04, 6.793361588598781e-01, 0.000000000000000e+00, 0.000000000000000e+00, 3.028552890737893e+05, 1.000000000000000e-10, 9.655841945098884e+11, 1.211421156295157e+05, 6.212133324124546e+02, 0.000000000000000e+00, 1.822078104564110e-01, 0.000000000000000e+00, 0.000000000000000e+00, 3.085439279608871e-05, 2.993970667307683e-03, 2.620733783225699e-04, 8.493674702515871e+03, 1.281794882189733e-01, 7.035985856253238e-23
2176, 2.988161759515335e-03, -2.611645268501606e-04, 7.216194089245477e-01, 0.000000000000000e+00, 0.000000000000000e+00, 3.218825857871491e+05, 1.000000000000000e-10, 9.093150696456716e+11, 1.287530343148596e+05, 6.215550688213691e+02, 0.000000000000000e+00, 2.195981335471589e-01, 0.000000000000000e+00, 0.000000000000000e+00, 3.086543907853016e-05, 3.101781009190527e-03, -2.714926765945157e-04, 7.659306118167563e+03, 1.344177135952745e-01, 7.936378595109155e-23
2177, 5.976256522995045e-03, -5.230897586373404e-04, 7.351422692998675e-01, 0.000000000000000e+00, 0.000000000000000e+00, 2.861670988452515e+05, 1.000000000000000e-10, 8.159198362406202e+11, 1.144668395381005e+05, 5.424236823934033e+02, 0.000000000000000e+00, 1.494140387585760e-01, 0.000000000000000e+00, 0.000000000000000e+00, 2.821301673768701e-05, 1.957999112251003e-03, -1.714518643979238e-04, 7.484370473418754e+03, 1.179267700134996e-01, 9.010647144180931e-23
2178, 8.964398982747319e-03, -7.844727385834267e-04, 7.615546222666187e-01, 0.000000000000000e+00, 0.000000000000000e+00, 2.870563634750192e+05, 1.000000000000000e-10, 7.707372712949596e+11, 1.148225453900076e+05, 5.252383846076342e+02, 0.000000000000000e+00, 1.511615225089526e-01, 0.000000000000000e+00, 0.000000000000000e+00, 2.760972198151528e-05, 1.827460620551966e-03, -1.598085964448876e-04, 5.138661685491093e+03, 1.184896182865527e-01, 9.881384062563449e-23
2179, 1.195255438593444e-02, -1.045707736104050e-03, 7.751677282919210e-01, 0.000000000000000e+00, 0.000000000000000e+00, 2.880981558157363e+05, 1.000000000000000e-10, 7.500057225523539e+11, 1.152392623262945e+05, 5.178871448774944e+02, 0.000000000000000e+00, 1.532087367191314e-01, 0.000000000000000e+00, 0.000000000000000e+00, 2.734840394263667e-05, 1.940029044137174e-03, -1.696128146912440e-04, 3.516696207395568e+03, 1.243475913093955e-01, 1.033589491923336e-22
2180, 1.494070746626318e-02, -1.306969299351726e-03, 7.842065574991132e-01, 0.000000000000000e+00, 0.000000000000000e+00, 2.885169074145283e+05, 1.000000000000000e-10, 7.362600616535508e+11, 1.154067629658113e+05, 5.126620094692524e+02, 0.000000000000000e+00, 1.540316206952145e-01, 0.000000000000000e+00, 0.000000000000000e+00, 2.716144651665095e-05, 2.192492324673869e-03, -1.917304781217467e-04, 1.737326485381554e+03, 1.338749048398961e-01, 1.065146522284705e-22
2181, 1.792885215032231e-02, -1.568326864512837e-03, 7.916182013034387e-01, 0.000000000000000e+00, 0.000000000000000e+00, 2.889658570404273e+05, 1.000000000000000e-10, 7.254591321741893e+11, 1.155863428161708e+05, 5.086523986973344e+02, 0.000000000000000e+00, 1.549138464688864e-01, 0.000000000000000e+00, 0.000000000000000e+00, 2.701728461475344e-05, 2.523097682280327e-03, -2.207321327993506e-04, -2.032973482156272e+02, 1.450613423618555e-01, 1.091202442357923e-22
2182, 2.091698658860830e-02, -1.829801548829772e-03, 7.970785557259008e-01, 0.000000000000000e+00, 0.000000000000000e+00, 2.895014233147427e+05, 1.000000000000000e-10, 7.180090849658574e+11, 1.158005693258970e+05, 5.061041688583681e+02, 0.000000000000000e+00, 1.559662816274292e-01, 0.000000000000000e+00, 0.000000000000000e+00, 2.692534753811180e-05, 2.818123577838255e-03, -2.466264243086656e-04, -1.767649106717904e+03, 1.543612533375056e-01, 1.110114767506437e-22
2183, 2.390511579218457e-02, -2.091336055560799e-03, 8.005879727294921e-01, 0.000000000000000e+00, 0.000000000000000e+00, 2.900273534407563e+05, 1.000000000000000e-10, 7.135929646839598e+11, 1.160109413763025e+05, 5.048010328451110e+02, 0.000000000000000e+00, 1.569997809011855e-01, 0.000000000000000e+00, 0.000000000000000e+00, 2.687823579958535e-05, 3.029069221925581e-03, -2.651158528916470e-04, -2.732992428658636e+03, 1.606673323677355e-01, 1.121893283915481e-22
2184, 2.689324532290844e-02, -2.352866825772479e-03, 8.026115105964718e-01, 0.000000000000000e+00, 0.000000000000000e+00, 2.904330900782333e+05, 1.000000000000000e-10, 7.112394734026350e+11, 1.161732360312933e+05, 5.042327483726012e+02, 0.000000000000000e+00, 1.577970893256853e-01, 0.000000000000000e+00, 0.000000000000000e+00, 2.685767038518171e-05, 3.165497137413128e-03, -2.770286736294845e-04, -3.236935480133187e+03, 1.645789781914463e-01, 1.128445379564533e-22
2185, 2.988137909707944e-02, -2.614349100509737e-03, 8.036707260261239e-01, 0.000000000000000e+00, 0.000000000000000e+00, 2.907130288991705e+05, 1.000000000000000e-10, 7.101263478832893e+11, 1.162852115596681e+05, 5.040535564491497e+02, 0.000000000000000e+00, 1.583471939000852e-01, 0.000000000000000e+00, 0.000000000000000e+00, 2.685118310005747e-05, 3.252356065910420e-03, -2.845790518879160e-04, -3.467356784755879e+03, 1.669719203382720e-01, 1.131703761362688e-22
2186, 3.286951677934324e-02, -2.875786712288950e-03, 8.039068578008909e-01, 0.000000000000000e+00, 0.000000000000000e+00, 2.907895404351185e+05, 1.000000000000000e-10, 7.099019253468605e+11, 1.163158161740473e+05, 5.040381214276144e+02, 0.000000000000000e+00, 1.584975458440510e-01, 0.000000000000000e+00, 0.000000000000000e+00, 2.685062424803101e-05, 3.307873961329954e-03, -2.893934968931704e-04, -3.542349041792385e+03, 1.684191456401430e-01, 1.132393909203561e-22
2187, 3.585765735167781e-02, -3.137191289396970e-03, 8.043616631283932e-01, 0.000000000000000e+00, 0.000000000000000e+00, 2.910488726909287e+05, 1.000000000000000e-10, 7.096578522688561e+11, 1.164195490763714e+05, 5.042023838963817e+02, 0.000000000000000e+00, 1.590071566930680e-01, 0.000000000000000e+00, 0.000000000000000e+00, 2.685657118722234e-05, 3.345494859850019e-03, -2.926541280957844e-04, -3.548973350879899e+03, 1.693844861029692e-01, 1.133424618125583e-22
2188, 3.884579979229820e-02, -3.398574511307833e-03, 8.043533322383559e-01, 0.000000000000000e+00, 0.000000000000000e+00, 2.911514333952200e+05, 1.000000000000000e-10, 7.098413269435116e+11, 1.164605733580879e+05, 5.043852802872036e+02, 0.000000000000000e+00, 1.592086975597312e-01, 0.000000000000000e+00, 0.000000000000000e+00, 2.686319152229055e-05, 3.371957593032259e-03, -2.949513414066409e-04, -3.506554534755518e+03, 1.700102508496319e-01, 1.133120892755875e-22
2189, 4.183394308299981e-02, -3.659948009921932e-03, 8.040275617987299e-01, 0.000000000000000e+00, 0.000000000000000e+00, 2.911330242501760e+05, 1.000000000000000e-10, 7.102957170116624e+11, 1.164532097000703e+05, 5.045577391183924e+02, 0.000000000000000e+00, 1.591725219594139e-01, 0.000000000000000e+00, 0.000000000000000e+00, 2.686943286579304e-05, 3.390359385199223e-03, -2.965567201141835e-04, -3.434712763777639e+03, 1.703993936015058e-01, 1.131938699687792e-22
2190, 4.482208617456662e-02, -3.921323779637817e-03, 8.036113639279957e-01, 0.000000000000000e+00, 0.000000000000000e+00, 2.910772855929864e+05, 1.000000000000000e-10, 7.108232919651095e+11, 1.164309142371945e+05, 5.047224045513726e+02, 0.000000000000000e+00, 1.590629905618455e-01, 0.000000000000000e+00, 0.000000000000000e+00, 2.687539109409113e-05, 3.403140441630927e-03, -2.976841524039932e-04, -3.348863311229593e+03, 1.706382696344656e-01, 1.130514582937225e-22
2191, 4.781022802146066e-02, -4.182713774939222e-03, 8.034767197161153e-01, 0.000000000000000e+00, 0.000000000000000e+00, 2.911455913866577e+05, 1.000000000000000e-10, 7.111388130255173e+11, 1.164582365546630e+05, 5.049254451917930e+02, 0.000000000000000e+00, 1.591972174955406e-01, 0.000000000000000e+00, 0.000000000000000e+00, 2.688273644728150e-05, 3.413221850862934e-03, -2.985892348476331e-04, -3.264862735191572e+03, 1.708298745998887e-01, 1.129825143713865e-22
2192, 5.079836758182601e-02, -4.444129905520481e-03, 8.032471777749030e-01, 0.000000000000000e+00, 0.000000000000000e+00, 2.911654754023344e+05, 1.000000000000000e-10, 7.115154094529888e+11, 1.164661901609337e+05, 5.051042306083843e+02, 0.000000000000000e+00, 1.592362913472648e-01, 0.000000000000000e+00, 0.000000000000000e+00, 2.688920301117064e-05, 3.421124441164042e-03, -2.993162817448300e-04, -3.177397871906356e+03, 1.709620416968785e-01, 1.128906158202963e-22
2193, 5.378650400990730e-02, -4.705581837269665e-03, 8.030550800112055e-01, 0.000000000000000e+00, 0.000000000000000e+00, 2.911965862412477e+05, 1.000000000000000e-10, 7.118549150583425e+11, 1.164786344964990e+05, 5.052790388998383e+02, 0.000000000000000e+00, 1.592974269008917e-01, 0.000000000000000e+00, 0.000000000000000e+00, 2.689552453579670e-05, 3.427613669347040e-03, -2.999214833945575e-04, -3.093090966970149e+03, 1.710635076994304e-01, 1.128099261516332e-22
2194, 5.677463790014754e-02, -4.967062777176147e-03, 8.028273956833076e-01, 0.000000000000000e+00, 0.000000000000000e+00, 2.912030695805880e+05, 1.000000000000000e-10, 7.122061585582063e+11, 1.164812278322351e+05, 5.054335905585552e+02, 0.000000000000000e+00, 1.593101672368571e-01, 0.000000000000000e+00, 0.000000000000000e+00, 2.690111254896682e-05, 3.432819993802692e-03, -3.004025180727805e-04, -3.011379917663098e+03, 1.711336044722011e-01, 1.127224035555100e-22
2195, 5.976277047803318e-02, -5.228558718941289e-03, 8.027071727584189e-01, 0.000000000000000e+00, 0.000000000000000e+00, 2.912497629858517e+05, 1.000000000000000e-10, 7.124638809670491e+11, 1.164999051943406e+05, 5.055903469407463e+02, 0.000000000000000e+00, 1.594019239133476e-01, 0.000000000000000e+00, 0.000000000000000e+00, 2.690677933893236e-05, 3.437514530103327e-03, -3.008226072818258e-04, -2.935244131487650e+03, 1.712017141131428e-01, 1.126647943636058e-22
2196, 6.275090296837585e-02, -5.490055661682646e-03, 8.024634482325345e-01, 0.000000000000000e+00, 0.000000000000000e+00, 2.912288965901267e+05, 1.000000000000000e-10, 7.127939479586704e+11, 1.164915586360506e+05, 5.057076713611934e+02, 0.000000000000000e+00, 1.593609195978291e-01, 0.000000000000000e+00, 0.000000000000000e+00, 2.691102003400610e-05, 3.441062376279804e-03, -3.011261715825610e-04, -2.859602388481404e+03, 1.712370303602334e-01, 1.125785079121670e-22
2197, 6.573903659025376e-02, -5.751539687591199e-03, 8.024097418723928e-01, 0.000000000000000e+00, 0.000000000000000e+00, 2.912922137713730e+05, 1.000000000000000e-10, 7.129804094859038e+11, 1.165168855085491e+05, 5.058514742396146e+02, 0.000000000000000e+00, 1.594853434663197e-01, 0.000000000000000e+00, 0.000000000000000e+00, 2.691621707276623e-05, 3.445094084556705e-03, -3.014563806019224e-04, -2.794658121506254e+03, 1.712984521291120e-01, 1.125415916691310e-22
2198, 6.872717248900613e-02, -6.012997716376229e-03, 8.021616236458362e-01, 0.000000000000000e+00, 0.000000000000000e+00, 2.912583914950773e+05, 1.000000000000000e-10, 7.132958565466119e+11, 1.165033565980309e+05, 5.059491870094301e+02, 0.000000000000000e+00, 1.594188796981129e-01, 0.000000000000000e+00, 0.000000000000000e+00, 2.691974796112461e-05, 3.448538082033502e-03, -3.017265631491049e-04, -2.727932467188046e+03, 1.713350101686221e-01, 1.124571216465179e-22
2199, 7.171531080435822e-02, -6.274428122099963e-03, 8.018635126224110e-01, 0.000000000000000e+00, 0.000000000000000e+00, 2.911927399160786e+05, 1.000000000000000e-10, 7.136332741069164e+11, 1.164770959664314e+05, 5.060231984317199e+02, 0.000000000000000e+00, 1.592898685313056e-01, 0.000000000000000e+00, 0.000000000000000e+00, 2.692242214831833e-05, 3.451219207795319e-03, -3.019322449177788e-04, -2.663786491310039e+03, 1.713526642289977e-01, 1.123622627351023e-22
2200, 7.470345104871513e-02, -6.535836485270200e-03, 8.016108212774464e-01, 0.000000000000000e+00, 0.000000000000000e+00, 2.911396049415146e+05, 1.000000000000000e-10, 7.139238078562213e+11, 1.164558419766058e+05, 5.060903468913306e+02, 0.000000000000000e+00, 1.591854536006775e-01, 0.000000000000000e+00, 0.000000000000000e+00, 2.692484818048981e-05, 3.453468467414746e-03, -3.021066738239577e-04, -2.604554944901914e+03, 1.713659924980119e-01, 1.122812215489415e-22
2201, 7.769159272116856e-02, -6.797228509234644e-03, 8.014577914456338e-01, 0.000000000000000e+00, 0.000000000000000e+00, 2.911264684325073e+05, 1.000000000000000e-10, 7.141319161684495e+11, 1.164505873730029e+05, 5.061641397937343e+02, 0.000000000000000e+00, 1.591596391971146e-01, 0.000000000000000e+00, 0.000000000000000e+00, 2.692751407275735e-05, 3.455712698027473e-03, -3.022872558509706e-04, -2.551472870079400e+03, 1.713882977269614e-01, 1.122271408070441e-22
2202, 8.067973532747731e-02, -7.058609855823690e-03, 8.013438566107720e-01, 0.000000000000000e+00, 0.000000000000000e+00, 2.911273634817300e+05, 1.000000000000000e-10, 7.143049052134396e+11, 1.164509453926919e+05, 5.062376624525891e+02, 0.000000000000000e+00, 1.591613980481024e-01, 0.000000000000000e+00, 0.000000000000000e+00, 2.693016999430876e-05, 3.457954809997226e-03, -3.024742791168193e-04, -2.502499935410304e+03, 1.714147749653165e-01, 1.121840744858528e-22
2203, 8.366787836575254e-02, -7.319986263880716e-03, 8.012280044439052e-01, 0.000000000000000e+00, 0.000000000000000e+00, 2.911239274677073e+05, 1.000000000000000e-10, 7.144735739904510e+11, 1.164495709870829e+05, 5.063048853001654e+02, 0.000000000000000e+00, 1.591546459762559e-01, 0.000000000000000e+00, 0.000000000000000e+00, 2.693259816100801e-05, 3.459996488266149e-03, -3.026502309411283e-04, -2.456153631551378e+03, 1.714375132512189e-01, 1.121414370632208e-22
2204, 8.665602136757575e-02, -7.581363088764804e-03, 8.011097895237865e-01, 0.000000000000000e+00, 0.000000000000000e+00, 2.911161745318474e+05, 1.000000000000000e-10, 7.146386059932949e+11, 1.164464698127389e+05, 5.063661122255377e+02, 0.000000000000000e+00, 1.591394107706945e-01, 0.000000000000000e+00, 0.000000000000000e+00, 2.693480959732374e-05, 3.461755984387344e-03, -3.028068726818643e-04, -2.412124779587959e+03, 1.714543748230029e-01, 1.120990570817513e-22
2205, 8.964416399742882e-02, -7.842744185162025e-03, 8.009857473433595e-01, 0.000000000000000e+00, 0.000000000000000e+00, 2.911020994931249e+05, 1.000000000000000e-10, 7.148018741646826e+11, 1.164408397972499e+05, 5.064200431995359e+02, 0.000000000000000e+00, 1.591117520731257e-01, 0.000000000000000e+00, 0.000000000000000e+00, 2.693675739439846e-05, 3.463101450741666e-03, -3.029314958747438e-04, -2.369924831278660e+03, 1.714620294855047e-01, 1.120561575311550e-22
2206, 9.263230596222338e-02, -8.104132882771868e-03, 8.009037882866047e-01, 0.000000000000000e+00, 0.000000000000000e+00, 2.911059515981737e+05, 1.000000000000000e-10, 7.149319092486401e+11, 1.164423806392694e+05, 5.064785688458247e+02, 0.000000000000000e+00, 1.591193218006872e-01, 0.000000000000000e+00, 0.000000000000000e+00, 2.693887100874598e-05, 3.464275130150899e-03, -3.030449718702619e-04, -2.331019624069721e+03, 1.714688769524908e-01, 1.120243613738472e-22
2207, 9.562044697348061e-02, -8.365532485260885e-03, 8.008879159388500e-01, 0.000000000000000e+00, 0.000000000000000e+00, 2.911402662357237e+05, 1.000000000000000e-10, 7.150135750557582e+11, 1.164561064942894e+05, 5.065483097154179e+02, 0.000000000000000e+00, 1.591867531023623e-01, 0.000000000000000e+00, 0.000000000000000e+00, 2.694138948194060e-05, 3.465629387683315e-03, -3.031781404308704e-04, -2.295537912475907e+03, 1.714846893756080e-01, 1.120093844679336e-22
2208, 9.860858673849573e-02, -8.626946343115418e-03, 8.007754823884239e-01, 0.000000000000000e+00, 0.000000000000000e+00, 2.911251740494428e+05, 1.000000000000000e-10, 7.151578089119733e+11, 1.164500696197770e+05, 5.065931698163374e+02, 0.000000000000000e+00, 1.591570956197628e-01, 0.000000000000000e+00, 0.000000000000000e+00, 2.694300936557105e-05, 3.466262107410429e-03, -3.032520848226852e-04, -2.257937021390281e+03, 1.714780336864094e-01, 1.119711279373781e-22
2209, 1.015967249688104e-01, -8.888377759335570e-03, 8.006311826256327e-01, 0.000000000000000e+00, 0.000000000000000e+00, 2.910925316540994e+05, 1.000000000000000e-10, 7.153206098615513e+11, 1.164370126616397e+05, 5.066276624008854e+02, 0.000000000000000e+00, 1.590929504221170e-01, 0.000000000000000e+00, 0.000000000000000e+00, 2.694425482913489e-05, 3.466109275323936e-03, -3.032610098476140e-04, -2.221136094528800e+03, 1.714509251825153e-01, 1.119255267024217e-22
2210, 1.045848613950109e-01, -9.149829767583363e-03, 8.006975002950906e-01, 0.000000000000000e+00, 0.000000000000000e+00, 2.911648891557291e+05, 1.000000000000000e-10, 7.153421695977866e+11, 1.164659556622916e+05, 5.067116241345475e+02, 0.000000000000000e+00, 1.592351393207679e-01, 0.000000000000000e+00, 0.000000000000000e+00, 2.694728634189066e-05, 3.467199963021600e-03, -3.033790761253279e-04, -2.192541723176993e+03, 1.714657571337357e-01, 1.119314342572225e-22
2211, 1.075729962337887e-01, -9.411299908153143e-03, 8.004340287570197e-01, 0.000000000000000e+00, 0.000000000000000e+00, 2.910681146748640e+05, 1.000000000000000e-10, 7.155772003121615e+11, 1.164272458699456e+05, 5.067099425689233e+02, 0.000000000000000e+00, 1.590449688955626e-01, 0.000000000000000e+00, 0.000000000000000e+00, 2.694722563012402e-05, 3.465874095053076e-03, -3.032801297811968e-04, -2.151915584393079e+03, 1.714051847572649e-01, 1.118579372220184e-22
2212, 1.105611301007844e-01, -9.672781120975365e-03, 8.003647199466357e-01, 0.000000000000000e+00, 0.000000000000000e+00, 2.910682062768012e+05, 1.000000000000000e-10, 7.156819876839368e+11, 1.164272825107204e+05, 5.067539813738087e+02, 0.000000000000000e+00, 1.590451489014813e-01, 0.000000000000000e+00, 0.000000000000000e+00, 2.694881558507248e-05, 3.464907957378333e-03, -3.032042511154007e-04, -2.120964856434920e+03, 1.713637805435769e-01, 1.118319095940683e-22
2213, 1.135492636378221e-01, -9.934266089360556e-03, 8.003291471469967e-01, 0.000000000000000e+00, 0.000000000000000e+00, 2.910863430710477e+05, 1.000000000000000e-10, 7.157662050498690e+11, 1.164345372284190e+05, 5.068080832550789e+02, 0.000000000000000e+00, 1.590807893083621e-01, 0.000000000000000e+00, 0.000000000000000e+00, 2.695076875063409e-05, 3.464269029880209e-03, -3.031485136434642e-04, -2.091046807988969e+03, 1.713317550132840e-01, 1.118138106140032e-22
2214, 1.165373974801903e-01, -1.019574759891818e-02, 8.002399112019878e-01, 0.000000000000000e+00, 0.000000000000000e+00, 2.910767892446722e+05, 1.000000000000000e-10, 7.158849258702003e+11, 1.164307156978688e+05, 5.068479622347754e+02, 0.000000000000000e+00, 1.590620151934516e-01, 0.000000000000000e+00, 0.000000000000000e+00, 2.695220837466156e-05, 3.463185901984914e-03, -3.030454438541614e-04, -2.059230778865636e+03, 1.712862510740051e-01, 1.117828433775759e-22
2215, 1.195255322624523e-01, -1.045721837352894e-02, 8.001227652152495e-01, 0.000000000000000e+00, 0.000000000000000e+00, 2.910520809397138e+05, 1.000000000000000e-10, 7.160203314322972e+11, 1.164208323758855e+05, 5.068791393262208e+02, 0.000000000000000e+00, 1.590134611860518e-01, 0.000000000000000e+00, 0.000000000000000e+00, 2.695333381967807e-05, 3.461634285220288e-03, -3.028928846250936e-04, -2.027515784650715e+03, 1.712281550924662e-01, 1.117453872592494e-22
2216, 1.225136686216617e-01, -1.071867112468479e-02, 8.000446081724466e-01, 0.000000000000000e+00, 0.000000000000000e+00, 2.910457650781294e+05, 1.000000000000000e-10, 7.161277443113624e+11, 1.164183060312517e+05, 5.069176563767613e+02, 0.000000000000000e+00, 1.590010499587086e-01, 0.000000000000000e+00, 0.000000000000000e+00, 2.695472417454451e-05, 3.460114404639118e-03, -3.027350120791094e-04, -1.997827896012079e+03, 1.711733163927292e-01, 1.117177396559674e-22
2217, 1.255018071351556e-01, -1.098009924803130e-02, 7.999624153526999e-01, 0.000000000000000e+00, 0.000000000000000e+00, 2.910365962502924e+05, 1.000000000000000e-10, 7.162364382004259e+11, 1.164146385001169e+05, 5.069537689726018e+02, 0.000000000000000e+00, 1.589830324000216e-01, 0.000000000000000e+00, 0.000000000000000e+00, 2.695602768392889e-05, 3.458515901537371e-03, -3.025671017656097e-04, -1.968925733511546e+03, 1.711166462203646e-01, 1.116893341560135e-22
2218, 1.284899477032464e-01, -1.124150389242014e-02, 7.998681037223875e-01, 0.000000000000000e+00, 0.000000000000000e+00, 2.910206058379429e+05, 1.000000000000000e-10, 7.163520721848019e+11, 1.164082423351771e+05, 5.069856865478575e+02, 0.000000000000000e+00, 1.589516098236508e-01, 0.000000000000000e+00, 0.000000000000000e+00, 2.695717972956467e-05, 3.456737813545974e-03, -3.023880038224807e-04, -1.941199159777226e+03, 1.710552076960217e-01, 1.116581754816601e-22
2219, 1.314780897497295e-01, -1.150289162268531e-02, 7.997910079755802e-01, 0.000000000000000e+00, 0.000000000000000e+00, 2.910124791100213e+05, 1.000000000000000e-10, 7.164550662497871e+11, 1.164049916440084e+05, 5.070203984642078e+02, 0.000000000000000e+00, 1.589356400835854e-01, 0.000000000000000e+00, 0.000000000000000e+00, 2.695843259100576e-05, 3.454963926422386e-03, -3.022170275368459e-04, -1.914861420334563e+03, 1.709950892066066e-01, 1.116314071255060e-22
2220, 1.344662326943670e-01, -1.176426914386512e-02, 7.997289550462171e-01, 0.000000000000000e+00, 0.000000000000000e+00, 2.910103792236885e+05, 1.000000000000000e-10, 7.165454710567323e+11, 1.164041516894753e+05, 5.070560805803518e+02, 0.000000000000000e+00, 1.589315136209765e-01, 0.000000000000000e+00, 0.000000000000000e+00, 2.695972042193255e-05, 3.453233795799881e-03, -3.020577121430888e-04, -1.889142652752266e+03, 1.709374546270692e-01, 1.116087006057904e-22
2221, 1.374543759412729e-01, -1.202564317698944e-02, 7.995980245359746e-01, 0.000000000000000e+00, 0.000000000000000e+00, 2.909719231241162e+05, 1.000000000000000e-10, 7.166788958015076e+11, 1.163887692496464e+05, 5.070720918622345e+02, 0.000000000000000e+00, 1.588559439796619e-01, 0.000000000000000e+00, 0.000000000000000e+00, 2.696029828169119e-05, 3.450808813943167e-03, -3.018454041442077e-04, -1.861699721838088e+03, 1.708597738155878e-01, 1.115697036853693e-22
2222, 1.404425189098910e-01, -1.228702036691680e-02, 7.996463493431488e-01, 0.000000000000000e+00, 0.000000000000000e+00, 2.910247542506520e+05, 1.000000000000000e-10, 7.166948774170935e+11, 1.164099017002608e+05, 5.071335105052490e+02, 0.000000000000000e+00, 1.589597618220061e-01, 0.000000000000000e+00, 0.000000000000000e+00, 2.696251483786908e-05, 3.449544320797472e-03, -3.017423933523141e-04, -1.840938590279588e+03, 1.708196008946818e-01, 1.115739769467952e-22
2223, 1.434306610113298e-01, -1.254840745907809e-02, 7.996278364850846e-01, 0.000000000000000e+00, 0.000000000000000e+00, 2.910428444108037e+05, 1.000000000000000e-10, 7.167535479587825e+11, 1.164171377643214e+05, 5.071767758365062e+02, 0.000000000000000e+00, 1.589953105887606e-01, 0.000000000000000e+00, 0.000000000000000e+00, 2.696407616700820e-05, 3.448218121758495e-03, -3.016417702225739e-04, -1.816970877517541e+03, 1.707749283666057e-01, 1.115622978562715e-22
2224, 1.464188016631426e-01, -1.280981110850774e-02, 7.994652186321011e-01, 0.000000000000000e+00, 0.000000000000000e+00, 2.909853145978815e+05, 1.000000000000000e-10, 7.169028594332964e+11, 1.163941258391525e+05, 5.071796668628058e+02, 0.000000000000000e+00, 1.588822594115536e-01, 0.000000000000000e+00, 0.000000000000000e+00, 2.696418049379982e-05, 3.445681813015955e-03, -3.014413570305514e-04, -1.788897739973539e+03, 1.706941369738960e-01, 1.115164298455025e-22
2225, 1.494069405312758e-01, -1.307123513332279e-02, 7.993658349616495e-01, 0.000000000000000e+00, 0.000000000000000e+00, 2.909588890225353e+05, 1.000000000000000e-10, 7.170087992610813e+11, 1.163835556090141e+05, 5.071966587676573e+02, 0.000000000000000e+00, 1.588303308157611e-01, 0.000000000000000e+00, 0.000000000000000e+00, 2.696479366436806e-05, 3.443182956138436e-03, -3.012447446923752e-04, -1.765069668852704e+03, 1.706177920781076e-01, 1.114861224287919e-22
2226, 1.523950778660052e-01, -1.333267667268954e-02, 7.993629648818470e-01, 0.000000000000000e+00, 0.000000000000000e+00, 2.909820045828657e+05, 1.000000000000000e-10, 7.170520902571643e+11, 1.163928018331462e+05, 5.072387747972829e+02, 0.000000000000000e+00, 1.588757549389141e-01, 0.000000000000000e+00, 0.000000000000000e+00, 2.696631341752243e-05, 3.441442155506606e-03, -3.011105652763856e-04, -1.745015736502564e+03, 1.705647759138519e-01, 1.114790049786769e-22
2227, 1.553832140007629e-01, -1.359413193104003e-02, 7.993268679648733e-01, 0.000000000000000e+00, 0.000000000000000e+00, 2.909877043674562e+05, 1.000000000000000e-10, 7.171163873841669e+11, 1.163950817469824e+05, 5.072716175585703e+02, 0.000000000000000e+00, 1.588869555204049e-01, 0.000000000000000e+00, 0.000000000000000e+00, 2.696749849855020e-05, 3.439683262509986e-03, -3.009703535725085e-04, -1.723316421295081e+03, 1.705098691337146e-01, 1.114639980985026e-22
2228, 1.583713492748542e-01, -1.385559706439271e-02, 7.992201307932779e-01, 0.000000000000000e+00, 0.000000000000000e+00, 2.909565601597518e+05, 1.000000000000000e-10, 7.172255389324629e+11, 1.163826240639007e+05, 5.072850643503859e+02, 0.000000000000000e+00, 1.588257543941484e-01, 0.000000000000000e+00, 0.000000000000000e+00, 2.696798369365602e-05, 3.437320425396715e-03, -3.007728511488573e-04, -1.699724722288862e+03, 1.704368670592469e-01, 1.114321805458092e-22
2229, 1.613594840183856e-01, -1.411706827388283e-02, 7.992331363691211e-01, 0.000000000000000e+00, 0.000000000000000e+00, 2.909868416166161e+05, 1.000000000000000e-10, 7.172568974782572e+11, 1.163947366466464e+05, 5.073296046199697e+02, 0.000000000000000e+00, 1.588852601385992e-01, 0.000000000000000e+00, 0.000000000000000e+00, 2.696959077266793e-05, 3.435801155281572e-03, -3.006447408750346e-04, -1.681306167098835e+03, 1.703904398914543e-01, 1.114291352312118e-22
2230, 1.643476185645668e-01, -1.437854174331952e-02, 7.991427654602854e-01, 0.000000000000000e+00, 0.000000000000000e+00, 2.909632857213309e+05, 1.000000000000000e-10, 7.173541807482607e+11, 1.163853142885323e+05, 5.073459020268068e+02, 0.000000000000000e+00, 1.588389707182641e-01, 0.000000000000000e+00, 0.000000000000000e+00, 2.697017878833491e-05, 3.433757740198162e-03, -3.004663309759322e-04, -1.658740791536626e+03, 1.703264198212961e-01, 1.114014603636176e-22
2231, 1.673357532514786e-01, -1.464001363731670e-02, 7.990715200573871e-01, 0.000000000000000e+00, 0.000000000000000e+00, 2.909482274558840e+05, 1.000000000000000e-10, 7.174368192131072e+11, 1.163792909823535e+05, 5.073648780179664e+02, 0.000000000000000e+00, 1.588093798931076e-01, 0.000000000000000e+00, 0.000000000000000e+00, 2.697086343538989e-05, 3.431645893398744e-03, -3.002775238223686e-04, -1.637854479864889e+03, 1.702621131217517e-01, 1.113787269437961e-22
2232, 1.703238884064166e-01, -1.490148017156965e-02, 7.990431173650231e-01, 0.000000000000000e+00, 0.000000000000000e+00, 2.909549905733158e+05, 1.000000000000000e-10, 7.174913201160425e+11, 1.163819962293263e+05, 5.073947069109991e+02, 0.000000000000000e+00, 1.588226700177999e-01, 0.000000000000000e+00, 0.000000000000000e+00, 2.697193962348525e-05, 3.429891239456435e-03, -3.001163675998802e-04, -1.618986402382365e+03, 1.702087454526312e-01, 1.113663289531177e-22
2233, 1.733120242473154e-01, -1.516293888999827e-02, 7.989896107079087e-01, 0.000000000000000e+00, 0.000000000000000e+00, 2.909487785297803e+05, 1.000000000000000e-10, 7.175619860269321e+11, 1.163795114119121e+05, 5.074178521976026e+02, 0.000000000000000e+00, 1.588104628021167e-01, 0.000000000000000e+00, 0.000000000000000e+00, 2.697277465222473e-05, 3.428116183870075e-03, -2.999522330128555e-04, -1.599349780129859e+03, 1.701537117637970e-01, 1.113479284185840e-22
2234, 1.763001607398657e-01, -1.542439017092892e-02, 7.989065620326324e-01, 0.000000000000000e+00, 0.000000000000000e+00, 2.909267818045559e+05, 1.000000000000000e-10, 7.176508126948856e+11, 1.163707127218223e+05, 5.074322332511019e+02, 0.000000000000000e+00, 1.587672372890305e-01, 0.000000000000000e+00, 0.000000000000000e+00, 2.697329347726602e-05, 3.426140759269541e-03, -2.997712241652904e-04, -1.579199797128002e+03, 1.700925497554192e-01, 1.113226000700015e-22
2235, 1.792882978144142e-01, -1.568583475710731e-02, 7.988279675103567e-01, 0.000000000000000e+00, 0.000000000000000e+00, 2.909065864688998e+05, 1.000000000000000e-10, 7.177359147766986e+11, 1.163626345875599e+05, 5.074469301222888e+02, 0.000000000000000e+00, 1.587275516659763e-01, 0.000000000000000e+00, 0.000000000000000e+00, 2.697382368789077e-05, 3.424069895945691e-03, -2.995827335475134e-04, -1.559988324402791e+03, 1.700294151199961e-01, 1.112984723709009e-22
2236, 1.822764354083378e-01, -1.594727339353239e-02, 7.989135936219752e-01, 0.000000000000000e+00, 0.000000000000000e+00, 2.909706662159504e+05, 1.000000000000000e-10, 7.177142589352432e+11, 1.163882664863801e+05, 5.075043092930275e+02, 0.000000000000000e+00, 1.588534740438049e-01, 0.000000000000000e+00, 0.000000000000000e+00, 2.697589364442796e-05, 3.423383732314329e-03, -2.995162545521847e-04, -1.546638882204104e+03, 1.700084291006335e-01, 1.113137692621961e-22
2237, 1.852645734589642e-01, -1.620870681504543e-02, 7.987407277473768e-01, 0.000000000000000e+00, 0.000000000000000e+00, 2.909013307341986e+05, 1.000000000000000e-10, 7.178594632298163e+11, 1.163605322936794e+05, 5.074931853874423e+02, 0.000000000000000e+00, 1.587172236818428e-01, 0.000000000000000e+00, 0.000000000000000e+00, 2.697549235879248e-05, 3.421176021942165e-03, -2.993175128573775e-04, -1.523332985286612e+03, 1.699377297365423e-01, 1.112672084767165e-22
2238, 1.882527119009228e-01, -1.647013576729972e-02, 7.987233085768000e-01, 0.000000000000000e+00, 0.000000000000000e+00, 2.909107810195672e+05, 1.000000000000000e-10, 7.179017819648302e+11, 1.163643124078268e+05, 5.075207400842147e+02, 0.000000000000000e+00, 1.587357943295051e-01, 0.000000000000000e+00, 0.000000000000000e+00, 2.697648636289487e-05, 3.419637559816731e-03, -2.991781852240673e-04, -1.507521176449239e+03, 1.698913929027428e-01, 1.112582306430651e-22
2239, 1.912408506697296e-01, -1.673156098863468e-02, 7.987363247980795e-01, 0.000000000000000e+00, 0.000000000000000e+00, 2.909360623722326e+05, 1.000000000000000e-10, 7.179247329381654e+11, 1.163744249488930e+05, 5.075565744544429e+02, 0.000000000000000e+00, 1.587854744263981e-01, 0.000000000000000e+00, 0.000000000000000e+00, 2.697777900333183e-05, 3.418633256765342e-03, -2.990864456837733e-04, -1.492432915126021e+03, 1.698596801413103e-01, 1.112564992027342e-22
2240, 1.942289897001938e-01, -1.699298321865051e-02, 7.986582055985219e-01, 0.000000000000000e+00, 0.000000000000000e+00, 2.909130244906095e+05, 1.000000000000000e-10, 7.180044710927112e+11, 1.163652097962438e+05, 5.075660251243059e+02, 0.000000000000000e+00, 1.587402029487842e-01, 0.000000000000000e+00, 0.000000000000000e+00, 2.697811990579448e-05, 3.417082342490671e-03, -2.989477088864599e-04, -1.473881676787283e+03, 1.698106889449576e-01, 1.112332922519818e-22
2241, 1.972171289293028e-01, -1.725440314293441e-02, 7.985822580364564e-01, 0.000000000000000e+00, 0.000000000000000e+00, 2.908898422768123e+05, 1.000000000000000e-10, 7.180806537528180e+11, 1.163559369107248e+05, 5.075738455143285e+02, 0.000000000000000e+00, 1.586946478456660e-01, 0.000000000000000e+00, 0.000000000000000e+00, 2.697840199858508e-05, 3.415367482168833e-03, -2.987951663609590e-04, -1.456454836132396e+03, 1.697582212719040e-01, 1.112109390098879e-22
2242, 2.002052683423419e-01, -1.751582100416638e-02, 7.985578907867871e-01, 0.000000000000000e+00, 0.000000000000000e+00, 2.908931735254486e+05, 1.000000000000000e-10, 7.181232873920748e+11, 1.163572694101794e+05, 5.075951465320380e+02, 0.000000000000000e+00, 1.587011940442503e-01, 0.000000000000000e+00, 0.000000000000000e+00, 2.697917034528512e-05, 3.414083401341042e-03, -2.986804784808170e-04, -1.441463952175506e+03, 1.697188780106289e-01, 1.112009578011459e-22
2243, 2.031934079321899e-01, -1.777723684741159e-02, 7.984773803953313e-01, 0.000000000000000e+00, 0.000000000000000e+00, 2.908676716028565e+05, 1.000000000000000e-10, 7.182024457456584e+11, 1.163470686411426e+05, 5.076018231345642e+02, 0.000000000000000e+00, 1.586510805079179e-01, 0.000000000000000e+00, 0.000000000000000e+00, 2.697941117272299e-05, 3.412493585272457e-03, -2.985390963891888e-04, -1.424673323874230e+03, 1.696692841936914e-01, 1.111775113464345e-22
2244, 2.061815476920276e-01, -1.803865071570768e-02, 7.985150367163019e-01, 0.000000000000000e+00, 0.000000000000000e+00, 2.909029443928995e+05, 1.000000000000000e-10, 7.182048268651624e+11, 1.163611777571597e+05, 5.076394383722544e+02, 0.000000000000000e+00, 1.587203946640950e-01, 0.000000000000000e+00, 0.000000000000000e+00, 2.698076793596159e-05, 3.411776547204850e-03, -2.984741199082753e-04, -1.412578259788764e+03, 1.696469218325676e-01, 1.111823890654230e-22
2245, 2.091696876209550e-01, -1.830006265260426e-02, 7.984362191484443e-01, 0.000000000000000e+00, 0.000000000000000e+00, 2.908768937937547e+05, 1.000000000000000e-10, 7.182805954497704e+11, 1.163507575175018e+05, 5.076440859401509e+02, 0.000000000000000e+00, 1.586692029297458e-01, 0.000000000000000e+00, 0.000000000000000e+00, 2.698093556771277e-05, 3.410469072315130e-03, -2.983575413035728e-04, -1.395625736095185e+03, 1.696049827034810e-01, 1.111597144024809e-22
2246, 2.121578277161082e-01, -1.856147270186807e-02, 7.983619955284250e-01, 0.000000000000000e+00, 0.000000000000000e+00, 2.908516106531819e+05, 1.000000000000000e-10, 7.183506694120015e+11, 1.163406442612727e+05, 5.076471528132809e+02, 0.000000000000000e+00, 1.586195193194567e-01, 0.000000000000000e+00, 0.000000000000000e+00, 2.698104618540033e-05, 3.408965646519149e-03, -2.982238720198427e-04, -1.379970272772360e+03, 1.695590137940101e-01, 1.111385602416878e-22
2247, 2.151459679718759e-01, -1.882288090638971e-02, 7.983121967717657e-01, 0.000000000000000e+00, 0.000000000000000e+00, 2.908388036381534e+05, 1.000000000000000e-10, 7.184047057618562e+11, 1.163355214552613e+05, 5.076564653419521e+02, 0.000000000000000e+00, 1.585943524007420e-01, 0.000000000000000e+00, 0.000000000000000e+00, 2.698138207266768e-05, 3.407628048627919e-03, -2.981047613387647e-04, -1.365916741373143e+03, 1.695183429230481e-01, 1.111232851104512e-22
2248, 2.181341083850447e-01, -1.908428730988379e-02, 7.982808633868751e-01, 0.000000000000000e+00, 0.000000000000000e+00, 2.908357391013760e+05, 1.000000000000000e-10, 7.184471491257827e+11, 1.163342956405504e+05, 5.076710420749524e+02, 0.000000000000000e+00, 1.585883303145804e-01, 0.000000000000000e+00, 0.000000000000000e+00, 2.698190782429312e-05, 3.406515339547599e-03, -2.980053752391835e-04, -1.352776826006200e+03, 1.694840306718146e-01, 1.111123725527308e-22
2249, 2.211222489505656e-01, -1.934569195465164e-02, 7.982565992005434e-01, 0.000000000000000e+00, 0.000000000000000e+00, 2.908362249026156e+05, 1.000000000000000e-10, 7.184848615279430e+11, 1.163344899610462e+05, 5.076873215054873e+02, 0.000000000000000e+00, 1.585892849570387e-01, 0.000000000000000e+00, 0.000000000000000e+00, 2.698249497898957e-05, 3.405553082209319e-03, -2.979192601303759e-04, -1.339930211156361e+03, 1.694538243010149e-01, 1.111031763276537e-22
2250, 2.241103896623715e-01, -1.960709498707823e-02, 7.982301073788236e-01, 0.000000000000000e+00, 0.000000000000000e+00, 2.908350724144523e+05, 1.000000000000000e-10, 7.185231982911722e+11, 1.163340289657808e+05, 5.077021588702582e+02, 0.000000000000000e+00, 1.585870202157338e-01, 0.000000000000000e+00, 0.000000000000000e+00, 2.698303011348757e-05, 3.404611991976403e-03, -2.978354522072952e-04, -1.327106622963016e+03, 1.694242344634267e-01, 1.110935747636490e-22
2251, 2.270985304620883e-01, -1.986849705276480e-02, 7.982417167496606e-01, 0.000000000000000e+00, 0.000000000000000e+00, 2.908530400359193e+05, 1.000000000000000e-10, 7.185359588640804e+11, 1.163412160143677e+05, 5.077261401009727e+02, 0.000000000000000e+00, 1.586223281831211e-01, 0.000000000000000e+00, 0.000000000000000e+00, 2.698389501910397e-05, 3.404003400419159e-03, -2.977815589417767e-04, -1.315788404283211e+03, 1.694048915375032e-01, 1.110932260401102e-22
2252, 2.300866712728864e-01, -2.012989894621501e-02, 7.982031283143067e-01, 0.000000000000000e+00, 0.000000000000000e+00, 2.908446619092048e+05, 1.000000000000000e-10, 7.185805009519896e+11, 1.163378647636819e+05, 5.077360597375879e+02, 0.000000000000000e+00, 1.586058644221639e-01, 0.000000000000000e+00, 0.000000000000000e+00, 2.698425277369733e-05, 3.403181653802145e-03, -2.977099371090336e-04, -1.302642653307180e+03, 1.693781033532225e-01, 1.110809865316251e-22
2253, 2.330748120344279e-01, -2.039130147287541e-02, 7.981633933501359e-01, 0.000000000000000e+00, 0.000000000000000e+00, 2.908351077090682e+05, 1.000000000000000e-10, 7.186247643289536e+11, 1.163340430836272e+05, 5.077446564814460e+02, 0.000000000000000e+00, 1.585870895727798e-01, 0.000000000000000e+00, 0.000000000000000e+00, 2.698456281473765e-05, 3.402228231392068e-03, -2.976277163968632e-04, -1.290218137689903e+03, 1.693482169889584e-01, 1.110686281927815e-22
2254, 2.360629526637198e-01, -2.065270543123763e-02, 7.982130879508469e-01, 0.000000000000000e+00, 0.000000000000000e+00, 2.908718863332889e+05, 1.000000000000000e-10, 7.186114072974486e+11, 1.163487545333155e+05, 5.077772503865752e+02, 0.000000000000000e+00, 1.586593628264721e-01, 0.000000000000000e+00, 0.000000000000000e+00, 2.698573828629651e-05, 3.401934568817041e-03, -2.976041269933154e-04, -1.281344105901575e+03, 1.693388078027938e-01, 1.110776087054490e-22
2255, 2.390510930982829e-01, -2.091411161889586e-02, 7.982393381171242e-01, 0.000000000000000e+00, 0.000000000000000e+00, 2.908960312276881e+05, 1.000000000000000e-10, 7.186124202081504e+11, 1.163584124910752e+05, 5.078027006284755e+02, 0.000000000000000e+00, 1.587068096822277e-01, 0.000000000000000e+00, 0.000000000000000e+00, 2.698665609949548e-05, 3.401828577146768e-03, -2.975978743067706e-04, -1.270770891970141e+03, 1.693332015065636e-01, 1.110811166678459e-22
2256, 2.420392332685811e-01, -2.117552084181285e-02, 7.980708318152697e-01, 0.000000000000000e+00, 0.000000000000000e+00, 2.908180908669126e+05, 1.000000000000000e-10, 7.187369125064319e+11, 1.163272363467650e+05, 5.077738337957916e+02, 0.000000000000000e+00, 1.585536499709400e-01, 0.000000000000000e+00, 0.000000000000000e+00, 2.698561507174924e-05, 3.400275980104706e-03, -2.974659857530072e-04, -1.253767793479046e+03, 1.692832241508716e-01, 1.110384660819850e-22
2257, 2.450273731022380e-01, -2.143693389359186e-02, 7.980656132406015e-01, 0.000000000000000e+00, 0.000000000000000e+00, 2.908231672667323e+05, 1.000000000000000e-10, 7.187534017817394e+11, 1.163292669066929e+05, 5.077860176910481e+02, 0.000000000000000e+00, 1.585636255461494e-01, 0.000000000000000e+00, 0.000000000000000e+00, 2.698605446477753e-05, 3.399371997964641e-03, -2.973917530038455e-04, -1.244468150126473e+03, 1.692574213556247e-01, 1.110351932076714e-22
2258, 2.480155125365523e-01, -2.169835157908039e-02, 7.980845619822958e-01, 0.000000000000000e+00, 0.000000000000000e+00, 2.908416978627214e+05, 1.000000000000000e-10, 7.187559562904115e+11, 1.163366791450885e+05, 5.078063156532492e+02, 0.000000000000000e+00, 1.586000398083294e-01, 0.000000000000000e+00, 0.000000000000000e+00, 2.698678646628799e-05, 3.398940960436941e-03, -2.973597839907073e-04, -1.235674038646581e+03, 1.692441210307266e-01, 1.110374400132605e-22
2259, 2.510036514924225e-01, -2.195977464659662e-02, 7.980426129617351e-01, 0.000000000000000e+00, 0.000000000000000e+00, 2.908287072648571e+05, 1.000000000000000e-10, 7.187978626318726e+11, 1.163314829059428e+05, 5.078103258061300e+02, 0.000000000000000e+00, 1.585745121330844e-01, 0.000000000000000e+00, 0.000000000000000e+00, 2.698693108179997e-05, 3.398230895817123e-03, -2.973039278472864e-04, -1.224614717484602e+03, 1.692211011395799e-01, 1.110251490915784e-22
2260, 2.539917899645046e-01, -2.222120326506274e-02, 7.979953464818810e-01, 0.000000000000000e+00, 0.000000000000000e+00, 2.908123918877989e+05, 1.000000000000000e-10, 7.188422417362983e+11, 1.163249567551195e+05, 5.078119145365850e+02, 0.000000000000000e+00, 1.585424509722825e-01, 0.000000000000000e+00, 0.000000000000000e+00, 2.698698837497408e-05, 3.397329904330232e-03, -2.972313413351703e-04, -1.214067611801583e+03, 1.691933099594989e-01, 1.110117386758448e-22
2261, 2.569799279652070e-01, -2.248263722462634e-02, 7.980476185582429e-01, 0.000000000000000e+00, 0.000000000000000e+00, 2.908479244528134e+05, 1.000000000000000e-10, 7.188229009139543e+11, 1.163391697811253e+05, 5.078406952119862e+02, 0.000000000000000e+00, 1.586122756092842e-01, 0.000000000000000e+00, 0.000000000000000e+00, 2.698802625382603e-05, 3.397242705991122e-03, -2.972297096624569e-04, -1.207111446981741e+03, 1.691901860747914e-01, 1.110220016076881e-22
2262, 2.599680655198328e-01, -2.274407631297317e-02, 7.979478478606490e-01, 0.000000000000000e+00, 0.000000000000000e+00, 2.908053034357174e+05, 1.000000000000000e-10, 7.189026553654103e+11, 1.163221213742869e+05, 5.078297640567334e+02, 0.000000000000000e+00, 1.585285215361922e-01, 0.000000000000000e+00, 0.000000000000000e+00, 2.698763206197618e-05, 3.396324179466503e-03, -2.971550967742022e-04, -1.194349522127657e+03, 1.691592205559607e-01, 1.109958334958541e-22
2263, 2.629562026454926e-01, -2.300552031444035e-02, 7.979724613345649e-01, 0.000000000000000e+00, 0.000000000000000e+00, 2.908261035399151e+05, 1.000000000000000e-10, 7.189003900503481e+11, 1.163304414159660e+05, 5.078504218877345e+02, 0.000000000000000e+00, 1.585693955829885e-01, 0.000000000000000e+00, 0.000000000000000e+00, 2.698837700672401e-05, 3.396010761227365e-03, -2.971331782763604e-04, -1.186980710771074e+03, 1.691493668711559e-01, 1.109996073302697e-22
2264, 2.659443393558463e-01, -2.326696901384987e-02, 7.979718362127066e-01, 0.000000000000000e+00, 0.000000000000000e+00, 2.908340115251283e+05, 1.000000000000000e-10, 7.189147715349047e+11, 1.163336046100513e+05, 5.078646289350959e+02, 0.000000000000000e+00, 1.585849354742603e-01, 0.000000000000000e+00, 0.000000000000000e+00, 2.698888931946455e-05, 3.395722513514764e-03, -2.971132159643727e-04, -1.178330811040334e+03, 1.691389225631446e-01, 1.109973098456825e-22
2265, 2.689324756763653e-01, -2.352842219838901e-02, 7.979976418165370e-01, 0.000000000000000e+00, 0.000000000000000e+00, 2.908554484390906e+05, 1.000000000000000e-10, 7.189118028159038e+11, 1.163421793756362e+05, 5.078856383228728e+02, 0.000000000000000e+00, 1.586270609086398e-01, 0.000000000000000e+00, 0.000000000000000e+00, 2.698964691364569e-05, 3.395748765056479e-03, -2.971205248161395e-04, -1.170621814264540e+03, 1.691375742695483e-01, 1.110013614533820e-22
2266, 2.719206116237433e-01, -2.378987965169035e-02, 7.978955407031665e-01, 0.000000000000000e+00, 0.000000000000000e+00, 2.908128472318752e+05, 1.000000000000000e-10, 7.189949794752732e+11, 1.163251388927500e+05, 5.078762300498536e+02, 0.000000000000000e+00, 1.585433457637173e-01, 0.000000000000000e+00, 0.000000000000000e+00, 2.698930765534813e-05, 3.395139156941107e-03, -2.970719508350058e-04, -1.158979319536154e+03, 1.691137081199352e-01, 1.109743321709916e-22
2267, 2.749087472132226e-01, -2.405134116050115e-02, 7.978711656536391e-01, 0.000000000000000e+00, 0.000000000000000e+00, 2.908035870325163e+05, 1.000000000000000e-10, 7.190166048490966e+11, 1.163214348130064e+05, 5.078755731953844e+02, 0.000000000000000e+00, 1.585251486518980e-01, 0.000000000000000e+00, 0.000000000000000e+00, 2.698928396933099e-05, 3.394230386688108e-03, -2.969969540656179e-04, -1.150408950307425e+03, 1.690886487832518e-01, 1.109676261513960e-22
2268, 2.778968824682735e-01, -2.431280651147504e-02, 7.978799800353636e-01, 0.000000000000000e+00, 0.000000000000000e+00, 2.908140010436972e+05, 1.000000000000000e-10, 7.190208886991296e+11, 1.163256004174788e+05, 5.078881499735551e+02, 0.000000000000000e+00, 1.585456131061289e-01, 0.000000000000000e+00, 0.000000000000000e+00, 2.698973748212275e-05, 3.393889170557236e-03, -2.969710556865904e-04, -1.143637109894544e+03, 1.690782508848883e-01, 1.109681999173216e-22
2269, 2.808850174507725e-01, -2.457427493715779e-02, 7.978350712948722e-01, 0.000000000000000e+00, 0.000000000000000e+00, 2.907984786922277e+05, 1.000000000000000e-10, 7.190629939166219e+11, 1.163193914768910e+05, 5.078896277839073e+02, 0.000000000000000e+00, 1.585151103108385e-01, 0.000000000000000e+00, 0.000000000000000e+00, 2.698979077088273e-05, 3.393355936244402e-03, -2.969264092507275e-04, -1.134992423681970e+03, 1.690598804797868e-01, 1.109554707294371e-22
2270, 2.838731524046400e-01, -2.483574380607619e-02, 7.979072920258801e-01, 0.000000000000000e+00, 0.000000000000000e+00, 2.908444192565915e+05, 1.000000000000000e-10, 7.190307735318467e+11, 1.163377677026365e+05, 5.079238868566615e+02, 0.000000000000000e+00, 1.586053875882895e-01, 0.000000000000000e+00, 0.000000000000000e+00, 2.699102610461431e-05, 3.393742694676927e-03, -2.969589932284095e-04, -1.130604552934735e+03, 1.690694254274560e-01, 1.109704790385593e-22
2271, 2.868612875825053e-01, -2.509721003308123e-02, 7.978290498299832e-01, 0.000000000000000e+00, 0.000000000000000e+00, 2.908115992557971e+05, 1.000000000000000e-10, 7.190943828214668e+11, 1.163246397023188e+05, 5.079163766777100e+02, 0.000000000000000e+00, 1.585408933802038e-01, 0.000000000000000e+00, 0.000000000000000e+00, 2.699075530201204e-05, 3.393344173964852e-03, -2.969193608630778e-04, -1.119990156249186e+03, 1.690528950619973e-01, 1.109498043461599e-22
2272, 2.898494232689489e-01, -2.535867058108172e-02, 7.977406624933014e-01, 0.000000000000000e+00, 0.000000000000000e+00, 2.907721625720365e+05, 1.000000000000000e-10, 7.191622071757100e+11, 1.163088650288145e+05, 5.079037666424027e+02, 0.000000000000000e+00, 1.584633968041189e-01, 0.000000000000000e+00, 0.000000000000000e+00, 2.699030060356080e-05, 3.392493721895667e-03, -2.968366913935405e-04, -1.110425022383728e+03, 1.690251757084449e-01, 1.109270688507253e-22
2273, 2.928375597065172e-01, -2.562012237709226e-02, 7.977940186254597e-01, 0.000000000000000e+00, 0.000000000000000e+00, 2.908073217937851e+05, 1.000000000000000e-10, 7.191404289362886e+11, 1.163229287175140e+05, 5.079312082096729e+02, 0.000000000000000e+00, 1.585324877885400e-01, 0.000000000000000e+00, 0.000000000000000e+00, 2.699129009644441e-05, 3.392648905760981e-03, -2.968385037024515e-04, -1.106583678665181e+03, 1.690284719141962e-01, 1.109378401272547e-22
2274, 2.958256971824521e-01, -2.588156235546719e-02, 7.977853356840711e-01, 0.000000000000000e+00, 0.000000000000000e+00, 2.908105702906201e+05, 1.000000000000000e-10, 7.191591777187871e+11, 1.163242281162480e+05, 5.079424104008480e+02, 0.000000000000000e+00, 1.585388713725064e-01, 0.000000000000000e+00, 0.000000000000000e+00, 2.699169401877343e-05, 3.392699244200183e-03, -2.968276477238037e-04, -1.099472622590661e+03, 1.690262435778783e-01, 1.109337507665569e-22
2275, 2.988138359670149e-01, -2.614298747560744e-02, 7.977261094389877e-01, 0.000000000000000e+00, 0.000000000000000e+00, 2.907866793204269e+05, 1.000000000000000e-10, 7.192089478556124e+11, 1.163146717281707e+05, 5.079383898855950e+02, 0.000000000000000e+00, 1.584919235003029e-01, 0.000000000000000e+00, 0.000000000000000e+00, 2.699154904983945e-05, 3.392310533825907e-03, -2.967748774066441e-04, -1.090921898345287e+03, 1.690111536997242e-01, 1.109178559392327e-22
2276, 3.018019763149984e-01, -2.640439465198724e-02, 7.976829992421478e-01, 0.000000000000000e+00, 0.000000000000000e+00, 2.907709312934254e+05, 1.000000000000000e-10, 7.192479282156799e+11, 1.163083725173701e+05, 5.079383313272015e+02, 0.000000000000000e+00, 1.584609772326065e-01, 0.000000000000000e+00, 0.000000000000000e+00, 2.699154693837720e-05, 3.391913934151205e-03, -2.967179188053564e-04, -1.083782486138219e+03, 1.689966722330182e-01, 1.109058616142065e-22
2277, 3.047901185021899e-01, -2.666578084550279e-02, 7.976596083060296e-01, 0.000000000000000e+00, 0.000000000000000e+00, 2.907660275590711e+05, 1.000000000000000e-10, 7.192752235797228e+11, 1.163064110236284e+05, 5.079446599176723e+02, 0.000000000000000e+00, 1.584513409603280e-01, 0.000000000000000e+00, 0.000000000000000e+00, 2.699177513001250e-05, 3.391745778812271e-03, -2.966774476597786e-04, -1.077597841412106e+03, 1.689885210247650e-01, 1.108984080774678e-22
2278, 3.077782627839437e-01, -2.692714297444885e-02, 7.975945635455653e-01, 0.000000000000000e+00, 0.000000000000000e+00, 2.907398251773498e+05, 1.000000000000000e-10, 7.193298918820859e+11, 1.162959300709399e+05, 5.079403062251009e+02, 0.000000000000000e+00, 1.583998509597741e-01, 0.000000000000000e+00, 0.000000000000000e+00, 2.699161814794931e-05, 3.391306115513730e-03, -2.966119265134232e-04, -1.070077143334832e+03, 1.689716023633364e-01, 1.108809505954316e-22
2279, 3.107664091085095e-01, -2.718848183732287e-02, 7.976357888245988e-01, 0.000000000000000e+00, 0.000000000000000e+00, 2.907684393732509e+05, 1.000000000000000e-10, 7.193154957521090e+11, 1.163073757493003e+05, 5.079640418372521e+02, 0.000000000000000e+00, 1.584560803887804e-01, 0.000000000000000e+00, 0.000000000000000e+00, 2.699247397942762e-05, 3.391566433548999e-03, -2.966146726473470e-04, -1.066385192795124e+03, 1.689770532340254e-01, 1.108888955620826e-22
2280, 3.137545564580149e-01, -2.744980895387480e-02, 7.976353066597962e-01, 0.000000000000000e+00, 0.000000000000000e+00, 2.907740798643839e+05, 1.000000000000000e-10, 7.193258251933362e+11, 1.163096319457535e+05, 5.079742026784558e+02, 0.000000000000000e+00, 1.584671644533761e-01, 0.000000000000000e+00, 0.000000000000000e+00, 2.699284034081368e-05, 3.391705248072122e-03, -2.966211864249605e-04, -1.060156121519321e+03, 1.689781545225895e-01, 1.108872443209421e-22
2281, 3.167427036401337e-01, -2.771113797774161e-02, 7.976041885571629e-01, 0.000000000000000e+00, 0.000000000000000e+00, 2.907618145381985e+05, 1.000000000000000e-10, 7.193525370002144e+11, 1.163047258152794e+05, 5.079725930029210e+02, 0.000000000000000e+00, 1.584430620012101e-01, 0.000000000000000e+00, 0.000000000000000e+00, 2.699278230228323e-05, 3.391495550518484e-03, -2.966127273365411e-04, -1.052990193072610e+03, 1.689700193440111e-01, 1.108788144059795e-22
2282, 3.197308494771628e-01, -2.797248237194866e-02, 7.975713077854102e-01, 0.000000000000000e+00, 0.000000000000000e+00, 2.907470931872509e+05, 1.000000000000000e-10, 7.193777938555696e+11, 1.162988372749003e+05, 5.079678148899129e+02, 0.000000000000000e+00, 1.584141332428816e-01, 0.000000000000000e+00, 0.000000000000000e+00, 2.699261002185239e-05, 3.391070136102238e-03, -2.966008601525144e-04, -1.046318144201109e+03, 1.689570720669386e-01, 1.108703644160931e-22
2283, 3.227189927821603e-01, -2.823385571252802e-02, 7.975881399274882e-01, 0.000000000000000e+00, 0.000000000000000e+00, 2.907577747876534e+05, 1.000000000000000e-10, 7.193703304647947e+11, 1.163031099150613e+05, 5.079757563991135e+02, 0.000000000000000e+00, 1.584351235336304e-01, 0.000000000000000e+00, 0.000000000000000e+00, 2.699289636173887e-05, 3.390931696726283e-03, -2.966296238471031e-04, -1.041667012054228e+03, 1.689537021613698e-01, 1.108738594418125e-22
2284, 3.257071323674058e-01, -2.849527159458270e-02, 7.976106692155871e-01, 0.000000000000000e+00, 0.000000000000000e+00, 2.907711174085308e+05, 1.000000000000000e-10, 7.193587184678274e+11, 1.163084469634123e+05, 5.079847180367690e+02, 0.000000000000000e+00, 1.584613429652711e-01, 0.000000000000000e+00, 0.000000000000000e+00, 2.699321948059347e-05, 3.390913158242378e-03, -2.966843371695724e-04, -1.036820908070069e+03, 1.689537258713772e-01, 1.108787867331637e-22
2285, 3.286952670568108e-01, -2.875674346847317e-02, 7.976255852024909e-01, 0.000000000000000e+00, 0.000000000000000e+00, 2.907796020145767e+05, 1.000000000000000e-10, 7.193505030895721e+11, 1.163118408058306e+05, 5.079900410257734e+02, 0.000000000000000e+00, 1.584780159675442e-01, 0.000000000000000e+00, 0.000000000000000e+00, 2.699341140367442e-05, 3.390777230431078e-03, -2.967442717154652e-04, -1.031549362054149e+03, 1.689508734033021e-01, 1.108821344880244e-22
2286, 3.316833956405127e-01, -2.901828498415077e-02, 7.977072091875832e-01, 0.000000000000000e+00, 0.000000000000000e+00, 2.908222521589397e+05, 1.000000000000000e-10, 7.192985352836599e+11, 1.163289008635758e+05, 5.080125637355917e+02, 0.000000000000000e+00, 1.585618272782953e-01, 0.000000000000000e+00, 0.000000000000000e+00, 2.699422345948835e-05, 3.391068279364330e-03, -2.968570834255434e-04, -1.028598191374207e+03, 1.689618751350827e-01, 1.109014910732342e-22
2287, 3.346715169556868e-01, -2.927990961219208e-02, 7.977879219399870e-01, 0.000000000000000e+00, 0.000000000000000e+00, 2.908634869623852e+05, 1.000000000000000e-10, 7.192456270365771e+11, 1.163453947849540e+05, 5.080331900258407e+02, 0.000000000000000e+00, 1.586428573188018e-01, 0.000000000000000e+00, 0.000000000000000e+00, 2.699496712295662e-05, 3.391536574534705e-03, -2.970009081014058e-04, -1.024738147067117e+03, 1.689776569253601e-01, 1.109208730672868e-22
2288, 3.376596298110188e-01, -2.954163094745075e-02, 7.977351881783856e-01, 0.000000000000000e+00, 0.000000000000000e+00, 2.908342418208510e+05, 1.000000000000000e-10, 7.192766812780181e+11, 1.163336967283404e+05, 5.080156891775436e+02, 0.000000000000000e+00, 1.585853880257504e-01, 0.000000000000000e+00, 0.000000000000000e+00, 2.699433614570080e-05, 3.390988797034539e-03, -2.970666552193369e-04, -1.016410356955140e+03, 1.689626215454257e-01, 1.109087778325544e-22
2289, 3.406477337058706e-01, -2.980345446211769e-02, 7.978083653497164e-01, 0.000000000000000e+00, 0.000000000000000e+00, 2.908706632865120e+05, 1.000000000000000e-10, 7.192270641142626e+11, 1.163482653146047e+05, 5.080327060674440e+02, 0.000000000000000e+00, 1.586569594312430e-01, 0.000000000000000e+00, 0.000000000000000e+00, 2.699494967443148e-05, 3.391089382596203e-03, -2.971714106348371e-04, -1.013881830363379e+03, 1.689692444510525e-01, 1.109266025817524e-22
2290, 3.436358318561991e-01, -3.006534359304470e-02, 7.978242999168845e-01, 0.000000000000000e+00, 0.000000000000000e+00, 2.908821149876194e+05, 1.000000000000000e-10, 7.192222689716595e+11, 1.163528459950477e+05, 5.080425604337876e+02, 0.000000000000000e+00, 1.586794630380767e-01, 0.000000000000000e+00, 0.000000000000000e+00, 2.699530495973620e-05, 3.391259881960572e-03, -2.972321064680697e-04, -1.009757621682242e+03, 1.689730548606967e-01, 1.109295647625243e-22
2291, 3.466239287387695e-01, -3.032724712328809e-02, 7.977994770434754e-01, 0.000000000000000e+00, 0.000000000000000e+00, 2.908761134718533e+05, 1.000000000000000e-10, 7.192498767848170e+11, 1.163504453887412e+05, 5.080478854364028e+02, 0.000000000000000e+00, 1.586676695281046e-01, 0.000000000000000e+00, 0.000000000000000e+00, 2.699549694366659e-05, 3.391350783348814e-03, -2.972275986858159e-04, -1.005044968378852e+03, 1.689714620558356e-01, 1.109218632988312e-22
2292, 3.496120288061996e-01, -3.058911443899894e-02, 7.977461566388305e-01, 0.000000000000000e+00, 0.000000000000000e+00, 2.908586438324699e+05, 1.000000000000000e-10, 7.193013654689513e+11, 1.163434575329879e+05, 5.080513280212987e+02, 0.000000000000000e+00, 1.586333401396129e-01, 0.000000000000000e+00, 0.000000000000000e+00, 2.699562105964563e-05, 3.391397769110971e-03, -2.971611833071750e-04, -1.000234696588261e+03, 1.689660562552897e-01, 1.109065173831738e-22
2293, 3.526001364886636e-01, -3.085089462427514e-02, 7.977105364790202e-01, 0.000000000000000e+00, 0.000000000000000e+00, 2.908541384719737e+05, 1.000000000000000e-10, 7.193477019683083e+11, 1.163416553887894e+05, 5.080661440348746e+02, 0.000000000000000e+00, 1.586244867072450e-01, 0.000000000000000e+00, 0.000000000000000e+00, 2.699615521822752e-05, 3.391926947631496e-03, -2.970786542214961e-04, -9.966720986496998e+02, 1.689718429887964e-01, 1.108944173859021e-22
2294, 3.555882562925332e-01, -3.111253656641275e-02, 7.974849279093426e-01, 0.000000000000000e+00, 0.000000000000000e+00, 2.907541499771588e+05, 1.000000000000000e-10, 7.195216654031576e+11, 1.163016599908635e+05, 5.080351659520657e+02, 0.000000000000000e+00, 1.584280004599968e-01, 0.000000000000000e+00, 0.000000000000000e+00, 2.699503836245527e-05, 3.391344830471100e-03, -2.968406970606013e-04, -9.873068993537103e+02, 1.689400336663449e-01, 1.108362652742321e-22
2295, 3.585763926126858e-01, -3.137398977453180e-02, 7.973985930200633e-01, 0.000000000000000e+00, 0.000000000000000e+00, 2.907286620927757e+05, 1.000000000000000e-10, 7.196097105673054e+11, 1.162914648371102e+05, 5.080456314250637e+02, 0.000000000000000e+00, 1.583779145099882e-01, 0.000000000000000e+00, 0.000000000000000e+00, 2.699541567924586e-05, 3.391553981056070e-03, -2.966138375103031e-04, -9.847602948887743e+02, 1.689332065244754e-01, 1.108107131408540e-22
2296, 3.615645499707903e-01, -3.163520299363101e-02, 7.972772243845535e-01, 0.000000000000000e+00, 0.000000000000000e+00, 2.906886358159880e+05, 1.000000000000000e-10, 7.197264280222394e+11, 1.162754543263951e+05, 5.080530144591703e+02, 0.000000000000000e+00, 1.582992593313910e-01, 0.000000000000000e+00, 0.000000000000000e+00, 2.699568186085341e-05, 3.392154025193177e-03, -2.963628192982305e-04, -9.803516442129023e+02, 1.689329707462915e-01, 1.107758838365960e-22
2297, 3.645527326287075e-01, -3.189612555111467e-02, 7.969587465628947e-01, 0.000000000000000e+00, 0.000000000000000e+00, 2.905488954285482e+05, 1.000000000000000e-10, 7.199746257039907e+11, 1.162195581714192e+05, 5.080117109996862e+02, 0.000000000000000e+00, 1.580246570947249e-01, 0.000000000000000e+00, 0.000000000000000e+00, 2.699419271446631e-05, 3.391590281744759e-03, -2.959520586805940e-04, -9.700344377328306e+02, 1.688937281161730e-01, 1.106934826306809e-22
2298, 3.675409451244976e-01, -3.215670656637935e-02, 7.967289110209044e-01, 0.000000000000000e+00, 0.000000000000000e+00, 2.904563652078615e+05, 1.000000000000000e-10, 7.201677124440101e+11, 1.161825460831445e+05, 5.079964275372555e+02, 0.000000000000000e+00, 1.578428270166399e-01, 0.000000000000000e+00, 0.000000000000000e+00, 2.699364167117347e-05, 3.391362709907644e-03, -2.955148065645934e-04, -9.649023678471445e+02, 1.688662550184201e-01, 1.106318949396051e-22
2299, 3.705291914781045e-01, -3.241689912560175e-02, 7.965150849510441e-01, 0.000000000000000e+00, 0.000000000000000e+00, 2.903710966197223e+05, 1.000000000000000e-10, 7.203488308880488e+11, 1.161484386478889e+05, 5.079836288513670e+02, 0.000000000000000e+00, 1.576752666895979e-01, 0.000000000000000e+00, 0.000000000000000e+00, 2.699318020932554e-05, 3.391270300479791e-03, -2.950964386628082e-04, -9.597165494839323e+02, 1.688432965436676e-01, 1.105744004910547e-22
2300, 3.735174664788149e-01, -3.267676247787710e-02, 7.963441788138143e-01, 0.000000000000000e+00, 0.000000000000000e+00, 2.902977671502875e+05, 1.000000000000000e-10, 7.204850215922506e+11, 1.161191068601149e+05, 5.079643367136256e+02, 0.000000000000000e+00, 1.575311677881331e-01, 0.000000000000000e+00, 0.000000000000000e+00, 2.699248461160647e-05, 3.390884109457450e-03, -2.947874887442264e-04, -9.535686659581568e+02, 1.688193269518305e-01, 1.105297886143277e-22
2301, 3.765057547310676e-01, -3.293647337697418e-02, 7.962863705349480e-01, 0.000000000000000e+00, 0.000000000000000e+00, 2.902690025169667e+05, 1.000000000000000e-10, 7.205244933233772e+11, 1.161076010067866e+05, 5.079508774388499e+02, 0.000000000000000e+00, 1.574746427362745e-01, 0.000000000000000e+00, 0.000000000000000e+00, 2.699199931530492e-05, 3.390391325414044e-03, -2.946737464347183e-04, -9.487271206839904e+02, 1.688038150002996e-01, 1.105157183424920e-22
2302, 3.794940404815789e-01, -3.319621267792849e-02, 7.963852842301349e-01, 0.000000000000000e+00, 0.000000000000000e+00, 2.903082753757504e+05, 1.000000000000000e-10, 7.204404651810240e+11, 1.161233101503001e+05, 5.079565045318903e+02, 0.000000000000000e+00, 1.575518173817715e-01, 0.000000000000000e+00, 0.000000000000000e+00, 2.699220221024575e-05, 3.390276703819718e-03, -2.947999335287693e-04, -9.465752271477552e+02, 1.688104689914973e-01, 1.105423411088053e-22
2303, 3.824823080526387e-01, -3.345616179059106e-02, 7.965203873338476e-01, 0.000000000000000e+00, 0.000000000000000e+00, 2.903549539803759e+05, 1.000000000000000e-10, 7.203140630055011e+11, 1.161419815921503e+05, 5.079520070243523e+02, 0.000000000000000e+00, 1.576435449736972e-01, 0.000000000000000e+00, 0.000000000000000e+00, 2.699204004463487e-05, 3.389791356468512e-03, -2.951018570095616e-04, -9.431871799195235e+02, 1.688144569553262e-01, 1.105805053805074e-22
2304, 3.854705414404323e-01, -3.371650326395865e-02, 7.968746211864182e-01, 0.000000000000000e+00, 0.000000000000000e+00, 2.905042163940879e+05, 1.000000000000000e-10, 7.200276212205090e+11, 1.162016865576351e+05, 5.079872138295962e+02, 0.000000000000000e+00, 1.579368588352549e-01, 0.000000000000000e+00, 0.000000000000000e+00, 2.699330946781023e-05, 3.390096935526453e-03, -2.956798802698529e-04, -9.451835831713412e+02, 1.688528484890087e-01, 1.106736862073391e-22
2305, 3.884587248919696e-01, -3.397741715558602e-02, 7.972590487525172e-01, 0.000000000000000e+00, 0.000000000000000e+00, 2.906578451612391e+05, 1.000000000000000e-10, 7.197031546896323e+11, 1.162631380644956e+05, 5.080107810731571e+02, 0.000000000000000e+00, 1.582387529680026e-01, 0.000000000000000e+00, 0.000000000000000e+00, 2.699415918633830e-05, 3.390093183500574e-03, -2.964383469122663e-04, -9.448353911362416e+02, 1.688898013224861e-01, 1.107770037566277e-22
2306, 3.914468423200009e-01, -3.423908617171233e-02, 7.978053925169318e-01, 0.000000000000000e+00, 0.000000000000000e+00, 2.908832124145944e+05, 1.000000000000000e-10, 7.192541575273107e+11, 1.163532849658377e+05, 5.080565174336992e+02, 0.000000000000000e+00, 1.586816195792703e-01, 0.000000000000000e+00, 0.000000000000000e+00, 2.699580815337858e-05, 3.390281954000446e-03, -2.974215749504276e-04, -9.476554716643751e+02, 1.689441376060537e-01, 1.109221130154923e-22
2307, 3.944348776237036e-01, -3.450169117814019e-02, 7.985593589137028e-01, 0.000000000000000e+00, 0.000000000000000e+00, 2.912069812704683e+05, 1.000000000000000e-10, 7.186566577330688e+11, 1.164827925081873e+05, 5.081417923421818e+02, 0.000000000000000e+00, 1.593178540538894e-01, 0.000000000000000e+00, 0.000000000000000e+00, 2.699888242000884e-05, 3.391487219175877e-03, -2.987014470647945e-04, -9.544673442351268e+02, 1.690372945420983e-01, 1.111192316734208e-22
2308, 3.974228145186481e-01, -3.476541324535190e-02, 7.993368294873349e-01, 0.000000000000000e+00, 0.000000000000000e+00, 2.915338685750996e+05, 1.000000000000000e-10, 7.180300805400103e+11, 1.166135474300398e+05, 5.082173984157777e+02, 0.000000000000000e+00, 1.599602165564851e-01, 0.000000000000000e+00, 0.000000000000000e+00, 2.700160788113245e-05, 3.392546070460448e-03, -3.001774743667688e-04, -9.585685449624060e+02, 1.691319065564371e-01, 1.113244761682201e-22
2309, 4.004106364233729e-01, -3.503043512049328e-02, 8.001934446032211e-01, 0.000000000000000e+00, 0.000000000000000e+00, 2.918953587277983e+05, 1.000000000000000e-10, 7.173431552038751e+11, 1.167581434911192e+05, 5.083028409127885e+02, 0.000000000000000e+00, 1.606705767199464e-01, 0.000000000000000e+00, 0.000000000000000e+00, 2.700468766502684e-05, 3.393831312266233e-03, -3.018334831209591e-04, -9.637788755048454e+02, 1.692386416564524e-01, 1.115504934648298e-22
2310, 4.033983342864702e-01, -3.529685154591243e-02, 8.008922422576423e-01, 0.000000000000000e+00, 0.000000000000000e+00, 2.921934524146531e+05, 1.000000000000000e-10, 7.167891478597576e+11, 1.168773809658612e+05, 5.083779781215322e+02, 0.000000000000000e+00, 1.612563572136615e-01, 0.000000000000000e+00, 0.000000000000000e+00, 2.700739576371427e-05, 3.395273309572361e-03, -3.033069014005077e-04, -9.678669037201122e+02, 1.693344708851710e-01, 1.117342052978853e-22
2311, 4.063859469481069e-01, -3.556422216940428e-02, 8.013168479780040e-01, 0.000000000000000e+00, 0.000000000000000e+00, 2.923949391749964e+05, 1.000000000000000e-10, 7.164866048894325e+11, 1.169579756699985e+05, 5.084589708622091e+02, 0.000000000000000e+00, 1.616522965413145e-01, 0.000000000000000e+00, 0.000000000000000e+00, 2.701031466675534e-05, 3.397568370059736e-03, -3.042320629438999e-04, -9.727394692181055e+02, 1.694198703374357e-01, 1.118406361028396e-22
2312, 4.093735325441921e-01, -3.583189505186949e-02, 8.012307647664110e-01, 0.000000000000000e+00, 0.000000000000000e+00, 2.923784281418862e+05, 1.000000000000000e-10, 7.165884767188484e+11, 1.169513712567544e+05, 5.084848841680868e+02, 0.000000000000000e+00, 1.616198508990432e-01, 0.000000000000000e+00, 0.000000000000000e+00, 2.701124850540999e-05, 3.399161377761893e-03, -3.043481560417290e-04, -9.694047006111260e+02, 1.694445638716277e-01, 1.118127335818636e-22
2313, 4.123611493305024e-01, -3.609921937164231e-02, 8.007050829336904e-01, 0.000000000000000e+00, 0.000000000000000e+00, 2.921772615865115e+05, 1.000000000000000e-10, 7.170436235353655e+11, 1.168709046346045e+05, 5.084686315037658e+02, 0.000000000000000e+00, 1.612245408025106e-01, 0.000000000000000e+00, 0.000000000000000e+00, 2.701066281060381e-05, 3.399957972949215e-03, -3.036429246644479e-04, -9.613949385364915e+02, 1.694107753084525e-01, 1.116684664728266e-22
2314, 4.153488558952888e-01, -3.636553831233867e-02, 7.998742496007957e-01, 0.000000000000000e+00, 0.000000000000000e+00, 2.918620759879182e+05, 1.000000000000000e-10, 7.177684358279536e+11, 1.167448303951672e+05, 5.084477011894977e+02, 0.000000000000000e+00, 1.606051731885774e-01, 0.000000000000000e+00, 0.000000000000000e+00, 2.700990853320575e-05, 3.401175078308853e-03, -3.022265405594726e-04, -9.532124277411318e+02, 1.693545415877738e-01, 1.114399520889710e-22
2315, 4.183367093128564e-01, -3.663020433413075e-02, 7.985586199969900e-01, 0.000000000000000e+00, 0.000000000000000e+00, 2.913364931044658e+05, 1.000000000000000e-10, 7.188750348548488e+11, 1.165345972417863e+05, 5.083682544920332e+02, 0.000000000000000e+00, 1.595723562772052e-01, 0.000000000000000e+00, 0.000000000000000e+00, 2.700704531634150e-05, 3.401714778977026e-03, -3.000009535744912e-04, -9.370943979600875e+02, 1.692416120530132e-01, 1.110854142675267e-22
2316, 4.213247664457308e-01, -3.689256041151290e-02, 7.967809295419173e-01, 0.000000000000000e+00, 0.000000000000000e+00, 2.906099272079368e+05, 1.000000000000000e-10, 7.203481207614171e+11, 1.162439708831746e+05, 5.082318187473792e+02, 0.000000000000000e+00, 1.581445899461707e-01, 0.000000000000000e+00, 0.000000000000000e+00, 2.700212768304459e-05, 3.401285658447105e-03, -2.969390469547281e-04, -9.153935760213797e+02, 1.690667170794979e-01, 1.106114933883016e-22
2317, 4.243130821050400e-01, -3.715195364288106e-02, 7.946002350360741e-01, 0.000000000000000e+00, 0.000000000000000e+00, 2.897119146205676e+05, 1.000000000000000e-10, 7.221518605187135e+11, 1.158847658482270e+05, 5.080518109095619e+02, 0.000000000000000e+00, 1.563799156843921e-01, 0.000000000000000e+00, 0.000000000000000e+00, 2.699563846924537e-05, 3.400194770105576e-03, -2.930734482780417e-04, -8.904281359068759e+02, 1.688406517349931e-01, 1.100332702004816e-22
2318, 4.273017093202159e-01, -3.740773185809797e-02, 7.920304055364271e-01, 0.000000000000000e+00, 0.000000000000000e+00, 2.886489136032283e+05, 1.000000000000000e-10, 7.242808131554391e+11, 1.154595654412913e+05, 5.078300660838661e+02, 0.000000000000000e+00, 1.542910245464196e-01, 0.000000000000000e+00, 0.000000000000000e+00, 2.698764295353350e-05, 3.398598571308491e-03, -2.884170658872824e-04, -8.622558662402226e+02, 1.685682603596235e-01, 1.093550529958624e-22
2319, 4.302906992319939e-01, -3.765923532283829e-02, 7.890617063335210e-01, 0.000000000000000e+00, 0.000000000000000e+00, 2.874132708375810e+05, 1.000000000000000e-10, 7.267425189622518e+11, 1.149653083350323e+05, 5.075585948898187e+02, 0.000000000000000e+00, 1.518628770839449e-01, 0.000000000000000e+00, 0.000000000000000e+00, 2.697785188431437e-05, 3.396129094969497e-03, -2.829408804550409e-04, -8.303800410013433e+02, 1.682410733584565e-01, 1.085761680675304e-22
2320, 4.332800998493677e-01, -3.790580805977353e-02, 7.858944016543176e-01, 0.000000000000000e+00, 0.000000000000000e+00, 2.860796988440092e+05, 1.000000000000000e-10, 7.293608731662146e+11, 1.144318795376036e+05, 5.072396351484056e+02, 0.000000000000000e+00, 1.492422900160294e-01, 0.000000000000000e+00, 0.000000000000000e+00, 2.696634446250862e-05, 3.391743346002325e-03, -2.769463698552757e-04, -7.958541204682542e+02, 1.678548145586888e-01, 1.077521618000546e-22
2321, 4.362699027152345e-01, -3.814745584260765e-02, 7.835071897439921e-01, 0.000000000000000e+00, 0.000000000000000e+00, 2.850525126009712e+05, 1.000000000000000e-10, 7.313084510130175e+11, 1.140210050403884e+05, 5.069582839323601e+02, 0.000000000000000e+00, 1.472237780812996e-01, 0.000000000000000e+00, 0.000000000000000e+00, 2.695619065104663e-05, 3.386067754645101e-03, -2.720083036513283e-04, -7.674859976159953e+02, 1.675135346171365e-01, 1.071387907555919e-22
2322, 4.392599407792284e-01, -3.838617836104847e-02, 7.824236125385344e-01, 0.000000000000000e+00, 0.000000000000000e+00, 2.845333757642355e+05, 1.000000000000000e-10, 7.321036907224211e+11, 1.138133503056941e+05, 5.067358200044155e+02, 0.000000000000000e+00, 1.462036282225849e-01, 0.000000000000000e+00, 0.000000000000000e+00, 2.694815990508906e-05, 3.379727349905684e-03, -2.695336116562715e-04, -7.474090685470575e+02, 1.672868122221226e-01, 1.068744272048250e-22
2323, 4.422500211388715e-01, -3.862437091591972e-02, 7.828940722383505e-01, 0.000000000000000e+00, 0.000000000000000e+00, 2.846500179892467e+05, 1.000000000000000e-10, 7.315687070313700e+11, 1.138600071956986e+05, 5.066389179199561e+02, 0.000000000000000e+00, 1.464328405245159e-01, 0.000000000000000e+00, 0.000000000000000e+00, 2.694466123529158e-05, 3.374540658764744e-03, -2.698913943762327e-04, -7.459663197779680e+02, 1.672318831854201e-01, 1.070168904970952e-22
2324, 4.452399503542309e-01, -3.886445178720758e-02, 7.849703722606003e-01, 0.000000000000000e+00, 0.000000000000000e+00, 2.854358786356546e+05, 1.000000000000000e-10, 7.296866486159139e+11, 1.141743514542618e+05, 5.066938505224202e+02, 0.000000000000000e+00, 1.479771262901792e-01, 0.000000000000000e+00, 0.000000000000000e+00, 2.694664463241129e-05, 3.371348667756803e-03, -2.731301110145724e-04, -7.637763335740819e+02, 1.673689277089986e-01, 1.075774393950243e-22
2325, 4.482295334412067e-01, -3.910880163486889e-02, 7.885975747869310e-01, 0.000000000000000e+00, 0.000000000000000e+00, 2.868724943497730e+05, 1.000000000000000e-10, 7.265313951684421e+11, 1.147489977399091e+05, 5.069017716502669e+02, 0.000000000000000e+00, 1.508002033944752e-01, 0.000000000000000e+00, 0.000000000000000e+00, 2.695415078843451e-05, 3.370278479814586e-03, -2.792553733713479e-04, -7.987480844473525e+02, 1.676944754350205e-01, 1.085438425137408e-22
2326, 4.512185627588174e-01, -3.935982914230889e-02, 7.936622063067358e-01, 0.000000000000000e+00, 0.000000000000000e+00, 2.889048793918726e+05, 1.000000000000000e-10, 7.222161385897101e+11, 1.155619517567490e+05, 5.072353510702122e+02, 0.000000000000000e+00, 1.547940199893229e-01, 0.000000000000000e+00, 0.000000000000000e+00, 2.696618987517084e-05, 3.369996157600158e-03, -2.881714555405732e-04, -8.475208133763103e+02, 1.681686898896365e-01, 1.098936361658182e-22
2327, 4.542068160397217e-01, -3.961992454007066e-02, 8.004695641284504e-01, 0.000000000000000e+00, 0.000000000000000e+00, 2.916868433706212e+05, 1.000000000000000e-10, 7.165786643113452e+11, 1.166747373482484e+05, 5.077645226828324e+02, 0.000000000000000e+00, 1.602608255770655e-01, 0.000000000000000e+00, 0.000000000000000e+00, 2.698527927727743e-05, 3.372388985413550e-03, -3.000367429933519e-04, -9.156111969610505e+02, 1.688541758066106e-01, 1.117080846537968e-22
2328, 4.571940508163027e-01, -3.989145997799189e-02, 8.089305597704914e-01, 0.000000000000000e+00, 0.000000000000000e+00, 2.951810443280792e+05, 1.000000000000000e-10, 7.097514790435239e+11, 1.180724177312316e+05, 5.084726046005558e+02, 0.000000000000000e+00, 1.671272399033644e-01, 0.000000000000000e+00, 0.000000000000000e+00, 2.701080598942151e-05, 3.376807653675399e-03, -3.148315859219550e-04, -1.000914950373641e+03, 1.697277139478401e-01, 1.139746305755455e-22
2329, 4.601799952722871e-01, -4.017682492755284e-02, 8.189164861475702e-01, 0.000000000000000e+00, 0.000000000000000e+00, 2.993325209650036e+05, 1.000000000000000e-10, 7.019011162668086e+11, 1.197330083860014e+05, 5.093362959630448e+02, 0.000000000000000e+00, 1.752852591478589e-01, 0.000000000000000e+00, 0.000000000000000e+00, 2.704191663994496e-05, 3.382763009751322e-03, -3.325362782211828e-04, -1.099109785270387e+03, 1.707672339500416e-01, 1.166719767769233e-22
2330, 4.631643491494776e-01, -4.047835914351461e-02, 8.305189988284252e-01, 0.000000000000000e+00, 0.000000000000000e+00, 3.042035784830280e+05, 1.000000000000000e-10, 6.930652808714146e+11, 1.216814313932111e+05, 5.103934395148142e+02, 0.000000000000000e+00, 1.848573185494798e-01, 0.000000000000000e+00, 0.000000000000000e+00, 2.707995696006629e-05, 3.392417931358298e-03, -3.533962370395975e-04, -1.211564202860389e+03, 1.720268048304642e-01, 1.198333736800644e-22
2331, 4.661467742021971e-01, -4.079839846705864e-02, 8.425784650159385e-01, 0.000000000000000e+00, 0.000000000000000e+00, 3.093289623116500e+05, 1.000000000000000e-10, 6.842064483212537e+11, 1.237315849246599e+05, 5.115646970175869e+02, 0.000000000000000e+00, 1.949291516744509e-01, 0.000000000000000e+00, 0.000000000000000e+00, 2.712205410922556e-05, 3.408092418473050e-03, -3.757784759924606e-04, -1.327644340649187e+03, 1.734573896130185e-01, 1.231473525642143e-22
2332, 4.691272835512020e-01, -4.113583615023468e-02, 8.516085087025798e-01, 0.000000000000000e+00, 0.000000000000000e+00, 3.132897240315992e+05, 1.000000000000000e-10, 6.779005750192544e+11, 1.253158896126396e+05, 5.126211196127533e+02, 0.000000000000000e+00, 2.027123992174602e-01, 0.000000000000000e+00, 0.000000000000000e+00, 2.715997942638896e-05, 3.429967527490936e-03, -3.938605713270563e-04, -1.427312174497115e+03, 1.747427016258513e-01, 1.256248522549526e-22
2333, 4.721067045300381e-01, -4.148277274908283e-02, 8.547578360149107e-01, 0.000000000000000e+00, 0.000000000000000e+00, 3.148837264916387e+05, 1.000000000000000e-10, 6.760370893452650e+11, 1.259534905966554e+05, 5.133309646971047e+02, 0.000000000000000e+00, 2.058447552155917e-01, 0.000000000000000e+00, 0.000000000000000e+00, 2.718543907603852e-05, 3.453134693576582e-03, -4.024941508767509e-04, -1.480661458574088e+03, 1.755083447574244e-01, 1.264369682849733e-22
2334, 4.750860470244340e-01, -4.183038404866891e-02, 8.517960219168104e-01, 0.000000000000000e+00, 0.000000000000000e+00, 3.139684800942243e+05, 1.000000000000000e-10, 6.786442492758513e+11, 1.255873920376897e+05, 5.136186437687188e+02, 0.000000000000000e+00, 2.040462149908557e-01, 0.000000000000000e+00, 0.000000000000000e+00, 2.719575171838490e-05, 3.473601786373661e-03, -4.005416050540316e-04, -1.470911402098490e+03, 1.756434401513198e-01, 1.255148432437164e-22
2335, 4.780663122235645e-01, -4.216997611258336e-02, 8.428101072019902e-01, 0.000000000000000e+00, 0.000000000000000e+00, 3.105260051832983e+05, 1.000000000000000e-10, 6.856824611246124e+11, 1.242104020733192e+05, 5.134032076929799e+02, 0.000000000000000e+00, 1.972814469268278e-01, 0.000000000000000e+00, 0.000000000000000e+00, 2.718802911602242e-05, 3.488455223164505e-03, -3.875260836891093e-04, -1.391749686046791e+03, 1.750966236232407e-01, 1.229161053440778e-22
2336, 4.810484431549583e-01, -4.249273568400656e-02, 8.282795339714530e-01, 0.000000000000000e+00, 0.000000000000000e+00, 3.047463249211669e+05, 1.000000000000000e-10, 6.970468503501047e+11, 1.218985299684667e+05, 5.126865015586783e+02, 0.000000000000000e+00, 1.859238633658077e-01, 0.000000000000000e+00, 0.000000000000000e+00, 2.716232524003200e-05, 3.497259650487811e-03, -3.632743894426462e-04, -1.250628065759585e+03, 1.738983117825419e-01, 1.188276810648781e-22
2337, 4.840332382313042e-01, -4.278978465382471e-02, 8.079652892110919e-01, 0.000000000000000e+00, 0.000000000000000e+00, 2.964874831813956e+05, 1.000000000000000e-10, 7.132875348224286e+11, 1.185949932725582e+05, 5.113332057568746e+02, 0.000000000000000e+00, 1.696945079477791e-01, 0.000000000000000e+00, 0.000000000000000e+00, 2.711373800183589e-05, 3.496607074491519e-03, -3.275465795202674e-04, -1.038384314193882e+03, 1.719597901257792e-01, 1.132743793638653e-22
2338, 4.870212649510338e-01, -4.305224303147514e-02, 7.819997945547682e-01, 0.000000000000000e+00, 0.000000000000000e+00, 2.858153185542002e+05, 1.000000000000000e-10, 7.349693369266901e+11, 1.143261274216800e+05, 5.092947498351865e+02, 0.000000000000000e+00, 1.487227593331530e-01, 0.000000000000000e+00, 0.000000000000000e+00, 2.704042077471803e-05, 3.483694867285013e-03, -2.803585812924459e-04, -7.609056537196334e+02, 1.692244485327614e-01, 1.064001264858693e-22
2339, 4.900127972013324e-01, -4.327100380000617e-02, 7.517370319980007e-01, 0.000000000000000e+00, 0.000000000000000e+00, 2.733221815375205e+05, 1.000000000000000e-10, 7.618378414724020e+11, 1.093288726150081e+05, 5.066397609424548e+02, 0.000000000000000e+00, 1.241726387086793e-01, 0.000000000000000e+00, 0.000000000000000e+00, 2.694469167434400e-05, 3.457114042951750e-03, -2.221910035128529e-04, -4.364056652781396e+02, 1.657760179843400e-01, 9.867547280551034e-23
2340, 4.930077075843156e-01, -4.343699565451135e-02, 7.171081738552243e-01, 0.000000000000000e+00, 0.000000000000000e+00, 2.589825817267922e+05, 1.000000000000000e-10, 7.949675659237125e+11, 1.035930326907168e+05, 5.032412353449312e+02, 0.000000000000000e+00, 9.599405517197043e-02, 0.000000000000000e+00, 0.000000000000000e+00, 2.682175909099135e-05, 3.414171162313799e-03, -1.538375492243463e-04, -6.197329241789730e+01, 1.615592442402246e-01, 9.020745433811067e-23
2341, 4.960053941788130e-01, -4.354102143786826e-02, 6.788139123720687e-01, 0.000000000000000e+00, 0.000000000000000e+00, 2.431157306430602e+05, 1.000000000000000e-10, 8.350419922281029e+11, 9.724629225722402e+04, 4.990598853252018e+02, 0.000000000000000e+00, 6.481428763111097e-02, 0.000000000000000e+00, 0.000000000000000e+00, 2.666989656850895e-05, 3.351584391982791e-03, -7.657090824077017e-05, 3.491755505693947e+02, 1.565694062535602e-01, 8.129266963512723e-23
2342, 4.990046873340978e-01, -4.357400374753169e-02, 6.392391203375304e-01, 0.000000000000000e+00, 0.000000000000000e+00, 2.266960804166858e+05, 1.000000000000000e-10, 8.807994994274827e+11, 9.067843216667425e+04, 4.941638849955111e+02, 0.000000000000000e+00, 3.254822081931104e-02, 0.000000000000000e+00, 0.000000000000000e+00, 2.649120828502960e-05, 3.266550432719070e-03, 4.141926248569428e-06, 7.816866765649866e+02, 1.509899661793487e-01, 7.257662200243163e-23
2343, 5.020038969546785e-01, -4.353341544597828e-02, 6.031720526265633e-01, 0.000000000000000e+00, 0.000000000000000e+00, 2.116524672900359e+05, 1.000000000000000e-10, 9.267763353595442e+11, 8.466098691601428e+04, 4.889590192230059e+02, 0.000000000000000e+00, 2.986188769707796e-03, 0.000000000000000e+00, 0.000000000000000e+00, 2.630020359376542e-05, 3.166472404941729e-03, 7.757048961846324e-05, 1.187494947256076e+03, 1.454726114434401e-01, 6.508458570409360e-23
2344, 5.050015123624811e-01, -4.342709684479602e-02, 5.729725234974008e-01, 0.000000000000000e+00, 0.000000000000000e+00, 1.989277036502358e+05, 1.000000000000000e-10, 9.685781027485677e+11, 7.957108146009428e+04, 4.837843439541022e+02, 0.000000000000000e+00, -2.201909868194869e-02, 0.000000000000000e+00, 0.000000000000000e+00, 2.610922455848850e-05, 3.063691440197136e-03, 1.378663817414412e-04, 1.532853487783421e+03, 1.405320578140277e-01, 5.915781815584778e-23
2345, 5.079965751989579e-01, -4.326374440285709e-02, 5.488356077606608e-01, 0.000000000000000e+00, 0.000000000000000e+00, 1.886625288956554e+05, 1.000000000000000e-10, 1.004332888077795e+12, 7.546501155826211e+04, 4.789980088673474e+02, 0.000000000000000e+00, -4.219107615404306e-02, 0.000000000000000e+00, 0.000000000000000e+00, 2.593160281951061e-05, 2.969343462293170e-03, 1.859763329926448e-04, 1.783262525317533e+03, 1.363960697843167e-01, 5.464860408240124e-23
2346, 5.109886255976519e-01, -4.305211113538642e-02, 5.288240052351114e-01, 0.000000000000000e+00, 0.000000000000000e+00, 1.800677036987993e+05, 1.000000000000000e-10, 1.035590109620231e+12, 7.202708147951969e+04, 4.744768215969701e+02, 0.000000000000000e+00, -5.908066881978967e-02, 0.000000000000000e+00, 0.000000000000000e+00, 2.576294789778116e-05, 2.884307547615345e-03, 2.232119798253896e-04, 1.961010179031822e+03, 1.328860192634615e-01, 5.106681809340777e-23
2347, 5.139776212621068e-01, -4.280088074801344e-02, 5.129155192831067e-01, 0.000000000000000e+00, 0.000000000000000e+00, 1.731605569291317e+05, 1.000000000000000e-10, 1.061443530171339e+12, 6.926422277165264e+04, 4.704283333083588e+02, 0.000000000000000e+00, -7.265382391605472e-02, 0.000000000000000e+00, 0.000000000000000e+00, 2.561119696616637e-05, 2.808387172151748e-03, 2.507685936756448e-04, 2.070832859230255e+03, 1.299661690303268e-01, 4.832422367221510e-23
2348, 5.169638487861610e-01, -4.251856706755319e-02, 5.012836317929601e-01, 0.000000000000000e+00, 0.000000000000000e+00, 1.680034508502945e+05, 1.000000000000000e-10, 1.080632531382752e+12, 6.720138034011774e+04, 4.670087471032610e+02, 0.000000000000000e+00, -8.278799407200720e-02, 0.000000000000000e+00, 0.000000000000000e+00, 2.548247619340890e-05, 2.743945400604797e-03, 2.698638935253275e-04, 2.118142136284862e+03, 1.276958419658062e-01, 4.638971761797144e-23
2349, 5.199478649866157e-01, -4.221371410233746e-02, 4.935347298602267e-01, 0.000000000000000e+00, 0.000000000000000e+00, 1.644257519734592e+05, 1.000000000000000e-10, 1.093105550391903e+12, 6.577030078938365e+04, 4.642398894250915e+02, 0.000000000000000e+00, -8.981848920442129e-02, 0.000000000000000e+00, 0.000000000000000e+00, 2.537788205429949e-05, 2.691102358050505e-03, 2.813949460896326e-04, 2.109363432580535e+03, 1.260349997670872e-01, 4.515148196206863e-23
2350, 5.229304011753048e-01, -4.189467489828605e-02, 4.896056438566722e-01, 0.000000000000000e+00, 0.000000000000000e+00, 1.624075370309796e+05, 1.000000000000000e-10, 1.098562098983792e+12, 6.496301481239180e+04, 4.622214561171897e+02, 0.000000000000000e+00, -9.378446029861794e-02, 0.000000000000000e+00, 0.000000000000000e+00, 2.530142596935401e-05, 2.650519311302760e-03, 2.861397677845990e-04, 2.044784142107608e+03, 1.249806046141867e-01, 4.456952195004819e-23
2351, 5.259123104190234e-01, -4.156981574486644e-02, 4.895984349744322e-01, 0.000000000000000e+00, 0.000000000000000e+00, 1.619832424490522e+05, 1.000000000000000e-10, 1.096596896093214e+12, 6.479329697962086e+04, 4.610206766431166e+02, 0.000000000000000e+00, -9.461823672744601e-02, 0.000000000000000e+00, 0.000000000000000e+00, 2.525585746657539e-05, 2.623085605037143e-03, 2.846333222226590e-04, 1.928772688016217e+03, 1.245591885996871e-01, 4.464868888913922e-23
2352, 5.288944956719016e-01, -4.124750576764222e-02, 4.931364869183538e-01, 0.000000000000000e+00, 0.000000000000000e+00, 1.629995839898514e+05, 1.000000000000000e-10, 1.088006798476221e+12, 6.519983359594050e+04, 4.605848998925793e+02, 0.000000000000000e+00, -9.262103559301765e-02, 0.000000000000000e+00, 0.000000000000000e+00, 2.523930452591882e-05, 2.609155276905127e-03, 2.772545167631830e-04, 1.772145891734727e+03, 1.247431237380200e-01, 4.532633069971342e-23
2353, 5.318778169063308e-01, -4.093590804568654e-02, 4.990946854549024e-01, 0.000000000000000e+00, 0.000000000000000e+00, 1.650290820032504e+05, 1.000000000000000e-10, 1.075279482738895e+12, 6.601163280130010e+04, 4.607526854333091e+02, 0.000000000000000e+00, -8.863289226524064e-02, 0.000000000000000e+00, 0.000000000000000e+00, 2.524567882989061e-05, 2.607783158612084e-03, 2.659345145065098e-04, 1.587815215604026e+03, 1.254022652030425e-01, 4.641685915021688e-23
2354, 5.348626253651787e-01, -4.063889240680657e-02, 5.054526010551272e-01, 0.000000000000000e+00, 0.000000000000000e+00, 1.673007027918039e+05, 1.000000000000000e-10, 1.062492794314762e+12, 6.692028111672151e+04, 4.612195059104656e+02, 0.000000000000000e+00, -8.416895624199895e-02, 0.000000000000000e+00, 0.000000000000000e+00, 2.526340721480895e-05, 2.614242549111740e-03, 2.543507579696322e-04, 1.396206541913447e+03, 1.262367730040447e-01, 4.757377397599366e-23
2355, 5.378487088840629e-01, -4.035497461209713e-02, 5.109977779588439e-01, 0.000000000000000e+00, 0.000000000000000e+00, 1.693316567537345e+05, 1.000000000000000e-10, 1.051798575174749e+12, 6.773266270149377e+04, 4.617527414640563e+02, 0.000000000000000e+00, -8.017795184641911e-02, 0.000000000000000e+00, 0.000000000000000e+00, 2.528364616797579e-05, 2.622369056453016e-03, 2.443386711373651e-04, 1.216882340160733e+03, 1.269979359483963e-01, 4.858459484795408e-23
2356, 5.408358441238296e-01, -4.008233903751248e-02, 5.157205918419188e-01, 0.000000000000000e+00, 0.000000000000000e+00, 1.710957209302146e+05, 1.000000000000000e-10, 1.043001722398138e+12, 6.843828837208579e+04, 4.622905462591164e+02, 0.000000000000000e+00, -7.671140951489122e-02, 0.000000000000000e+00, 0.000000000000000e+00, 2.530404596185589e-05, 2.629568789242427e-03, 2.358096109413933e-04, 1.055995351217284e+03, 1.276351749096061e-01, 4.944708419796535e-23
2357, 5.438238268776522e-01, -3.981914902154349e-02, 5.195948526615165e-01, 0.000000000000000e+00, 0.000000000000000e+00, 1.725653126308535e+05, 1.000000000000000e-10, 1.035986566829091e+12, 6.902612505234136e+04, 4.627847071170942e+02, 0.000000000000000e+00, -7.382353167674362e-02, 0.000000000000000e+00, 0.000000000000000e+00, 2.532277914754957e-05, 2.635167733596752e-03, 2.287255767386315e-04, 9.149222119642292e+02, 1.281389332405015e-01, 5.015580731872054e-23
2358, 5.468124718627295e-01, -3.956358358634955e-02, 5.226612135225295e-01, 0.000000000000000e+00, 0.000000000000000e+00, 1.737467240266766e+05, 1.000000000000000e-10, 1.030574733650990e+12, 6.949868961067061e+04, 4.632193458431462e+02, 0.000000000000000e+00, -7.150195365867959e-02, 0.000000000000000e+00, 0.000000000000000e+00, 2.533924711077555e-05, 2.639436576853974e-03, 2.231381775964035e-04, 7.951671626221811e+02, 1.285245605399232e-01, 5.071666726669800e-23
2359, 5.498016048259955e-01, -3.931378719956739e-02, 5.247249432767827e-01, 0.000000000000000e+00, 0.000000000000000e+00, 1.745446797109355e+05, 1.000000000000000e-10, 1.026976052657165e+12, 6.981787188437415e+04, 4.635165474662251e+02, 0.000000000000000e+00, -6.993390007250788e-02, 0.000000000000000e+00, 0.000000000000000e+00, 2.535050300802251e-05, 2.640146819666385e-03, 2.188859636648146e-04, 6.970840397586873e+02, 1.287294160772662e-01, 5.109532283447684e-23
2360, 5.527910636211633e-01, -3.906791803901886e-02, 5.262023183466844e-01, 0.000000000000000e+00, 0.000000000000000e+00, 1.751325352113385e+05, 1.000000000000000e-10, 1.024479538560474e+12, 7.005301408453537e+04, 4.637718817055596e+02, 0.000000000000000e+00, -6.877871195399232e-02, 0.000000000000000e+00, 0.000000000000000e+00, 2.536017019857097e-05, 2.640582964462127e-03, 2.162517668439083e-04, 6.149842665494070e+02, 1.288666590217174e-01, 5.136397404265039e-23
2361, 5.557806926981171e-01, -3.882412702457469e-02, 5.267859865023530e-01, 0.000000000000000e+00, 0.000000000000000e+00, 1.753764250141037e+05, 1.000000000000000e-10, 1.023542755057248e+12, 7.015057000564144e+04, 4.639031656507937e+02, 0.000000000000000e+00, -6.829944689278555e-02, 0.000000000000000e+00, 0.000000000000000e+00, 2.536513962789205e-05, 2.639141612243202e-03, 2.151152336938179e-04, 5.529738599321043e+02, 1.288756341236286e-01, 5.146796982601431e-23
2362, 5.587703392319457e-01, -3.858055000072706e-02, 5.264271659187136e-01, 0.000000000000000e+00, 0.000000000000000e+00, 1.752503913877741e+05, 1.000000000000000e-10, 1.024212467526248e+12, 7.010015655510961e+04, 4.638857593947605e+02, 0.000000000000000e+00, -6.854711413000543e-02, 0.000000000000000e+00, 0.000000000000000e+00, 2.536448080011609e-05, 2.634878386091234e-03, 2.153935390595188e-04, 5.098255426532246e+02, 1.287322243033227e-01, 5.139926068844336e-23
2363, 5.617598528666887e-01, -3.833534831049414e-02, 5.252860740251933e-01, 0.000000000000000e+00, 0.000000000000000e+00, 1.748199362489167e+05, 1.000000000000000e-10, 1.026230317826185e+12, 6.992797449956666e+04, 4.637515849278238e+02, 0.000000000000000e+00, -6.939299659877725e-02, 0.000000000000000e+00, 0.000000000000000e+00, 2.535940184740615e-05, 2.628506634578487e-03, 2.171029501388328e-04, 4.817003559064156e+02, 1.284672378222371e-01, 5.118697529500616e-23
2364, 5.647490828493185e-01, -3.808673238566766e-02, 5.235421593753643e-01, 0.000000000000000e+00, 0.000000000000000e+00, 1.741375864473419e+05, 1.000000000000000e-10, 1.029231029151394e+12, 6.965503457893674e+04, 4.634802126235086e+02, 0.000000000000000e+00, -7.073387438746884e-02, 0.000000000000000e+00, 0.000000000000000e+00, 2.534912710700240e-05, 2.618818577040577e-03, 2.195508668048375e-04, 4.687618890302594e+02, 1.280756943556867e-01, 5.086828994495102e-23
2365, 5.677379847528640e-01, -3.783416657572632e-02, 5.217772107690259e-01, 0.000000000000000e+00, 0.000000000000000e+00, 1.734293019489400e+05, 1.000000000000000e-10, 1.032213051779922e+12, 6.937172077957596e+04, 4.631564386413192e+02, 0.000000000000000e+00, -7.212571615219113e-02, 0.000000000000000e+00, 0.000000000000000e+00, 2.533686413789201e-05, 2.607145259143031e-03, 2.218330066775278e-04, 4.615906145897711e+02, 1.276427791952571e-01, 5.055034315540153e-23
2366, 5.707265896461480e-01, -3.757812692898056e-02, 5.203193648530126e-01, 0.000000000000000e+00, 0.000000000000000e+00, 1.728345492729383e+05, 1.000000000000000e-10, 1.034647750730981e+12, 6.913381970917527e+04, 4.628613402954624e+02, 0.000000000000000e+00, -7.329445783156892e-02, 0.000000000000000e+00, 0.000000000000000e+00, 2.532568328808210e-05, 2.595988819086145e-03, 2.236999999320305e-04, 4.521771431192501e+02, 1.272533380709860e-01, 5.029046753491109e-23
2367, 5.737149392401005e-01, -3.731912401908722e-02, 5.190420037900634e-01, 0.000000000000000e+00, 0.000000000000000e+00, 1.722984601978156e+05, 1.000000000000000e-10, 1.036727967335497e+12, 6.891938407912619e+04, 4.625612288299844e+02, 0.000000000000000e+00, -7.434792033999679e-02, 0.000000000000000e+00, 0.000000000000000e+00, 2.531430860875694e-05, 2.584796805324743e-03, 2.250987936204759e-04, 4.432445566157340e+02, 1.268847392582743e-01, 5.006633831066851e-23
2368, 5.767030745870551e-01, -3.705766065963292e-02, 5.180498544706656e-01, 0.000000000000000e+00, 0.000000000000000e+00, 1.718714609997247e+05, 1.000000000000000e-10, 1.038304226782955e+12, 6.874858439988983e+04, 4.622985692036629e+02, 0.000000000000000e+00, -7.518701157910583e-02, 0.000000000000000e+00, 0.000000000000000e+00, 2.530435018937003e-05, 2.574263634490690e-03, 2.260962135160977e-04, 4.307241189166932e+02, 1.265587304251391e-01, 4.989476054940199e-23
2369, 5.796910386217730e-01, -3.679424637109164e-02, 5.173235710206934e-01, 0.000000000000000e+00, 0.000000000000000e+00, 1.715476494842489e+05, 1.000000000000000e-10, 1.039413278186633e+12, 6.861905979369950e+04, 4.620753930936964e+02, 0.000000000000000e+00, -7.582332988362067e-02, 0.000000000000000e+00, 0.000000000000000e+00, 2.529588637442094e-05, 2.564575331949389e-03, 2.267145006561969e-04, 4.152128481867858e+02, 1.262771694681030e-01, 4.977162828218824e-23
2370, 5.826788748131116e-01, -3.652938584259262e-02, 5.168166511260653e-01, 0.000000000000000e+00, 0.000000000000000e+00, 1.713094018596419e+05, 1.000000000000000e-10, 1.040136768757855e+12, 6.852376074385671e+04, 4.618862541842380e+02, 0.000000000000000e+00, -7.629150756507785e-02, 0.000000000000000e+00, 0.000000000000000e+00, 2.528871169698744e-05, 2.555595909486160e-03, 2.269500976538422e-04, 3.974695321959531e+02, 1.260321063335476e-01, 4.968825281229692e-23
2371, 5.856666273707282e-01, -3.626358327013713e-02, 5.165258175436819e-01, 0.000000000000000e+00, 0.000000000000000e+00, 1.711561732953395e+05, 1.000000000000000e-10, 1.040482157972074e+12, 6.846246931813574e+04, 4.617329534421446e+02, 0.000000000000000e+00, -7.659261526378608e-02, 0.000000000000000e+00, 0.000000000000000e+00, 2.528289533579446e-05, 2.547227032033578e-03, 2.267979098437070e-04, 3.774270608208029e+02, 1.258203929377406e-01, 4.964378907080414e-23
2372, 5.886543413295005e-01, -3.599734715926563e-02, 5.164498782648479e-01, 0.000000000000000e+00, 0.000000000000000e+00, 1.710878255511398e+05, 1.000000000000000e-10, 1.040452276833470e+12, 6.843513022045589e+04, 4.616164362965106e+02, 0.000000000000000e+00, -7.672692463398441e-02, 0.000000000000000e+00, 0.000000000000000e+00, 2.527847388879986e-05, 2.539407551947166e-03, 2.262584764777387e-04, 3.551515090786208e+02, 1.256402017632979e-01, 4.963790002520557e-23
2373, 5.916420613079628e-01, -3.573117854530462e-02, 5.166108949466370e-01, 0.000000000000000e+00, 0.000000000000000e+00, 1.711148662048618e+05, 1.000000000000000e-10, 1.040016152321458e+12, 6.844594648194466e+04, 4.615454965628655e+02, 0.000000000000000e+00, -7.667378735471247e-02, 0.000000000000000e+00, 0.000000000000000e+00, 2.527578166581363e-05, 2.532325648881967e-03, 2.253527859870103e-04, 3.301184802034403e+02, 1.254972086870332e-01, 4.967417922158907e-23
2374, 5.946298324569976e-01, -3.546558554566089e-02, 5.169724438518263e-01, 0.000000000000000e+00, 0.000000000000000e+00, 1.712231971886793e+05, 1.000000000000000e-10, 1.039239684482184e+12, 6.848927887547169e+04, 4.615147060906346e+02, 0.000000000000000e+00, -7.646090737776684e-02, 0.000000000000000e+00, 0.000000000000000e+00, 2.527461307283290e-05, 2.525996130640708e-03, 2.241089191655497e-04, 3.031853173942328e+02, 1.253884323062357e-01, 4.974606567761683e-23
2375, 5.976176942909501e-01, -3.520101437248475e-02, 5.174446769836446e-01, 0.000000000000000e+00, 0.000000000000000e+00, 1.713810579452227e+05, 1.000000000000000e-10, 1.038296168892031e+12, 6.855242317808907e+04, 4.615186253553882e+02, 0.000000000000000e+00, -7.615069701108007e-02, 0.000000000000000e+00, 0.000000000000000e+00, 2.527476182326916e-05, 2.520562175629997e-03, 2.227422168214284e-04, 2.750716497174539e+02, 1.253080158007385e-01, 4.983673244095595e-23
2376, 6.006056497421235e-01, -3.493750224651512e-02, 5.178803821188811e-01, 0.000000000000000e+00, 0.000000000000000e+00, 1.715308023163819e+05, 1.000000000000000e-10, 1.037444299657832e+12, 6.861232092655270e+04, 4.615332518079900e+02, 0.000000000000000e+00, -7.585643606045711e-02, 0.000000000000000e+00, 0.000000000000000e+00, 2.527531694472649e-05, 2.515598058558445e-03, 2.214650588272081e-04, 2.481205095934871e+02, 1.252326770115741e-01, 4.991963378075013e-23
2377, 6.035936859633860e-01, -3.467490753169423e-02, 5.182617628150304e-01, 0.000000000000000e+00, 0.000000000000000e+00, 1.716654620489884e+05, 1.000000000000000e-10, 1.036714568628737e+12, 6.866618481959532e+04, 4.615556753732366e+02, 0.000000000000000e+00, -7.559181776047876e-02, 0.000000000000000e+00, 0.000000000000000e+00, 2.527616797380991e-05, 2.510948813865548e-03, 2.203383234585052e-04, 2.228763810576421e+02, 1.251571852038311e-01, 4.999153792350007e-23
2378, 6.065817902991492e-01, -3.441308980775248e-02, 5.185766059490664e-01, 0.000000000000000e+00, 0.000000000000000e+00, 1.717775317212620e+05, 1.000000000000000e-10, 1.036116579519039e+12, 6.871101268850478e+04, 4.615765892953151e+02, 0.000000000000000e+00, -7.537159092962034e-02, 0.000000000000000e+00, 0.000000000000000e+00, 2.527696168843265e-05, 2.506456019292756e-03, 2.193474966850615e-04, 2.001862132571314e+02, 1.250779183971918e-01, 5.005075734037482e-23
2379, 6.095699502369021e-01, -3.415190668993440e-02, 5.187617628425173e-01, 0.000000000000000e+00, 0.000000000000000e+00, 1.718376871515736e+05, 1.000000000000000e-10, 1.035741282168512e+12, 6.873507486062941e+04, 4.615734265597280e+02, 0.000000000000000e+00, -7.525338018171976e-02, 0.000000000000000e+00, 0.000000000000000e+00, 2.527684165911408e-05, 2.501373254782195e-03, 2.184271121392441e-04, 1.809701989718870e+02, 1.249729004896476e-01, 5.008676095363436e-23
2380, 6.125581532125203e-01, -3.389121659680003e-02, 5.189902315488435e-01, 0.000000000000000e+00, 0.000000000000000e+00, 1.719232375064710e+05, 1.000000000000000e-10, 1.035325105846152e+12, 6.876929500258838e+04, 4.615999295041792e+02, 0.000000000000000e+00, -7.508526615804467e-02, 0.000000000000000e+00, 0.000000000000000e+00, 2.527784746168856e-05, 2.497186296334050e-03, 2.177057510257767e-04, 1.614199107634876e+02, 1.248900164562140e-01, 5.012893389217987e-23
2381, 6.155463868750132e-01, -3.363087843158299e-02, 5.190334588295364e-01, 0.000000000000000e+00, 0.000000000000000e+00, 1.719302345270541e+05, 1.000000000000000e-10, 1.035207921583751e+12, 6.877209381082159e+04, 4.615802703957699e+02, 0.000000000000000e+00, -7.507151639294594e-02, 0.000000000000000e+00, 0.000000000000000e+00, 2.527710138972137e-05, 2.492114245043196e-03, 2.170278091074478e-04, 1.474106123364210e+02, 1.247714873672435e-01, 5.013877693817664e-23
2382, 6.185346387476087e-01, -3.337074946154631e-02, 5.190551445750626e-01, 0.000000000000000e+00, 0.000000000000000e+00, 1.719308628135972e+05, 1.000000000000000e-10, 1.035136907761693e+12, 6.877234512543885e+04, 4.615626725959621e+02, 0.000000000000000e+00, -7.507028175424789e-02, 0.000000000000000e+00, 0.000000000000000e+00, 2.527643353100649e-05, 2.487072280612665e-03, 2.164722559634614e-04, 1.331214899841709e+02, 1.246508517334697e-01, 5.014430518441612e-23
2383, 6.215228965841159e-01, -3.311068907094315e-02, 5.189840792941660e-01, 0.000000000000000e+00, 0.000000000000000e+00, 1.718942431434429e+05, 1.000000000000000e-10, 1.035223740975248e+12, 6.875769725737711e+04, 4.615275530703933e+02, 0.000000000000000e+00, -7.514224264912303e-02, 0.000000000000000e+00, 0.000000000000000e+00, 2.527510066020856e-05, 2.481754153691686e-03, 2.160115753056434e-04, 1.211402319160233e+02, 1.245155558339879e-01, 5.013322942649150e-23
2384, 6.245111479764907e-01, -3.285055483572524e-02, 5.189395669122976e-01, 0.000000000000000e+00, 0.000000000000000e+00, 1.718739233734014e+05, 1.000000000000000e-10, 1.035288159873791e+12, 6.874956934936051e+04, 4.615125786404115e+02, 0.000000000000000e+00, -7.518217279676442e-02, 0.000000000000000e+00, 0.000000000000000e+00, 2.527453232803225e-05, 2.477120323690415e-03, 2.157290267118630e-04, 1.085366419056516e+02, 1.243969807622805e-01, 5.012578838109628e-23
2385, 6.274993806375037e-01, -3.259020523506898e-02, 5.188487927309915e-01, 0.000000000000000e+00, 0.000000000000000e+00, 1.718356924114733e+05, 1.000000000000000e-10, 1.035434450155066e+12, 6.873427696458927e+04, 4.614906466664535e+02, 0.000000000000000e+00, -7.525730002267024e-02, 0.000000000000000e+00, 0.000000000000000e+00, 2.527369991494413e-05, 2.472654129916245e-03, 2.155575021426727e-04, 9.841681486873394e+01, 1.242784827472721e-01, 5.010992445357669e-23
2386, 6.304875866288145e-01, -3.232954942214258e-02, 5.187243913784423e-01, 0.000000000000000e+00, 0.000000000000000e+00, 1.717821169433442e+05, 1.000000000000000e-10, 1.035630597124652e+12, 6.871284677733765e+04, 4.614574026265338e+02, 0.000000000000000e+00, -7.536258056216363e-02, 0.000000000000000e+00, 0.000000000000000e+00, 2.527243812001235e-05, 2.468021250708162e-03, 2.153986240608390e-04, 9.024574975990475e+01, 1.241538473367797e-01, 5.008841154376520e-23
2387, 6.334757679150507e-01, -3.206861102429427e-02, 5.185741927597399e-01, 0.000000000000000e+00, 0.000000000000000e+00, 1.717148412512578e+05, 1.000000000000000e-10, 1.035856996294103e+12, 6.868593650050308e+04, 4.614102833875527e+02, 0.000000000000000e+00, -7.549478325501902e-02, 0.000000000000000e+00, 0.000000000000000e+00, 2.527064960183161e-05, 2.463028353990421e-03, 2.151811364909818e-04, 8.320534026719970e+01, 1.240194950978603e-01, 5.006295891119026e-23
2388, 6.364639280062885e-01, -3.180742959856059e-02, 5.184458060634024e-01, 0.000000000000000e+00, 0.000000000000000e+00, 1.716555250441963e+05, 1.000000000000000e-10, 1.036042904915624e+12, 6.866221001767846e+04, 4.613651195033834e+02, 0.000000000000000e+00, -7.561134485491210e-02, 0.000000000000000e+00, 0.000000000000000e+00, 2.526893521244672e-05, 2.458051925647756e-03, 2.149312665282004e-04, 7.582083554162608e+01, 1.238876152788842e-01, 5.004157695919588e-23
2389, 6.394520703217488e-01, -3.154604507195433e-02, 5.183308973550278e-01, 0.000000000000000e+00, 0.000000000000000e+00, 1.716009183321467e+05, 1.000000000000000e-10, 1.036202999434720e+12, 6.864036733285864e+04, 4.613205983904979e+02, 0.000000000000000e+00, -7.571865188003574e-02, 0.000000000000000e+00, 0.000000000000000e+00, 2.526724513486865e-05, 2.453127428769349e-03, 2.146522279877165e-04, 6.844535313158704e+01, 1.237583468881301e-01, 5.002275054889738e-23
2390, 6.424401983335726e-01, -3.128449722832821e-02, 5.182263311517151e-01, 0.000000000000000e+00, 0.000000000000000e+00, 1.715499648496865e+05, 1.000000000000000e-10, 1.036343469188913e+12, 6.861998593987456e+04, 4.612766746971478e+02, 0.000000000000000e+00, -7.581877998548796e-02, 0.000000000000000e+00, 0.000000000000000e+00, 2.526557765110086e-05, 2.448223192050336e-03, 2.143416183973700e-04, 6.114585666596179e+01, 1.236305248813751e-01, 5.000587623062376e-23
2391, 6.454283155280581e-01, -3.102282559032403e-02, 5.181586895005281e-01, 0.000000000000000e+00, 0.000000000000000e+00, 1.715146866630309e+05, 1.000000000000000e-10, 1.036424455529422e+12, 6.860587466521231e+04, 4.612420197653527e+02, 0.000000000000000e+00, -7.588810474648691e-02, 0.000000000000000e+00, 0.000000000000000e+00, 2.526426197956049e-05, 2.443570592116129e-03, 2.140197952943981e-04, 5.344827864949065e+01, 1.235115538075408e-01, 4.999543584513610e-23
2392, 6.484164253782359e-01, -3.076107020196836e-02, 5.181153678297150e-01, 0.000000000000000e+00, 0.000000000000000e+00, 1.714895998996911e+05, 1.000000000000000e-10, 1.036465755600439e+12, 6.859583995987641e+04, 4.612131163751418e+02, 0.000000000000000e+00, -7.593740245812221e-02, 0.000000000000000e+00, 0.000000000000000e+00, 2.526316462460888e-05, 2.439128208085915e-03, 2.136833757527667e-04, 4.576379665281830e+01, 1.233995484619390e-01, 4.998925726583111e-23
2393, 6.514045313399425e-01, -3.049927050835782e-02, 5.180989306936593e-01, 0.000000000000000e+00, 0.000000000000000e+00, 1.714757676489697e+05, 1.000000000000000e-10, 1.036463127981406e+12, 6.859030705958784e+04, 4.611905463994383e+02, 0.000000000000000e+00, -7.596458405576782e-02, 0.000000000000000e+00, 0.000000000000000e+00, 2.526230770058535e-05, 2.434871695408907e-03, 2.133304813064081e-04, 3.797494778861635e+01, 1.232940998571700e-01, 4.998779127960119e-23
2394, 6.543926369249156e-01, -3.023746639645943e-02, 5.181205438270118e-01, 0.000000000000000e+00, 0.000000000000000e+00, 1.714783786133302e+05, 1.000000000000000e-10, 1.036400387844490e+12, 6.859135144533204e+04, 4.611783300660172e+02, 0.000000000000000e+00, -7.595945327957358e-02, 0.000000000000000e+00, 0.000000000000000e+00, 2.526184386847329e-05, 2.430942477169365e-03, 2.129735188499062e-04, 2.999371577853033e+01, 1.231993817886026e-01, 4.999289332270175e-23
2395, 6.573807456175969e-01, -2.997569769819609e-02, 5.181794028550072e-01, 0.000000000000000e+00, 0.000000000000000e+00, 1.714971994301403e+05, 1.000000000000000e-10, 1.036279302044671e+12, 6.859887977205608e+04, 4.611765571189350e+02, 0.000000000000000e+00, -7.592246870777848e-02, 0.000000000000000e+00, 0.000000000000000e+00, 2.526177655233246e-05, 2.427416614495405e-03, 2.126209281703665e-04, 2.199635527187481e+01, 1.231172288468085e-01, 5.000440246604065e-23
2396, 6.603688605718054e-01, -2.971400033333390e-02, 5.182086406207035e-01, 0.000000000000000e+00, 0.000000000000000e+00, 1.715026653900470e+05, 1.000000000000000e-10, 1.036202895312367e+12, 6.860106615601874e+04, 4.611652349442321e+02, 0.000000000000000e+00, -7.591172761249892e-02, 0.000000000000000e+00, 0.000000000000000e+00, 2.526134666310008e-05, 2.423759975167898e-03, 2.122399143080197e-04, 1.517947130578174e+01, 1.230298929535669e-01, 5.001090542912933e-23
2397, 6.633569822501072e-01, -2.945238022296606e-02, 5.182282154904390e-01, 0.000000000000000e+00, 0.000000000000000e+00, 1.715043877943484e+05, 1.000000000000000e-10, 1.036143581019285e+12, 6.860175511773933e+04, 4.611524468119973e+02, 0.000000000000000e+00, -7.590834293551116e-02, 0.000000000000000e+00, 0.000000000000000e+00, 2.526086110649090e-05, 2.420067239610023e-03, 2.118574932929965e-04, 8.640700901328001e+00, 1.229406903415858e-01, 5.001565264068870e-23
2398, 6.663451098398983e-01, -2.919082760139101e-02, 5.182344919866585e-01, 0.000000000000000e+00, 0.000000000000000e+00, 1.715010232039508e+05, 1.000000000000000e-10, 1.036108047366332e+12, 6.860040928158029e+04, 4.611378148281649e+02, 0.000000000000000e+00, -7.591495465360912e-02, 0.000000000000000e+00, 0.000000000000000e+00, 2.526030553131950e-05, 2.416355047573278e-03, 2.114815655029895e-04, 2.473537674201024e+00, 1.228496968030019e-01, 5.001797011228921e-23
2399, 6.693332424853879e-01, -2.892933255591080e-02, 5.182351328565719e-01, 0.000000000000000e+00, 0.000000000000000e+00, 1.714958512625082e+05, 1.000000000000000e-10, 1.036084046126279e+12, 6.859834050500325e+04, 4.611233380912542e+02, 0.000000000000000e+00, -7.592511797656869e-02, 0.000000000000000e+00, 0.000000000000000e+00, 2.525975584163628e-05, 2.412670964188847e-03, 2.111163148225213e-04, -3.413549207449707e+00, 1.227586626543851e-01, 5.001918751504526e-23
2400, 6.723213793029206e-01, -2.866788518439888e-02, 5.182483382058466e-01, 0.000000000000000e+00, 0.000000000000000e+00, 1.714969699213199e+05, 1.000000000000000e-10, 1.036043747244612e+12, 6.859878796852795e+04, 4.611145961367442e+02, 0.000000000000000e+00, -7.592291971293565e-02, 0.000000000000000e+00, 0.000000000000000e+00, 2.525942390035991e-05, 2.409252375365252e-03, 2.107824326287192e-04, -9.231570222334909e+00, 1.226747597199993e-01, 5.002240213184759e-23
2401, 6.753095194125073e-01, -2.840647567232253e-02, 5.181855973702459e-01, 0.000000000000000e+00, 0.000000000000000e+00, 1.714649403198724e+05, 1.000000000000000e-10, 1.036122178722967e+12, 6.858597612794893e+04, 4.610842965203426e+02, 0.000000000000000e+00, -7.598586071630743e-02, 0.000000000000000e+00, 0.000000000000000e+00, 2.525827336592122e-05, 2.405293545646527e-03, 2.104094111337057e-04, -1.327688505012071e+01, 1.225720342445991e-01, 5.001256462878153e-23
2402, 6.782976619836317e-01, -2.814509405901090e-02, 5.182387340124727e-01, 0.000000000000000e+00, 0.000000000000000e+00, 1.714849179597423e+05, 1.000000000000000e-10, 1.036025350047987e+12, 6.859396718389689e+04, 4.610907362232122e+02, 0.000000000000000e+00, -7.594660288475211e-02, 0.000000000000000e+00, 0.000000000000000e+00, 2.525851789713071e-05, 2.402233374902684e-03, 2.101230885944142e-04, -1.962751460295108e+01, 1.224990905382186e-01, 5.002235476093104e-23
2403, 6.812858061217965e-01, -2.788373053240354e-02, 5.182766412910880e-01, 0.000000000000000e+00, 0.000000000000000e+00, 1.714987810161476e+05, 1.000000000000000e-10, 1.035954640727161e+12, 6.859951240645901e+04, 4.610942840082114e+02, 0.000000000000000e+00, -7.591936075120957e-02, 0.000000000000000e+00, 0.000000000000000e+00, 2.525865261439624e-05, 2.399416544836213e-03, 2.098660751661934e-04, -2.476212998117044e+01, 1.224310499428688e-01, 5.002941859931127e-23
2404, 6.842739509750225e-01, -2.762237518496573e-02, 5.182860534330680e-01, 0.000000000000000e+00, 0.000000000000000e+00, 1.715004381422705e+05, 1.000000000000000e-10, 1.035929431397838e+12, 6.860017525690819e+04, 4.610903657702847e+02, 0.000000000000000e+00, -7.591610435162360e-02, 0.000000000000000e+00, 0.000000000000000e+00, 2.525850383017959e-05, 2.396537342492293e-03, 2.096116393922948e-04, -2.888951396935671e+01, 1.223593977610241e-01, 5.003153845726244e-23
2405, 6.872620956870663e-01, -2.736101810433159e-02, 5.182706033597400e-01, 0.000000000000000e+00, 0.000000000000000e+00, 1.714912812103624e+05, 1.000000000000000e-10, 1.035943238835590e+12, 6.859651248414494e+04, 4.610794914976107e+02, 0.000000000000000e+00, -7.593409853375689e-02, 0.000000000000000e+00, 0.000000000000000e+00, 2.525809090631686e-05, 2.393511350414041e-03, 2.093522118261055e-04, -3.243716105865934e+01, 1.222823127536882e-01, 5.002937737886347e-23
2406, 6.902502394050668e-01, -2.709964977523492e-02, 5.182553839565086e-01, 0.000000000000000e+00, 0.000000000000000e+00, 1.714823904126203e+05, 1.000000000000000e-10, 1.035957329417334e+12, 6.859295616504808e+04, 4.610691269215131e+02, 0.000000000000000e+00, -7.595156973868537e-02, 0.000000000000000e+00, 0.000000000000000e+00, 2.525769733211349e-05, 2.390482862989434e-03, 2.090979850508210e-04, -3.592681809347204e+01, 1.222050604737235e-01, 5.002722378974154e-23
2407, 6.932383818041284e-01, -2.683826623502842e-02, 5.183032518148605e-01, 0.000000000000000e+00, 0.000000000000000e+00, 1.715017413639034e+05, 1.000000000000000e-10, 1.035875816167582e+12, 6.860069654556134e+04, 4.610785695132676e+02, 0.000000000000000e+00, -7.591354340570226e-02, 0.000000000000000e+00, 0.000000000000000e+00, 2.525805589598219e-05, 2.388138926280155e-03, 2.089047716514870e-04, -4.042013222250390e+01, 1.221490659214102e-01, 5.003576989582974e-23
2408, 6.962265229708977e-01, -2.657686856686145e-02, 5.181718287375547e-01, 0.000000000000000e+00, 0.000000000000000e+00, 1.714414986864539e+05, 1.000000000000000e-10, 1.036068955188125e+12, 6.857659947458151e+04, 4.610335099605778e+02, 0.000000000000000e+00, -7.603192560195558e-02, 0.000000000000000e+00, 0.000000000000000e+00, 2.525634481286556e-05, 2.384532507478318e-03, 2.086001528754628e-04, -4.088853760759666e+01, 1.220496167817952e-01, 5.001377068128259e-23
2409, 6.992146629939195e-01, -2.631545802591094e-02, 5.181635212177138e-01, 0.000000000000000e+00, 0.000000000000000e+00, 1.714356502930138e+05, 1.000000000000000e-10, 1.036072305278951e+12, 6.857426011720546e+04, 4.610251740224683e+02, 0.000000000000000e+00, -7.604341821299659e-02, 0.000000000000000e+00, 0.000000000000000e+00, 2.525602825574850e-05, 2.381583920468622e-03, 2.083520444246482e-04, -4.445236132927226e+01, 1.219747062810595e-01, 5.001280124282432e-23
2410, 7.022028020021344e-01, -2.605403586568780e-02, 5.181699453448074e-01, 0.000000000000000e+00, 0.000000000000000e+00, 1.714366603259182e+05, 1.000000000000000e-10, 1.036054476047801e+12, 6.857466413036722e+04, 4.610221745096870e+02, 0.000000000000000e+00, -7.604143340889136e-02, 0.000000000000000e+00, 0.000000000000000e+00, 2.525591434855386e-05, 2.379039751455870e-03, 2.081382921425749e-04, -4.769409014271333e+01, 1.219108632232953e-01, 5.001427523957706e-23
2411, 7.051909401285585e-01, -2.579260332564239e-02, 5.181592439318717e-01, 0.000000000000000e+00, 0.000000000000000e+00, 1.714302359067036e+05, 1.000000000000000e-10, 1.036063610299931e+12, 6.857209436268138e+04, 4.610144191784280e+02, 0.000000000000000e+00, -7.605405796159177e-02, 0.000000000000000e+00, 0.000000000000000e+00, 2.525561983622139e-05, 2.376511146484708e-03, 2.079248802513043e-04, -5.020080167537375e+01, 1.218462384662616e-01, 5.001279743471259e-23
2412, 7.081790774453715e-01, -2.553116166931723e-02, 5.181360682101193e-01, 0.000000000000000e+00, 0.000000000000000e+00, 1.714183276995279e+05, 1.000000000000000e-10, 1.036092078992693e+12, 6.856733107981112e+04, 4.610030146275668e+02, 0.000000000000000e+00, -7.607745864327750e-02, 0.000000000000000e+00, 0.000000000000000e+00, 2.525518673828261e-05, 2.373945340888093e-03, 2.077071946780652e-04, -5.231679273305689e+01, 1.217798249475929e-01, 5.000918402519791e-23
2413, 7.111672140741431e-01, -2.526971213919215e-02, 5.181095049850997e-01, 0.000000000000000e+00, 0.000000000000000e+00, 1.714049164924954e+05, 1.000000000000000e-10, 1.036125742951416e+12, 6.856196659699811e+04, 4.609905808191874e+02, 0.000000000000000e+00, -7.610381285278697e-02, 0.000000000000000e+00, 0.000000000000000e+00, 2.525471454688559e-05, 2.371390469829717e-03, 2.074894532393255e-04, -5.431018970728870e+01, 1.217134453586373e-01, 5.000499362833929e-23
2414, 7.141553501316074e-01, -2.500825598682738e-02, 5.180821251821559e-01, 0.000000000000000e+00, 0.000000000000000e+00, 1.713911454793441e+05, 1.000000000000000e-10, 1.036160676380707e+12, 6.855645819173761e+04, 4.609779045654504e+02, 0.000000000000000e+00, -7.613087411318406e-02, 0.000000000000000e+00, 0.000000000000000e+00, 2.525423314131392e-05, 2.368875304241450e-03, 2.072741717875656e-04, -5.620970585867755e+01, 1.216479970177015e-01, 5.000066368012191e-23
2415, 7.171434857170150e-01, -2.474679446896451e-02, 5.180557850025812e-01, 0.000000000000000e+00, 0.000000000000000e+00, 1.713778667331143e+05, 1.000000000000000e-10, 1.036194153013539e+12, 6.855114669324570e+04, 4.609656259972791e+02, 0.000000000000000e+00, -7.615696802548547e-02, 0.000000000000000e+00, 0.000000000000000e+00, 2.525376683192045e-05, 2.366422331956655e-03, 2.070633204598879e-04, -5.802384976699965e+01, 1.215841600063385e-01, 4.999650461889299e-23
2416, 7.201316209365092e-01, -2.448532884059507e-02, 5.180298282624622e-01, 0.000000000000000e+00, 0.000000000000000e+00, 1.713648148226948e+05, 1.000000000000000e-10, 1.036227286588120e+12, 6.854592592907789e+04, 4.609536151531761e+02, 0.000000000000000e+00, -7.618261618533126e-02, 0.000000000000000e+00, 0.000000000000000e+00, 2.525331068363008e-05, 2.364030795717555e-03, 2.068567516762545e-04, -5.972580356355475e+01, 1.215218638057329e-01, 4.999239943670194e-23
2417, 7.231197559043995e-01, -2.422386057134294e-02, 5.180064134907102e-01, 0.000000000000000e+00, 0.000000000000000e+00, 1.713529525857181e+05, 1.000000000000000e-10, 1.036256790457906e+12, 6.854118103428720e+04, 4.609425414093173e+02, 0.000000000000000e+00, -7.620592653150496e-02, 0.000000000000000e+00, 0.000000000000000e+00, 2.525289011896940e-05, 2.361716265478920e-03, 2.066556959319614e-04, -6.135983714260203e+01, 1.214616416124107e-01, 4.998871472531593e-23
2418, 7.261078907960151e-01, -2.396239125281378e-02, 5.179854063805117e-01, 0.000000000000000e+00, 0.000000000000000e+00, 1.713422159476741e+05, 1.000000000000000e-10, 1.036282854819589e+12, 6.853688637906959e+04, 4.609323522009519e+02, 0.000000000000000e+00, -7.622702497609340e-02, 0.000000000000000e+00, 0.000000000000000e+00, 2.525250314293307e-05, 2.359479390019169e-03, 2.064601587162084e-04, -6.291600535587206e+01, 1.214035065066922e-01, 4.998542836476529e-23
2419, 7.290960257407268e-01, -2.370092249264710e-02, 5.179686535395390e-01, 0.000000000000000e+00, 0.000000000000000e+00, 1.713334068710554e+05, 1.000000000000000e-10, 1.036302577329656e+12, 6.853336274842212e+04, 4.609235619940200e+02, 0.000000000000000e+00, -7.624433559177704e-02, 0.000000000000000e+00, 0.000000000000000e+00, 2.525216929593068e-05, 2.357332746838821e-03, 2.062712368008842e-04, -6.443090431904730e+01, 1.213479072501672e-01, 4.998285829125543e-23
2420, 7.320841608694785e-01, -2.343945590515764e-02, 5.179565296808503e-01, 0.000000000000000e+00, 0.000000000000000e+00, 1.713266663227461e+05, 1.000000000000000e-10, 1.036315281642723e+12, 6.853066652909838e+04, 4.609162169333589e+02, 0.000000000000000e+00, -7.625758136614490e-02, 0.000000000000000e+00, 0.000000000000000e+00, 2.525189033215638e-05, 2.355282903469566e-03, 2.060895135138122e-04, -6.591216507963668e+01, 1.212950512350220e-01, 4.998107327496900e-23
2421, 7.350722963251546e-01, -2.317799308337857e-02, 5.179465343575381e-01, 0.000000000000000e+00, 0.000000000000000e+00, 1.713208705081831e+05, 1.000000000000000e-10, 1.036324743064697e+12, 6.852834820327321e+04, 4.609095190381558e+02, 0.000000000000000e+00, -7.626897065503581e-02, 0.000000000000000e+00, 0.000000000000000e+00, 2.525163594552236e-05, 2.353310868705608e-03, 2.059133285400706e-04, -6.730635775553573e+01, 1.212443049814215e-01, 4.997965025691281e-23
2422, 7.380604322757957e-01, -2.291653564251910e-02, 5.179387564077483e-01, 0.000000000000000e+00, 0.000000000000000e+00, 1.713160544943411e+05, 1.000000000000000e-10, 1.036330803534659e+12, 6.852642179773642e+04, 4.609034837162626e+02, 0.000000000000000e+00, -7.627843454873938e-02, 0.000000000000000e+00, 0.000000000000000e+00, 2.525140672179611e-05, 2.351411895869715e-03, 2.057422672434811e-04, -6.861906388439284e+01, 1.211955560645375e-01, 4.997860529143543e-23
2423, 7.410485688115969e-01, -2.265508518570857e-02, 5.179315779809964e-01, 0.000000000000000e+00, 0.000000000000000e+00, 1.713115077556485e+05, 1.000000000000000e-10, 1.036335970905104e+12, 6.852460310225938e+04, 4.608976391686489e+02, 0.000000000000000e+00, -7.628736929292748e-02, 0.000000000000000e+00, 0.000000000000000e+00, 2.525118474222565e-05, 2.349570860270620e-03, 2.055750137124635e-04, -6.983248216888157e+01, 1.211483134521109e-01, 4.997766144816228e-23
2424, 7.440367061048391e-01, -2.239364331561412e-02, 5.179259413574742e-01, 0.000000000000000e+00, 0.000000000000000e+00, 1.713076479478934e+05, 1.000000000000000e-10, 1.036338798751540e+12, 6.852305917915734e+04, 4.608922705833437e+02, 0.000000000000000e+00, -7.629495415698914e-02, 0.000000000000000e+00, 0.000000000000000e+00, 2.525098083868242e-05, 2.347790612708706e-03, 2.054118133752639e-04, -7.098219514928083e+01, 1.211027105609176e-01, 4.997697928122953e-23
2425, 7.470248442638446e-01, -2.213221165038083e-02, 5.179206012374168e-01, 0.000000000000000e+00, 0.000000000000000e+00, 1.713039386295138e+05, 1.000000000000000e-10, 1.036341262068859e+12, 6.852157545180549e+04, 4.608870429150568e+02, 0.000000000000000e+00, -7.630224329610071e-02, 0.000000000000000e+00, 0.000000000000000e+00, 2.525078228607678e-05, 2.346063336323632e-03, 2.052522286996541e-04, -7.204639388254071e+01, 1.210584634119969e-01, 4.997634349695401e-23
2426, 7.500129834409247e-01, -2.187079117280667e-02, 5.179149551415450e-01, 0.000000000000000e+00, 0.000000000000000e+00, 1.713001583157869e+05, 1.000000000000000e-10, 1.036344470095551e+12, 6.852006332631473e+04, 4.608818964080281e+02, 0.000000000000000e+00, -7.630967194735697e-02, 0.000000000000000e+00, 0.000000000000000e+00, 2.525058681489564e-05, 2.344384274279414e-03, 2.050970581499776e-04, -7.303059035902903e+01, 1.210153939252033e-01, 4.997564239342484e-23
2427, 7.530011234444305e-01, -2.160938043534983e-02, 5.179110052257617e-01, 0.000000000000000e+00, 0.000000000000000e+00, 1.712972171574633e+05, 1.000000000000000e-10, 1.036345441742167e+12, 6.851888686298530e+04, 4.608774981573117e+02, 0.000000000000000e+00, -7.631545158393051e-02, 0.000000000000000e+00, 0.000000000000000e+00, 2.525041976256470e-05, 2.342769052890545e-03, 2.049488809024499e-04, -7.398174738961590e+01, 1.209740221036688e-01, 4.997521261431270e-23
2428, 7.559892641520154e-01, -2.134797735034058e-02, 5.179107776817614e-01, 0.000000000000000e+00, 0.000000000000000e+00, 1.712960059329431e+05, 1.000000000000000e-10, 1.036341040385652e+12, 6.851840237317720e+04, 4.608744418262349e+02, 0.000000000000000e+00, -7.631783174737826e-02, 0.000000000000000e+00, 0.000000000000000e+00, 2.525030367790771e-05, 2.341239178496960e-03, 2.048098233518814e-04, -7.492630139306883e+01, 1.209350341453940e-01, 4.997540076917191e-23
2429, 7.589774053202198e-01, -2.108657984046688e-02, 5.179116092518855e-01, 0.000000000000000e+00, 0.000000000000000e+00, 1.712953324682346e+05, 1.000000000000000e-10, 1.036335307550177e+12, 6.851813298729379e+04, 4.608718898723585e+02, 0.000000000000000e+00, -7.631915516517225e-02, 0.000000000000000e+00, 0.000000000000000e+00, 2.525020675004185e-05, 2.339781265840898e-03, 2.046787164234851e-04, -7.579549361406542e+01, 1.208979277032898e-01, 4.997575537151066e-23
2430, 7.619655468083077e-01, -2.082518580527954e-02, 5.179112484597971e-01, 0.000000000000000e+00, 0.000000000000000e+00, 1.712941880395535e+05, 1.000000000000000e-10, 1.036331651130528e+12, 6.851767521582136e+04, 4.608691318296422e+02, 0.000000000000000e+00, -7.632140406888066e-02, 0.000000000000000e+00, 0.000000000000000e+00, 2.525010199422488e-05, 2.338374191016859e-03, 2.045537030729000e-04, -7.655750594478145e+01, 1.208620250260109e-01, 4.997589504172298e-23
2431, 7.649536884214894e-01, -2.056379317797593e-02, 5.179073332878451e-01, 0.000000000000000e+00, 0.000000000000000e+00, 1.712915184012860e+05, 1.000000000000000e-10, 1.036333661094152e+12, 6.851660736051435e+04, 4.608654330665617e+02, 0.000000000000000e+00, -7.632665014449837e-02, 0.000000000000000e+00, 0.000000000000000e+00, 2.524996150749892e-05, 2.336993144450455e-03, 2.044326107331632e-04, -7.718553695731201e+01, 1.208265440529770e-01, 4.997541892011003e-23
2432, 7.679418299811644e-01, -2.030239985941188e-02, 5.178999003305601e-01, 0.000000000000000e+00, 0.000000000000000e+00, 1.712873373537649e+05, 1.000000000000000e-10, 1.036341267482405e+12, 6.851493494150591e+04, 4.608607980522299e+02, 0.000000000000000e+00, -7.633486627314903e-02, 0.000000000000000e+00, 0.000000000000000e+00, 2.524978545915411e-05, 2.335629936758670e-03, 2.043147243339302e-04, -7.770593519326380e+01, 1.207912772811007e-01, 4.997433383573297e-23
2433, 7.709299712857337e-01, -2.004100377254290e-02, 5.178892071598638e-01, 0.000000000000000e+00, 0.000000000000000e+00, 1.712817616595690e+05, 1.000000000000000e-10, 1.036354085025566e+12, 6.851270466382758e+04, 4.608553116103148e+02, 0.000000000000000e+00, -7.634582300602485e-02, 0.000000000000000e+00, 0.000000000000000e+00, 2.524957707044423e-05, 2.334282555667280e-03, 2.041998581990077e-04, -7.813707846155305e+01, 1.207561878398227e-01, 4.997268319166822e-23
2434, 7.739181121643940e-01, -1.977960283494288e-02, 5.178766479886465e-01, 0.000000000000000e+00, 0.000000000000000e+00, 1.712754094142556e+05, 1.000000000000000e-10, 1.036369974638646e+12, 6.851016376570219e+04, 4.608493960047127e+02, 0.000000000000000e+00, -7.635830573061785e-02, 0.000000000000000e+00, 0.000000000000000e+00, 2.524935237955241e-05, 2.332958503355346e-03, 2.040885783429536e-04, -7.851342297692469e+01, 1.207215559961928e-01, 4.997070454426964e-23
2435, 7.769062524340580e-01, -1.951819519211377e-02, 5.178635228960754e-01, 0.000000000000000e+00, 0.000000000000000e+00, 1.712688253251527e+05, 1.000000000000000e-10, 1.036386813174385e+12, 6.850753013006103e+04, 4.608433598859523e+02, 0.000000000000000e+00, -7.637124404878909e-02, 0.000000000000000e+00, 0.000000000000000e+00, 2.524912310966047e-05, 2.331664730412045e-03, 2.039805422903822e-04, -7.885115750127675e+01, 1.206876555393127e-01, 4.996862566714897e-23
2436, 7.798943921513762e-01, -1.925678117163779e-02, 5.178513404782584e-01, 0.000000000000000e+00, 0.000000000000000e+00, 1.712626363491533e+05, 1.000000000000000e-10, 1.036402114831164e+12, 6.850505453966126e+04, 4.608375477520494e+02, 0.000000000000000e+00, -7.638340593472095e-02, 0.000000000000000e+00, 0.000000000000000e+00, 2.524890234587638e-05, 2.330409587738897e-03, 2.038751561078475e-04, -7.917030320143741e+01, 1.206548135814649e-01, 4.996671190823864e-23
2437, 7.828825314450548e-01, -1.899536228637843e-02, 5.178406208009070e-01, 0.000000000000000e+00, 0.000000000000000e+00, 1.712570648766842e+05, 1.000000000000000e-10, 1.036415049534462e+12, 6.850282595067364e+04, 4.608320952642630e+02, 0.000000000000000e+00, -7.639435437152979e-02, 0.000000000000000e+00, 0.000000000000000e+00, 2.524869524127802e-05, 2.329198096116114e-03, 2.037723950029108e-04, -7.947847182694869e+01, 1.206231957628685e-01, 4.996505343689722e-23
2438, 7.858706704577867e-01, -1.873394005059623e-02, 5.178315271491846e-01, 0.000000000000000e+00, 0.000000000000000e+00, 1.712521853106874e+05, 1.000000000000000e-10, 1.036425375168782e+12, 6.850087412427491e+04, 4.608270573937697e+02, 0.000000000000000e+00, -7.640394315084574e-02, 0.000000000000000e+00, 0.000000000000000e+00, 2.524850388413987e-05, 2.328028400959058e-03, 2.036720981124583e-04, -7.978269039884860e+01, 1.205927638770038e-01, 4.996367764438001e-23
2439, 7.888588093072808e-01, -1.847251597977790e-02, 5.178294203290639e-01, 0.000000000000000e+00, 0.000000000000000e+00, 1.712503973016659e+05, 1.000000000000000e-10, 1.036424961450699e+12, 6.850015892066630e+04, 4.608241208757734e+02, 0.000000000000000e+00, -7.640745674691830e-02, 0.000000000000000e+00, 0.000000000000000e+00, 2.524839234370521e-05, 2.326946287205862e-03, 2.035782678000385e-04, -8.018782710909409e+01, 1.205650229163677e-01, 4.996349304770137e-23
2440, 7.918469481308914e-01, -1.821109160184944e-02, 5.178272871374642e-01, 0.000000000000000e+00, 0.000000000000000e+00, 1.712485977160677e+05, 1.000000000000000e-10, 1.036424597405252e+12, 6.849943908642705e+04, 4.608211766502287e+02, 0.000000000000000e+00, -7.641099309198912e-02, 0.000000000000000e+00, 0.000000000000000e+00, 2.524828051012835e-05, 2.325920620563719e-03, 2.034881851817846e-04, -8.050473799807243e+01, 1.205387336271250e-01, 4.996330370704428e-23
2441, 7.948350870583519e-01, -1.794966842300574e-02, 5.178181802113854e-01, 0.000000000000000e+00, 0.000000000000000e+00, 1.712436558724635e+05, 1.000000000000000e-10, 1.036434726943362e+12, 6.849746234898535e+04, 4.608159826825755e+02, 0.000000000000000e+00, -7.642070425231896e-02, 0.000000000000000e+00, 0.000000000000000e+00, 2.524808322133418e-05, 2.324877825858818e-03, 2.033954154134584e-04, -8.062513899568540e+01, 1.205115881457327e-01, 4.996193657013706e-23
2442, 7.978232262289949e-01, -1.768824796986585e-02, 5.178102623415026e-01, 0.000000000000000e+00, 0.000000000000000e+00, 1.712391845173601e+05, 1.000000000000000e-10, 1.036442794611765e+12, 6.849567380694397e+04, 4.608109964668607e+02, 0.000000000000000e+00, -7.642949086107848e-02, 0.000000000000000e+00, 0.000000000000000e+00, 2.524789382272252e-05, 2.323860458385495e-03, 2.033036772937817e-04, -8.077567269431587e+01, 1.204851938096279e-01, 4.996078344938984e-23
2443, 8.008113657638123e-01, -1.742683176430345e-02, 5.177956198751356e-01, 0.000000000000000e+00, 0.000000000000000e+00, 1.712316932262652e+05, 1.000000000000000e-10, 1.036461022210676e+12, 6.849267729050602e+04, 4.608038675831841e+02, 0.000000000000000e+00, -7.644421191150536e-02, 0.000000000000000e+00, 0.000000000000000e+00, 2.524762303417581e-05, 2.322809256528504e-03, 2.032079749843133e-04, -8.078621639436514e+01, 1.204575202656108e-01, 4.995849267778740e-23
2444, 8.037995057797641e-01, -1.716542085350290e-02, 5.177953041050517e-01, 0.000000000000000e+00, 0.000000000000000e+00, 1.712306090514745e+05, 1.000000000000000e-10, 1.036457496236442e+12, 6.849224362058978e+04, 4.608012309589981e+02, 0.000000000000000e+00, -7.644634241098291e-02, 0.000000000000000e+00, 0.000000000000000e+00, 2.524752288221853e-05, 2.321895649641166e-03, 2.031245513874869e-04, -8.110780841536865e+01, 1.204342619088083e-01, 4.995863103107809e-23
2445, 8.067876461017451e-01, -1.690401358218744e-02, 5.177708430635936e-01, 0.000000000000000e+00, 0.000000000000000e+00, 1.712189523359069e+05, 1.000000000000000e-10, 1.036491579639190e+12, 6.848758093436269e+04, 4.607916295436875e+02, 0.000000000000000e+00, -7.646924888938710e-02, 0.000000000000000e+00, 0.000000000000000e+00, 2.524715817065680e-05, 2.320856926751303e-03, 2.030318742917894e-04, -8.089332444718858e+01, 1.204062113186849e-01, 4.995463002425521e-23
2446, 8.097757865089270e-01, -1.664260729108555e-02, 5.177682192619859e-01, 0.000000000000000e+00, 0.000000000000000e+00, 1.712170784978455e+05, 1.000000000000000e-10, 1.036492561307383e+12, 6.848683139913816e+04, 4.607889216380196e+02, 0.000000000000000e+00, -7.647293114712388e-02, 0.000000000000000e+00, 0.000000000000000e+00, 2.524705530962164e-05, 2.319960889471435e-03, 2.029537723949275e-04, -8.123264528817647e+01, 1.203831519179232e-01, 4.995432840293371e-23
2447, 8.127639267475449e-01, -1.638119929361028e-02, 5.177698250942334e-01, 0.000000000000000e+00, 0.000000000000000e+00, 1.712171443173837e+05, 1.000000000000000e-10, 1.036487333539733e+12, 6.848685772695344e+04, 4.607876696652989e+02, 0.000000000000000e+00, -7.647280180590234e-02, 0.000000000000000e+00, 0.000000000000000e+00, 2.524700775275666e-05, 2.319167785689361e-03, 2.028867713660521e-04, -8.151913085200979e+01, 1.203629917542567e-01, 4.995473384370249e-23
2448, 8.157520666297288e-01, -1.611978691302990e-02, 5.177731212104548e-01, 0.000000000000000e+00, 0.000000000000000e+00, 1.712180034083638e+05, 1.000000000000000e-10, 1.036479699457076e+12, 6.848720136334549e+04, 4.607870483269627e+02, 0.000000000000000e+00, -7.647111361604568e-02, 0.000000000000000e+00, 0.000000000000000e+00, 2.524698415085639e-05, 2.318433070422799e-03, 2.028269623693043e-04, -8.174873907210630e+01, 1.203444302924328e-01, 4.995541820407564e-23
2449, 8.187402058852334e-01, -1.585836748999589e-02, 5.177858241703589e-01, 0.000000000000000e+00, 0.000000000000000e+00, 1.712231674891802e+05, 1.000000000000000e-10, 1.036458184024791e+12, 6.848926699567205e+04, 4.607896411201601e+02, 0.000000000000000e+00, -7.646096573991275e-02, 0.000000000000000e+00, 0.000000000000000e+00, 2.524708263951112e-05, 2.317841012345272e-03, 2.027817242018887e-04, -8.209020942440436e+01, 1.203300845696091e-01, 4.995767786306933e-23
2450, 8.217283442930371e-01, -1.559693833005109e-02, 5.177740266455633e-01, 0.000000000000000e+00, 0.000000000000000e+00, 1.712175320459091e+05, 1.000000000000000e-10, 1.036474533754299e+12, 6.848701281836358e+04, 4.607849740027683e+02, 0.000000000000000e+00, -7.647203988501296e-02, 0.000000000000000e+00, 0.000000000000000e+00, 2.524690535631557e-05, 2.317148334325641e-03, 2.027297681224174e-04, -8.183148812996953e+01, 1.203115967937864e-01, 4.995575164873102e-23
2451, 8.247164816176159e-01, -1.533549678054943e-02, 5.177464885133963e-01, 0.000000000000000e+00, 0.000000000000000e+00, 1.712049514488355e+05, 1.000000000000000e-10, 1.036515162692784e+12, 6.848198057953417e+04, 4.607756234169714e+02, 0.000000000000000e+00, -7.649676187239458e-02, 0.000000000000000e+00, 0.000000000000000e+00, 2.524655016594943e-05, 2.316350925249494e-03, 2.026706899664598e-04, -8.136500977884832e+01, 1.202894108610909e-01, 4.995113829787826e-23
2452, 8.277046176401205e-01, -1.507404025382324e-02, 5.176877290410820e-01, 0.000000000000000e+00, 0.000000000000000e+00, 1.711784274580372e+05, 1.000000000000000e-10, 1.036603270731103e+12, 6.847137098321483e+04, 4.607565292173227e+02, 0.000000000000000e+00, -7.654888386326623e-02, 0.000000000000000e+00, 0.000000000000000e+00, 2.524582484379295e-05, 2.315262453593519e-03, 2.025868579085855e-04, -8.044824904529594e+01, 1.202578012683401e-01, 4.994122912834645e-23
2453, 8.306927524066161e-01, -1.481256949026522e-02, 5.176775010016330e-01, 0.000000000000000e+00, 0.000000000000000e+00, 1.711731138601580e+05, 1.000000000000000e-10, 1.036615603266370e+12, 6.846924554406315e+04, 4.607513298817416e+02, 0.000000000000000e+00, -7.655932555366878e-02, 0.000000000000000e+00, 0.000000000000000e+00, 2.524562733637090e-05, 2.314423188682900e-03, 2.025227446633744e-04, -8.070336912977147e+01, 1.202357769460874e-01, 4.993964735415631e-23
2454, 8.336808863367284e-01, -1.455108907307068e-02, 5.176909681083932e-01, 0.000000000000000e+00, 0.000000000000000e+00, 1.711782866669663e+05, 1.000000000000000e-10, 1.036591525885427e+12, 6.847131466678649e+04, 4.607532674137408e+02, 0.000000000000000e+00, -7.654916053018884e-02, 0.000000000000000e+00, 0.000000000000000e+00, 2.524570093763484e-05, 2.313825261910532e-03, 2.024760545958463e-04, -8.125339553671446e+01, 1.202214705288118e-01, 4.994210353659668e-23
2455, 8.366690198400484e-01, -1.428960387525077e-02, 5.177319598978045e-01, 0.000000000000000e+00, 0.000000000000000e+00, 1.711957279652368e+05, 1.000000000000000e-10, 1.036525510902143e+12, 6.847829118609469e+04, 4.607637292311368e+02, 0.000000000000000e+00, -7.651488683449365e-02, 0.000000000000000e+00, 0.000000000000000e+00, 2.524609834912316e-05, 2.313538052526036e-03, 2.024527801456945e-04, -8.210841678941686e+01, 1.202168799685528e-01, 4.994923338049001e-23
2456, 8.396571533298598e-01, -1.402811869601924e-02, 5.177377895812248e-01, 0.000000000000000e+00, 0.000000000000000e+00, 1.711975444826244e+05, 1.000000000000000e-10, 1.036513340618536e+12, 6.847901779304972e+04, 4.607634300707099e+02, 0.000000000000000e+00, -7.651131721695711e-02, 0.000000000000000e+00, 0.000000000000000e+00, 2.524608698502753e-05, 2.313119674205285e-03, 2.024142612179287e-04, -8.195850761206019e+01, 1.202067360839734e-01, 4.995038146572439e-23
2457, 8.426452872742173e-01, -1.376663838798358e-02, 5.177151310883685e-01, 0.000000000000000e+00, 0.000000000000000e+00, 1.711865102206595e+05, 1.000000000000000e-10, 1.036543958058413e+12, 6.847460408826378e+04, 4.607538969320009e+02, 0.000000000000000e+00, -7.653300051890741e-02, 0.000000000000000e+00, 0.000000000000000e+00, 2.524572485118621e-05, 2.312455384228494e-03, 2.023504433192137e-04, -8.133726902590317e+01, 1.201885552702655e-01, 4.994672252130649e-23
2458, 8.456334220578294e-01, -1.350516779510797e-02, 5.176749217529466e-01, 0.000000000000000e+00, 0.000000000000000e+00, 1.711672959482342e+05, 1.000000000000000e-10, 1.036599808878137e+12, 6.846691837929365e+04, 4.607379652060432e+02, 0.000000000000000e+00, -7.657075826583062e-02, 0.000000000000000e+00, 0.000000000000000e+00, 2.524511964632620e-05, 2.311437589612832e-03, 2.022519355876504e-04, -8.065909066642288e+01, 1.201602955365916e-01, 4.994015637982408e-23
2459, 8.486215581074692e-01, -1.324371172578300e-02, 5.178322656937125e-01, 0.000000000000000e+00, 0.000000000000000e+00, 1.712363084576640e+05, 1.000000000000000e-10, 1.036355221831986e+12, 6.849452338306558e+04, 4.607836767665279e+02, 0.000000000000000e+00, -7.643514257308368e-02, 0.000000000000000e+00, 0.000000000000000e+00, 2.524685607986546e-05, 2.312098408250526e-03, 2.022966042716421e-04, -8.405441318469211e+01, 1.201874363340956e-01, 4.996710595927807e-23
2460, 8.516096958402355e-01, -1.298227487322184e-02, 5.176156153172895e-01, 0.000000000000000e+00, 0.000000000000000e+00, 1.711390257180090e+05, 1.000000000000000e-10, 1.036682571792417e+12, 6.845561028720357e+04, 4.607146499699416e+02, 0.000000000000000e+00, -7.662631177182226e-02, 0.000000000000000e+00, 0.000000000000000e+00, 2.524423394105239e-05, 2.310267467132780e-03, 2.021213215491105e-04, -7.880562046707799e+01, 1.201271466538784e-01, 4.993045618458582e-23
2461, 8.545978352773496e-01, -1.272085752958937e-02, 5.176842138150707e-01, 0.000000000000000e+00, 0.000000000000000e+00, 1.711675050739147e+05, 1.000000000000000e-10, 1.036569093494533e+12, 6.846700202956586e+04, 4.607302581904218e+02, 0.000000000000000e+00, -7.657034731534831e-02, 0.000000000000000e+00, 0.000000000000000e+00, 2.524482687284181e-05, 2.309739049669080e-03, 2.020615950097076e-04, -8.116807595380214e+01, 1.201185149217659e-01, 4.994253046361388e-23
2462, 8.575859760568230e-01, -1.245945533091829e-02, 5.177281997730613e-01, 0.000000000000000e+00, 0.000000000000000e+00, 1.711860227249753e+05, 1.000000000000000e-10, 1.036497521559354e+12, 6.847440908999009e+04, 4.607409543366070e+02, 0.000000000000000e+00, -7.653395849109929e-02, 0.000000000000000e+00, 0.000000000000000e+00, 2.524523319647493e-05, 2.309628269201169e-03, 2.020418940974930e-04, -8.208233715733675e+01, 1.201187811642851e-01, 4.995021879656282e-23
2463, 8.605741177501465e-01, -1.219806369017938e-02, 5.177031571964406e-01, 0.000000000000000e+00, 0.000000000000000e+00, 1.711741165429356e+05, 1.000000000000000e-10, 1.036532584520520e+12, 6.846964661717419e+04, 4.607311949051543e+02, 0.000000000000000e+00, -7.655735519321362e-02, 0.000000000000000e+00, 0.000000000000000e+00, 2.524486245682408e-05, 2.309027646088499e-03, 2.019829053840532e-04, -8.136241147637880e+01, 1.201020060697344e-01, 4.994611615074577e-23
2464, 8.635622599643482e-01, -1.193667805318116e-02, 5.177736954275517e-01, 0.000000000000000e+00, 0.000000000000000e+00, 1.712047459281667e+05, 1.000000000000000e-10, 1.036421587493441e+12, 6.848189837126664e+04, 4.607508584182357e+02, 0.000000000000000e+00, -7.649716573870964e-02, 0.000000000000000e+00, 0.000000000000000e+00, 2.524560942680441e-05, 2.309051761813381e-03, 2.019821377840050e-04, -8.282532779191513e+01, 1.201072547434013e-01, 4.995826135106386e-23
2465, 8.665504023173854e-01, -1.167529380131882e-02, 5.177830803043232e-01, 0.000000000000000e+00, 0.000000000000000e+00, 1.712085127175755e+05, 1.000000000000000e-10, 1.036405617725821e+12, 6.848340508703017e+04, 4.607526443590642e+02, 0.000000000000000e+00, -7.648976366393608e-02, 0.000000000000000e+00, 0.000000000000000e+00, 2.524567726959893e-05, 2.308865155112364e-03, 2.019665059119498e-04, -8.266987670958432e+01, 1.201031686505859e-01, 4.995993730177774e-23
2466, 8.695385443698186e-01, -1.141390638891296e-02, 5.177480763552713e-01, 0.000000000000000e+00, 0.000000000000000e+00, 1.711926597365566e+05, 1.000000000000000e-10, 1.036457934096096e+12, 6.847706389462260e+04, 4.607411288730392e+02, 0.000000000000000e+00, -7.652091617557129e-02, 0.000000000000000e+00, 0.000000000000000e+00, 2.524523982669775e-05, 2.308320970631812e-03, 2.019231556173181e-04, -8.175502238274849e+01, 1.200870451598654e-01, 4.995404256343211e-23
2467, 8.725266857428651e-01, -1.115251121454275e-02, 5.177125282216298e-01, 0.000000000000000e+00, 0.000000000000000e+00, 1.711767963207177e+05, 1.000000000000000e-10, 1.036511979796895e+12, 6.847071852828705e+04, 4.607300680320214e+02, 0.000000000000000e+00, -7.655208919255177e-02, 0.000000000000000e+00, 0.000000000000000e+00, 2.524481964908701e-05, 2.307738829042447e-03, 2.018796897511275e-04, -8.113263073776348e+01, 1.200697948493123e-01, 4.994801092977310e-23
2468, 8.755148261126560e-01, -1.089110463642439e-02, 5.176531165791306e-01, 0.000000000000000e+00, 0.000000000000000e+00, 1.711500074428357e+05, 1.000000000000000e-10, 1.036601125555036e+12, 6.846000297713422e+04, 4.607108348023865e+02, 0.000000000000000e+00, -7.660473171000122e-02, 0.000000000000000e+00, 0.000000000000000e+00, 2.524408900720307e-05, 2.306882997413139e-03, 2.018137449915569e-04, -8.008156603061835e+01, 1.200441347737445e-01, 4.993798784790946e-23
2469, 8.785029654834167e-01, -1.062968652126166e-02, 5.176772619342218e-01, 0.000000000000000e+00, 0.000000000000000e+00, 1.711599841367463e+05, 1.000000000000000e-10, 1.036560913042298e+12, 6.846399365469850e+04, 4.607162010100947e+02, 0.000000000000000e+00, -7.658512662293512e-02, 0.000000000000000e+00, 0.000000000000000e+00, 2.524429286311037e-05, 2.306520044619007e-03, 2.017906924589726e-04, -8.093683000442417e+01, 1.200365405617336e-01, 4.994224940274561e-23
2470, 8.814911039151596e-01, -1.036825757125024e-02, 5.177256902676114e-01, 0.000000000000000e+00, 0.000000000000000e+00, 1.711808361828862e+05, 1.000000000000000e-10, 1.036484047585417e+12, 6.847233447315443e+04, 4.607292281701746e+02, 0.000000000000000e+00, -7.654415050562233e-02, 0.000000000000000e+00, 0.000000000000000e+00, 2.524478774431896e-05, 2.306558904899331e-03, 2.018022496142578e-04, -8.186039939591090e+01, 1.200408315139411e-01, 4.995062071764195e-23
2471, 8.844792414524866e-01, -1.010681848077405e-02, 5.176955198406497e-01, 0.000000000000000e+00, 0.000000000000000e+00, 1.711669763860954e+05, 1.000000000000000e-10, 1.036528334701563e+12, 6.846679055443812e+04, 4.607187732033755e+02, 0.000000000000000e+00, -7.657138623373370e-02, 0.000000000000000e+00, 0.000000000000000e+00, 2.524439057725451e-05, 2.306156101186708e-03, 2.017746226420305e-04, -8.086955441143478e+01, 1.200287575948915e-01, 4.994557974514868e-23
2472, 8.874673781562361e-01, -9.845369949211997e-03, 5.176885659633469e-01, 0.000000000000000e+00, 0.000000000000000e+00, 1.711635061173453e+05, 1.000000000000000e-10, 1.036537268641630e+12, 6.846540244693807e+04, 4.607156210139134e+02, 0.000000000000000e+00, -7.657820561915318e-02, 0.000000000000000e+00, 0.000000000000000e+00, 2.524427082979975e-05, 2.305792986457955e-03, 2.017499217662128e-04, -8.069598564095287e+01, 1.200190869021420e-01, 4.994447663928991e-23
2473, 8.904555141047287e-01, -9.583912674778192e-03, 5.177135827236470e-01, 0.000000000000000e+00, 0.000000000000000e+00, 1.711741808118105e+05, 1.000000000000000e-10, 1.036497071076450e+12, 6.846967232472415e+04, 4.607220898507030e+02, 0.000000000000000e+00, -7.655722889918284e-02, 0.000000000000000e+00, 0.000000000000000e+00, 2.524451657177301e-05, 2.305692606925207e-03, 2.017476702638074e-04, -8.117311503599578e+01, 1.200182206736466e-01, 4.994882278719411e-23
2474, 8.934436493572109e-01, -9.322447341037796e-03, 5.177046126721326e-01, 0.000000000000000e+00, 0.000000000000000e+00, 1.711695231526300e+05, 1.000000000000000e-10, 1.036508028424318e+12, 6.846780926105198e+04, 4.607175360984144e+02, 0.000000000000000e+00, -7.656638161195259e-02, 0.000000000000000e+00, 0.000000000000000e+00, 2.524434358134628e-05, 2.305383216188366e-03, 2.017261089956596e-04, -8.081772076478437e+01, 1.200099632101968e-01, 4.994743149189102e-23
2475, 8.964317840694873e-01, -9.060975890198119e-03, 5.177031057251487e-01, 0.000000000000000e+00, 0.000000000000000e+00, 1.711681618905588e+05, 1.000000000000000e-10, 1.036507432876103e+12, 6.846726475622346e+04, 4.607152132050066e+02, 0.000000000000000e+00, -7.656905661247546e-02, 0.000000000000000e+00, 0.000000000000000e+00, 2.524425533765389e-05, 2.305106493774294e-03, 2.017045461767505e-04, -8.072479195954479e+01, 1.200030112285957e-01, 4.994731497441493e-23
2476, 8.994199187108645e-01, -8.799503736885705e-03, 5.176845277323903e-01, 0.000000000000000e+00, 0.000000000000000e+00, 1.711590652518839e+05, 1.000000000000000e-10, 1.036532319001692e+12, 6.846362610075354e+04, 4.607072614191127e+02, 0.000000000000000e+00, -7.658693231306578e-02, 0.000000000000000e+00, 0.000000000000000e+00, 2.524395325788322e-05, 2.304716549535389e-03, 2.016685881529734e-04, -8.023294474959839e+01, 1.199921393102427e-01, 4.994432535881909e-23
2477, 9.024080538247404e-01, -8.538037013308398e-03, 5.176702360253771e-01, 0.000000000000000e+00, 0.000000000000000e+00, 1.711517042886405e+05, 1.000000000000000e-10, 1.036549934624957e+12, 6.846068171545614e+04, 4.607001665237510e+02, 0.000000000000000e+00, -7.660139725772287e-02, 0.000000000000000e+00, 0.000000000000000e+00, 2.524368372811992e-05, 2.304330774991193e-03, 2.016282277059806e-04, -7.992696986627385e+01, 1.199817063927147e-01, 4.994209915650884e-23
2478, 9.053961899563582e-01, -8.276581857528460e-03, 5.176277947579574e-01, 0.000000000000000e+00, 0.000000000000000e+00, 1.711316086824056e+05, 1.000000000000000e-10, 1.036609673389680e+12, 6.845264347296223e+04, 4.606838431042717e+02, 0.000000000000000e+00, -7.664088690363226e-02, 0.000000000000000e+00, 0.000000000000000e+00, 2.524306360525545e-05, 2.303673982965732e-03, 2.015594134355097e-04, -7.910345018925935e+01, 1.199626098071577e-01, 4.993513131290428e-23
2479, 9.083843276515623e-01, -8.015144340138801e-03, 5.176618205816762e-01, 0.000000000000000e+00, 0.000000000000000e+00, 1.711454407844036e+05, 1.000000000000000e-10, 1.036552123787474e+12, 6.845817631376139e+04, 4.606907958066062e+02, 0.000000000000000e+00, -7.661370559824153e-02, 0.000000000000000e+00, 0.000000000000000e+00, 2.524332773820896e-05, 2.303472730170070e-03, 2.015257084978285e-04, -8.003294431740008e+01, 1.199600206038274e-01, 4.994118068528917e-23
2480, 9.113724674156117e-01, -7.753730627999577e-03, 5.177430078747344e-01, 0.000000000000000e+00, 0.000000000000000e+00, 1.711802067732344e+05, 1.000000000000000e-10, 1.036422502302784e+12, 6.847208270929371e+04, 4.607121235905257e+02, 0.000000000000000e+00, -7.654538735132838e-02, 0.000000000000000e+00, 0.000000000000000e+00, 2.524413796686094e-05, 2.303891718031184e-03, 2.015420168884868e-04, -8.142975549770618e+01, 1.199764406914478e-01, 4.995525278192683e-23
2481, 9.143606096758587e-01, -7.492345493628585e-03, 5.176187254528620e-01, 0.000000000000000e+00, 0.000000000000000e+00, 1.711239490915222e+05, 1.000000000000000e-10, 1.036608391000400e+12, 6.844957963660885e+04, 4.606712949710874e+02, 0.000000000000000e+00, -7.665593867804822e-02, 0.000000000000000e+00, 0.000000000000000e+00, 2.524258689668779e-05, 2.302904000174448e-03, 2.014359590062469e-04, -7.835711407469709e+01, 1.199436474548096e-01, 4.993432083491549e-23
2482, 9.173487538662904e-01, -7.230982396897755e-03, 5.176438156878365e-01, 0.000000000000000e+00, 0.000000000000000e+00, 1.711334665275948e+05, 1.000000000000000e-10, 1.036563111793793e+12, 6.845338661103787e+04, 4.606745862073452e+02, 0.000000000000000e+00, -7.663723607330569e-02, 0.000000000000000e+00, 0.000000000000000e+00, 2.524271193272934e-05, 2.302463565390364e-03, 2.013851907814729e-04, -7.944160540313895e+01, 1.199344620883448e-01, 4.993891897870140e-23
2483, 9.203368988794602e-01, -6.969628800290382e-03, 5.177559424382460e-01, 0.000000000000000e+00, 0.000000000000000e+00, 1.711828268181350e+05, 1.000000000000000e-10, 1.036389632724522e+12, 6.847313072725394e+04, 4.607076654717065e+02, 0.000000000000000e+00, -7.654023873106872e-02, 0.000000000000000e+00, 0.000000000000000e+00, 2.524396860747236e-05, 2.303168037333183e-03, 2.014442554785621e-04, -8.178542544135449e+01, 1.199598214931041e-01, 4.995808459095069e-23
2484, 9.233250436468206e-01, -6.708272275079210e-03, 5.176212873169719e-01, 0.000000000000000e+00, 0.000000000000000e+00, 1.711232998113082e+05, 1.000000000000000e-10, 1.036596917691441e+12, 6.844931992452325e+04, 4.606672670946687e+02, 0.000000000000000e+00, -7.665721457116867e-02, 0.000000000000000e+00, 0.000000000000000e+00, 2.524243387459801e-05, 2.302332401780116e-03, 2.013783377561458e-04, -7.844973439458114e+01, 1.199297676377020e-01, 4.993511926115836e-23
2485, 9.263131870482969e-01, -6.446900207120470e-03, 5.176317680123960e-01, 0.000000000000000e+00, 0.000000000000000e+00, 1.711272199515627e+05, 1.000000000000000e-10, 1.036577669840869e+12, 6.845088798062505e+04, 4.606684926625542e+02, 0.000000000000000e+00, -7.664951114840271e-02, 0.000000000000000e+00, 0.000000000000000e+00, 2.524248043492974e-05, 2.301873673661644e-03, 2.013551292308103e-04, -7.937165402439206e+01, 1.199188504239271e-01, 4.993705385402963e-23
2486, 9.293013279991107e-01, -6.185500099592599e-03, 5.177251651712674e-01, 0.000000000000000e+00, 0.000000000000000e+00, 1.711694345560070e+05, 1.000000000000000e-10, 1.036437719612707e+12, 6.846777382240277e+04, 4.606990082151428e+02, 0.000000000000000e+00, -7.656655571216292e-02, 0.000000000000000e+00, 0.000000000000000e+00, 2.524363972463352e-05, 2.301650646601686e-03, 2.013607035273823e-04, -8.071999517901143e+01, 1.199184077606818e-01, 4.995279618371037e-23
2487, 9.322894657425403e-01, -5.924063396883708e-03, 5.175941517605656e-01, 0.000000000000000e+00, 0.000000000000000e+00, 1.711115475112560e+05, 1.000000000000000e-10, 1.036639488849483e+12, 6.844461900450235e+04, 4.606597791039960e+02, 0.000000000000000e+00, -7.668030888154984e-02, 0.000000000000000e+00, 0.000000000000000e+00, 2.524214939824483e-05, 2.300368201594987e-03, 2.012740392156563e-04, -7.714076949266976e+01, 1.198769599961793e-01, 4.993044821148540e-23
2488, 9.352776009450584e-01, -5.662597464070121e-03, 5.175919524684255e-01, 0.000000000000000e+00, 0.000000000000000e+00, 1.711093301012906e+05, 1.000000000000000e-10, 1.036637544698945e+12, 6.844373204051620e+04, 4.606557668372263e+02, 0.000000000000000e+00, -7.668466628850465e-02, 0.000000000000000e+00, 0.000000000000000e+00, 2.524199696715316e-05, 2.299776208411601e-03, 2.012404370497513e-04, -7.733754468938170e+01, 1.198620443505937e-01, 4.993032762762115e-23
2489, 9.382657345930037e-01, -5.401113837272129e-03, 5.176844361032097e-01, 0.000000000000000e+00, 0.000000000000000e+00, 1.711496342631691e+05, 1.000000000000000e-10, 1.036492692565770e+12, 6.845985370526763e+04, 4.606819576544819e+02, 0.000000000000000e+00, -7.660546504109451e-02, 0.000000000000000e+00, 0.000000000000000e+00, 2.524299197670913e-05, 2.300264362469683e-03, 2.012923541556424e-04, -7.908380013326831e+01, 1.198807691588762e-01, 4.994621726042169e-23
2490, 9.412538677121822e-01, -5.139624180545037e-03, 5.175700890592106e-01, 0.000000000000000e+00, 0.000000000000000e+00, 1.710981489560467e+05, 1.000000000000000e-10, 1.036664832453482e+12, 6.843925958241863e+04, 4.606451232091788e+02, 0.000000000000000e+00, -7.670663822910627e-02, 0.000000000000000e+00, 0.000000000000000e+00, 2.524159259883571e-05, 2.299515022965308e-03, 2.012269812334575e-04, -7.606881559304095e+01, 1.198546476851604e-01, 4.992690632711109e-23
2491, 9.442420013059206e-01, -4.878140037285590e-03, 5.175845563029507e-01, 0.000000000000000e+00, 0.000000000000000e+00, 1.711023171874747e+05, 1.000000000000000e-10, 1.036633187857244e+12, 6.844092687498983e+04, 4.606434692624610e+02, 0.000000000000000e+00, -7.669844728521349e-02, 0.000000000000000e+00, 0.000000000000000e+00, 2.524152976232975e-05, 2.299187647928411e-03, 2.011900452947008e-04, -7.665863311173970e+01, 1.198480702742314e-01, 4.992982413283176e-23
2492, 9.472301362832745e-01, -4.616671760548069e-03, 5.176919640962832e-01, 0.000000000000000e+00, 0.000000000000000e+00, 1.711485717888808e+05, 1.000000000000000e-10, 1.036462724012537e+12, 6.845942871555229e+04, 4.606723988586421e+02, 0.000000000000000e+00, -7.660755289716334e-02, 0.000000000000000e+00, 0.000000000000000e+00, 2.524262883409171e-05, 2.299932783351696e-03, 2.012418527555703e-04, -7.877177383273830e+01, 1.198746759944348e-01, 4.994838793724376e-23
2493, 9.502182729279988e-01, -4.355222157900922e-03, 5.175878405887959e-01, 0.000000000000000e+00, 0.000000000000000e+00, 1.711002000813827e+05, 1.000000000000000e-10, 1.036613275295569e+12, 6.844008003255304e+04, 4.606348466504036e+02, 0.000000000000000e+00, -7.670260758617420e-02, 0.000000000000000e+00, 0.000000000000000e+00, 2.524120217134935e-05, 2.299450530706925e-03, 2.011852633492457e-04, -7.572610687733025e+01, 1.198567945421945e-01, 4.993110259253448e-23
2494, 9.532064111683153e-01, -4.093791002498101e-03, 5.176157216102002e-01, 0.000000000000000e+00, 0.000000000000000e+00, 1.711105409175991e+05, 1.000000000000000e-10, 1.036562035961536e+12, 6.844421636703960e+04, 4.606378728978589e+02, 0.000000000000000e+00, -7.668228692722913e-02, 0.000000000000000e+00, 0.000000000000000e+00, 2.524131714516073e-05, 2.299389147758847e-03, 2.011656770965046e-04, -7.657327557090753e+01, 1.198578447369954e-01, 4.993625796040475e-23
2495, 9.561945509971722e-01, -3.832378068863605e-03, 5.175861073563055e-01, 0.000000000000000e+00, 0.000000000000000e+00, 1.710960662430320e+05, 1.000000000000000e-10, 1.036601874978609e+12, 6.843842649721277e+04, 4.606252600410904e+02, 0.000000000000000e+00, -7.671073094462419e-02, 0.000000000000000e+00, 0.000000000000000e+00, 2.524083795227967e-05, 2.299140677192650e-03, 2.011299405144111e-04, -7.603918678329833e+01, 1.198501837275391e-01, 4.993148648783360e-23
2496, 9.591826923799919e-01, -3.570983026228631e-03, 5.176005019612794e-01, 0.000000000000000e+00, 0.000000000000000e+00, 1.711016403850469e+05, 1.000000000000000e-10, 1.036576399356682e+12, 6.844065615401871e+04, 4.606274562342731e+02, 0.000000000000000e+00, -7.669977726192145e-02, 0.000000000000000e+00, 0.000000000000000e+00, 2.524092139146270e-05, 2.299060936146036e-03, 2.011114278683726e-04, -7.672180343625142e+01, 1.198493495705598e-01, 4.993410079602852e-23
2497, 9.621708348046608e-01, -3.309599854952740e-03, 5.176454078203734e-01, 0.000000000000000e+00, 0.000000000000000e+00, 1.711214950392837e+05, 1.000000000000000e-10, 1.036507288520867e+12, 6.844859801571345e+04, 4.606409433223423e+02, 0.000000000000000e+00, -7.666076110802665e-02, 0.000000000000000e+00, 0.000000000000000e+00, 2.524143379694439e-05, 2.299326191183302e-03, 2.011311224823729e-04, -7.787606044936651e+01, 1.198590211757240e-01, 4.994175785907869e-23
2498, 9.651589769811111e-01, -3.048213862503057e-03, 5.176525952935974e-01, 0.000000000000000e+00, 0.000000000000000e+00, 1.711248969309999e+05, 1.000000000000000e-10, 1.036497168866085e+12, 6.844995877239991e+04, 4.606437048463495e+02, 0.000000000000000e+00, -7.665407608953435e-02, 0.000000000000000e+00, 0.000000000000000e+00, 2.524153871260630e-05, 2.299492667409800e-03, 2.011537617747164e-04, -7.788604738109267e+01, 1.198637123334836e-01, 4.994293812670257e-23
2499, 9.681471175767816e-01, -2.786809859542290e-03, 5.176317469981694e-01, 0.000000000000000e+00, 0.000000000000000e+00, 1.711159230806891e+05, 1.000000000000000e-10, 1.036530230959080e+12, 6.844636923227558e+04, 4.606381005816188e+02, 0.000000000000000e+00, -7.667171050011536e-02, 0.000000000000000e+00, 0.000000000000000e+00, 2.524132579535239e-05, 2.299505823727971e-03, 2.011746239484065e-04, -7.752950546356918e+01, 1.198626971260150e-01, 4.993933498888938e-23
2500, 9.711352552890273e-01, -2.525373029137854e-03, 5.176235513912838e-01, 0.000000000000000e+00, 0.000000000000000e+00, 1.711124451807772e+05, 1.000000000000000e-10, 1.036543385958848e+12, 6.844497807231083e+04, 4.606360313962292e+02, 0.000000000000000e+00, -7.667854488144350e-02, 0.000000000000000e+00, 0.000000000000000e+00, 2.524124718250255e-05, 2.299540537613234e-03, 2.012036520129299e-04, -7.752986118495886e+01, 1.198630850825921e-01, 4.993790988831562e-23
2501, 9.741233900223553e-01, -2.263901990859219e-03, 5.176212166155064e-01, 0.000000000000000e+00, 0.000000000000000e+00, 1.711112235144411e+05, 1.000000000000000e-10, 1.036546136384141e+12, 6.844448940577642e+04, 4.606348203852447e+02, 0.000000000000000e+00, -7.668094556398401e-02, 0.000000000000000e+00, 0.000000000000000e+00, 2.524120117347632e-05, 2.299600514271558e-03, 2.012309069544911e-04, -7.747977676469753e+01, 1.198646461739930e-01, 4.993755132854593e-23
2502, 9.771115227900083e-01, -2.002408400298383e-03, 5.176180845036977e-01, 0.000000000000000e+00, 0.000000000000000e+00, 1.711090117702390e+05, 1.000000000000000e-10, 1.036547464859298e+12, 6.844360470809555e+04, 4.606316535953417e+02, 0.000000000000000e+00, -7.668529183721239e-02, 0.000000000000000e+00, 0.000000000000000e+00, 2.524108085971397e-05, 2.299580217682605e-03, 2.012416420415917e-04, -7.722815408432940e+01, 1.198643542090574e-01, 4.993718502723730e-23
2503, 9.800996547119116e-01, -1.740905093358737e-03, 5.176297788277510e-01, 0.000000000000000e+00, 0.000000000000000e+00, 1.711126141937657e+05, 1.000000000000000e-10, 1.036522910599022e+12, 6.844504567750623e+04, 4.606309446119094e+02, 0.000000000000000e+00, -7.667821275595335e-02, 0.000000000000000e+00, 0.000000000000000e+00, 2.524105392371331e-05, 2.299545755462987e-03, 2.012317222808324e-04, -7.724364781449358e+01, 1.198649223330839e-01, 4.993949554512838e-23
2504, 9.830877890593348e-01, -1.479429307002065e-03, 5.176746258812740e-01, 0.000000000000000e+00, 0.000000000000000e+00, 1.711248848784294e+05, 1.000000000000000e-10, 1.036422414521103e+12, 6.844995395137170e+04, 4.606240688711003e+02, 0.000000000000000e+00, -7.665409977390282e-02, 0.000000000000000e+00, 0.000000000000000e+00, 2.524079269649531e-05, 2.299643904009216e-03, 2.011894776404872e-04, -7.596071552799022e+01, 1.198737984122432e-01, 4.994866536494730e-23
2505, 9.860759324415171e-01, -1.218057102607821e-03, 5.175660766476602e-01, 0.000000000000000e+00, 0.000000000000000e+00, 1.710711154861923e+05, 1.000000000000000e-10, 1.036565414252959e+12, 6.842844619447687e+04, 4.605759119509195e+02, 0.000000000000000e+00, -7.675976139144232e-02, 0.000000000000000e+00, 0.000000000000000e+00, 2.523896303215154e-05, 2.298444591288906e-03, 2.009900910296048e-04, -7.320786651560044e+01, 1.198384438232814e-01, 4.993131917831171e-23
2506, 9.890640880804059e-01, -9.568250689805558e-04, 5.176912271976933e-01, 0.000000000000000e+00, 0.000000000000000e+00, 1.711302187087014e+05, 1.000000000000000e-10, 1.036388516351915e+12, 6.845208748348053e+04, 4.606236544191273e+02, 0.000000000000000e+00, -7.664361832505655e-02, 0.000000000000000e+00, 0.000000000000000e+00, 2.524077695032418e-05, 2.299275678190713e-03, 2.010383263221629e-04, -7.798636645415175e+01, 1.198659283838431e-01, 4.995190098175434e-23
2507, 9.920522369786038e-01, -6.955159070810306e-04, 5.177292451598978e-01, 0.000000000000000e+00, 0.000000000000000e+00, 1.711753978919369e+05, 1.000000000000000e-10, 1.036449216709045e+12, 6.847015915677469e+04, 4.607114277252307e+02, 0.000000000000000e+00, -7.655483722895044e-02, 0.000000000000000e+00, 0.000000000000000e+00, 2.524411153170525e-05, 2.308046344128969e-03, 2.019130899287976e-04, -6.993113209173983e+01, 1.200831161813838e-01, 4.995264034886756e-23
2508, 9.950403678958516e-01, -4.340066572596342e-04, 5.144511413016243e-01, 0.000000000000000e+00, 0.000000000000000e+00, 1.707869762673787e+05, 1.000000000000000e-10, 1.046023501131937e+12, 6.831479050695142e+04, 4.625950178874343e+02, 0.000000000000000e+00, -7.731812011965483e-02, 0.000000000000000e+00, 0.000000000000000e+00, 2.531558946129770e-05, 2.473454790907199e-03, 2.164657406239829e-04, 2.284385203327757e+02, 1.235677297270597e-01, 4.918233450802318e-23
